customer_id,signup_date,plan,monthly_revenue,tenure_months,country,age_group,acquisition_channel,support_tickets,login_frequency,payment_failures,last_login_date,contract_type,churned,churn_reason
CUST00001,2022-04-24,Basic,30,52,USA,36-45,Organic,3,15,1,2026-07-25,Monthly,0,Not Churned
CUST00002,2026-02-02,Premium,97,6,India,46-55,Referral,8,14,0,2026-08-05,Monthly,0,Not Churned
CUST00003,2024-11-09,Standard,55,21,UK,26-35,Organic,5,13,0,2026-06-30,Monthly,1,Competitor
CUST00004,2021-10-26,Standard,58,58,USA,46-55,Partner,3,12,0,2026-06-26,Monthly,0,Not Churned
CUST00005,2022-11-20,Basic,37,45,India,26-35,Organic,6,8,4,2026-08-14,Monthly,0,Not Churned
CUST00006,2026-03-04,Basic,34,5,India,46-55,Organic,4,7,0,2026-07-06,Monthly,0,Not Churned
CUST00007,2026-05-03,Basic,34,3,UK,26-35,Paid Ads,2,10,1,2026-08-30,Monthly,0,Not Churned
CUST00008,2024-12-09,Premium,96,20,Australia,26-35,Social Media,5,12,0,2026-08-12,Monthly,0,Not Churned
CUST00009,2024-02-13,Standard,68,30,USA,36-45,Organic,2,13,1,2026-08-08,Annual,0,Not Churned
CUST00010,2025-08-06,Standard,67,12,USA,26-35,Paid Ads,2,9,2,2026-07-11,Monthly,0,Not Churned
CUST00011,2023-09-16,Basic,32,35,India,26-35,Organic,2,5,0,2026-06-02,Monthly,0,Not Churned
CUST00012,2023-12-15,Premium,99,32,UK,26-35,Organic,2,11,0,2026-08-22,Annual,0,Not Churned
CUST00013,2025-01-08,Premium,94,19,India,36-45,Referral,3,11,0,2026-06-23,Monthly,0,Not Churned
CUST00014,2025-05-08,Basic,26,15,USA,46-55,Organic,3,8,0,2026-06-22,Monthly,0,Not Churned
CUST00015,2025-10-05,Basic,35,10,UK,36-45,Referral,5,10,0,2026-08-21,Monthly,0,Not Churned
CUST00016,2021-11-25,Basic,27,57,Australia,46-55,Social Media,2,15,0,2026-06-09,Annual,0,Not Churned
CUST00017,2024-06-12,Basic,32,26,USA,36-45,Social Media,3,11,0,2026-06-04,Annual,0,Not Churned
CUST00018,2026-02-02,Standard,64,6,Canada,18-25,Organic,2,20,1,2026-08-30,Monthly,1,Competitor
CUST00019,2022-08-22,Standard,59,48,USA,18-25,Paid Ads,5,17,1,2026-06-23,Monthly,0,Not Churned
CUST00020,2022-09-21,Basic,27,47,Germany,36-45,Partner,2,9,1,2026-07-09,Monthly,1,Pricing
CUST00021,2024-06-12,Standard,54,26,USA,26-35,Social Media,5,20,0,2026-06-26,Monthly,0,Not Churned
CUST00022,2026-06-02,Basic,31,2,India,26-35,Organic,1,11,2,2026-06-27,Monthly,0,Not Churned
CUST00023,2022-07-23,Basic,37,49,Australia,26-35,Paid Ads,1,12,1,2026-06-05,Annual,0,Not Churned
CUST00024,2022-08-22,Basic,34,48,India,36-45,Partner,4,11,0,2026-06-16,Monthly,0,Not Churned
CUST00025,2023-12-15,Standard,55,32,India,26-35,Paid Ads,2,8,0,2026-08-27,Monthly,0,Not Churned
CUST00026,2026-05-03,Standard,64,3,India,46-55,Social Media,2,15,2,2026-08-27,Monthly,1,Payment Issues
CUST00027,2025-01-08,Basic,38,19,Australia,36-45,Paid Ads,3,15,0,2026-08-29,Annual,0,Not Churned
CUST00028,2023-08-17,Standard,64,36,India,36-45,Organic,4,13,3,2026-06-30,Monthly,0,Not Churned
CUST00029,2024-12-09,Standard,61,20,Australia,56+,Organic,4,10,1,2026-07-28,Annual,0,Not Churned
CUST00030,2024-02-13,Basic,29,30,USA,26-35,Organic,3,15,1,2026-07-29,Annual,0,Not Churned
CUST00031,2023-07-18,Standard,61,37,India,36-45,Organic,6,16,0,2026-08-30,Monthly,0,Not Churned
CUST00032,2022-11-20,Basic,29,45,USA,46-55,Social Media,3,12,0,2026-06-29,Monthly,1,Pricing
CUST00033,2024-12-09,Basic,28,20,India,36-45,Referral,1,12,0,2026-07-13,Monthly,0,Not Churned
CUST00034,2021-08-27,Premium,98,60,UK,36-45,Referral,0,14,0,2026-07-18,Annual,0,Not Churned
CUST00035,2023-10-16,Premium,107,34,UK,26-35,Referral,6,13,0,2026-07-22,Annual,0,Not Churned
CUST00036,2021-09-26,Premium,107,59,USA,36-45,Paid Ads,5,9,0,2026-08-09,Monthly,0,Not Churned
CUST00037,2022-12-20,Basic,33,44,India,18-25,Organic,3,10,0,2026-08-18,Monthly,0,Not Churned
CUST00038,2025-03-09,Basic,33,17,UK,56+,Partner,1,8,0,2026-06-12,Monthly,0,Not Churned
CUST00039,2023-02-18,Standard,64,42,Australia,46-55,Paid Ads,1,8,0,2026-08-09,Monthly,0,Not Churned
CUST00040,2024-09-10,Standard,61,23,Canada,46-55,Paid Ads,1,13,0,2026-06-21,Annual,0,Not Churned
CUST00041,2023-03-20,Basic,30,41,Australia,36-45,Partner,1,12,0,2026-08-19,Annual,0,Not Churned
CUST00042,2025-11-04,Standard,61,9,India,26-35,Paid Ads,3,12,2,2026-06-14,Monthly,0,Not Churned
CUST00043,2024-05-13,Basic,35,27,Australia,18-25,Social Media,1,12,1,2026-06-22,Monthly,0,Not Churned
CUST00044,2025-03-09,Premium,101,17,India,46-55,Social Media,2,14,1,2026-06-04,Annual,1,Competitor
CUST00045,2023-03-20,Basic,30,41,India,26-35,Organic,7,13,0,2026-07-27,Monthly,0,Not Churned
CUST00046,2022-10-21,Standard,55,46,Australia,26-35,Organic,4,11,0,2026-06-26,Monthly,1,Competitor
CUST00047,2025-03-09,Basic,34,17,Germany,36-45,Partner,2,7,0,2026-06-19,Monthly,0,Not Churned
CUST00048,2022-07-23,Standard,68,49,UK,26-35,Paid Ads,3,12,1,2026-07-30,Monthly,0,Not Churned
CUST00049,2026-06-02,Standard,62,2,India,36-45,Organic,2,12,2,2026-06-29,Annual,0,Not Churned
CUST00050,2021-10-26,Basic,36,58,India,26-35,Paid Ads,2,14,1,2026-08-08,Monthly,0,Not Churned
CUST00051,2021-09-26,Premium,100,59,USA,36-45,Referral,3,12,1,2026-08-18,Monthly,0,Not Churned
CUST00052,2025-05-08,Standard,65,15,Australia,46-55,Social Media,3,18,0,2026-06-20,Monthly,0,Not Churned
CUST00053,2025-09-05,Premium,104,11,India,26-35,Partner,2,13,0,2026-08-19,Annual,0,Not Churned
CUST00054,2022-02-23,Premium,108,54,Australia,26-35,Partner,1,8,0,2026-08-24,Monthly,0,Not Churned
CUST00055,2021-11-25,Standard,59,57,India,26-35,Partner,5,9,1,2026-08-03,Annual,0,Not Churned
CUST00056,2023-07-18,Premium,102,37,Canada,56+,Organic,5,5,1,2026-07-09,Monthly,0,Not Churned
CUST00057,2023-03-20,Basic,36,41,Germany,26-35,Referral,3,8,1,2026-06-30,Monthly,0,Not Churned
CUST00058,2025-11-04,Basic,24,9,USA,26-35,Organic,2,12,1,2026-07-29,Monthly,0,Not Churned
CUST00059,2025-06-07,Basic,34,14,USA,36-45,Organic,3,11,0,2026-08-08,Annual,0,Not Churned
CUST00060,2025-12-04,Basic,25,8,Canada,26-35,Social Media,4,7,0,2026-07-11,Monthly,0,Not Churned
CUST00061,2023-01-19,Basic,36,43,USA,56+,Paid Ads,3,13,0,2026-08-21,Monthly,0,Not Churned
CUST00062,2025-08-06,Basic,24,12,UK,46-55,Partner,1,9,1,2026-07-27,Annual,0,Not Churned
CUST00063,2026-01-03,Premium,103,7,UK,36-45,Organic,2,16,0,2026-06-23,Monthly,0,Not Churned
CUST00064,2026-05-03,Basic,35,3,India,36-45,Social Media,4,15,0,2026-06-02,Annual,0,Not Churned
CUST00065,2024-06-12,Basic,26,26,Australia,18-25,Organic,4,12,0,2026-06-24,Monthly,1,Pricing
CUST00066,2026-05-03,Standard,64,3,India,36-45,Organic,2,7,1,2026-07-08,Monthly,0,Not Churned
CUST00067,2022-10-21,Basic,28,46,Germany,36-45,Paid Ads,1,11,0,2026-06-03,Monthly,0,Not Churned
CUST00068,2026-04-03,Premium,94,4,India,26-35,Paid Ads,1,16,0,2026-07-26,Annual,0,Not Churned
CUST00069,2021-11-25,Basic,27,57,Canada,26-35,Paid Ads,2,12,1,2026-07-10,Monthly,1,Pricing
CUST00070,2021-08-27,Premium,107,60,India,46-55,Partner,3,10,0,2026-07-06,Monthly,1,Competitor
CUST00071,2023-12-15,Standard,66,32,India,26-35,Referral,6,8,0,2026-07-02,Monthly,0,Not Churned
CUST00072,2022-10-21,Basic,31,46,India,36-45,Organic,4,17,0,2026-07-10,Monthly,0,Not Churned
CUST00073,2025-06-07,Basic,29,14,Canada,18-25,Organic,3,12,0,2026-06-15,Annual,0,Not Churned
CUST00074,2026-05-03,Premium,106,3,USA,26-35,Paid Ads,4,9,0,2026-08-02,Monthly,1,Competitor
CUST00075,2025-07-07,Standard,54,13,Australia,46-55,Paid Ads,5,9,0,2026-06-20,Annual,0,Not Churned
CUST00076,2025-12-04,Standard,65,8,India,26-35,Referral,3,18,0,2026-07-28,Annual,0,Not Churned
CUST00077,2021-12-25,Standard,54,56,UK,36-45,Organic,7,9,0,2026-06-15,Annual,0,Not Churned
CUST00078,2023-06-18,Basic,26,38,Canada,26-35,Social Media,5,7,2,2026-06-14,Monthly,0,Not Churned
CUST00079,2026-06-02,Basic,37,2,India,26-35,Organic,3,9,1,2026-07-06,Monthly,0,Not Churned
CUST00080,2023-06-18,Basic,33,38,USA,46-55,Referral,6,16,0,2026-06-28,Monthly,0,Not Churned
CUST00081,2022-04-24,Premium,108,52,USA,36-45,Referral,2,14,0,2026-07-12,Monthly,1,Competitor
CUST00082,2022-10-21,Standard,61,46,USA,46-55,Organic,1,19,0,2026-08-24,Monthly,0,Not Churned
CUST00083,2024-01-14,Basic,34,31,India,46-55,Social Media,3,15,0,2026-07-25,Monthly,0,Not Churned
CUST00084,2023-05-19,Basic,34,39,UK,46-55,Referral,1,17,0,2026-07-30,Annual,0,Not Churned
CUST00085,2024-05-13,Basic,37,27,India,46-55,Referral,3,9,0,2026-06-02,Monthly,0,Not Churned
CUST00086,2025-03-09,Basic,31,17,UK,18-25,Paid Ads,2,9,1,2026-07-04,Monthly,0,Not Churned
CUST00087,2023-09-16,Standard,66,35,Germany,46-55,Partner,3,5,0,2026-06-27,Annual,0,Not Churned
CUST00088,2022-10-21,Standard,56,46,USA,18-25,Referral,4,13,2,2026-07-06,Monthly,0,Not Churned
CUST00089,2024-08-11,Premium,100,24,UK,18-25,Paid Ads,3,17,1,2026-07-18,Monthly,0,Not Churned
CUST00090,2026-07-02,Standard,65,1,India,18-25,Organic,2,6,0,2026-08-30,Monthly,1,Competitor
CUST00091,2024-03-14,Basic,26,29,Australia,26-35,Organic,4,11,0,2026-07-10,Monthly,0,Not Churned
CUST00092,2024-06-12,Standard,57,26,India,36-45,Organic,2,11,1,2026-08-25,Monthly,0,Not Churned
CUST00093,2022-12-20,Standard,62,44,UK,26-35,Partner,3,12,1,2026-07-14,Monthly,0,Not Churned
CUST00094,2023-09-16,Standard,66,35,Germany,18-25,Paid Ads,4,14,0,2026-07-24,Monthly,0,Not Churned
CUST00095,2022-05-24,Standard,57,51,USA,26-35,Social Media,3,6,0,2026-08-29,Monthly,0,Not Churned
CUST00096,2022-12-20,Standard,56,44,Canada,26-35,Organic,5,11,2,2026-07-11,Monthly,0,Not Churned
CUST00097,2024-08-11,Standard,58,24,USA,36-45,Paid Ads,5,13,1,2026-07-09,Monthly,0,Not Churned
CUST00098,2022-10-21,Standard,60,46,India,26-35,Partner,4,8,1,2026-08-20,Monthly,1,Competitor
CUST00099,2023-11-15,Basic,28,33,Canada,26-35,Organic,2,10,0,2026-08-24,Monthly,0,Not Churned
CUST00100,2024-06-12,Basic,27,26,India,26-35,Referral,3,8,1,2026-06-17,Annual,0,Not Churned
CUST00101,2023-07-18,Basic,31,37,UK,26-35,Partner,3,17,0,2026-06-21,Monthly,0,Not Churned
CUST00102,2023-05-19,Standard,57,39,India,36-45,Partner,1,13,0,2026-07-13,Monthly,0,Not Churned
CUST00103,2022-04-24,Basic,25,52,Australia,26-35,Social Media,3,13,0,2026-08-21,Annual,0,Not Churned
CUST00104,2021-10-26,Standard,63,58,India,26-35,Social Media,2,13,2,2026-07-17,Annual,1,Payment Issues
CUST00105,2022-05-24,Premium,106,51,USA,26-35,Referral,3,13,1,2026-06-27,Monthly,1,Competitor
CUST00106,2024-06-12,Basic,37,26,USA,26-35,Organic,6,11,0,2026-07-29,Annual,0,Not Churned
CUST00107,2023-06-18,Standard,59,38,USA,56+,Referral,5,13,0,2026-07-05,Monthly,0,Not Churned
CUST00108,2022-03-25,Standard,55,53,India,26-35,Partner,5,8,0,2026-06-06,Annual,0,Not Churned
CUST00109,2022-06-23,Basic,26,50,USA,46-55,Paid Ads,4,17,2,2026-06-17,Monthly,1,Payment Issues
CUST00110,2023-06-18,Basic,24,38,India,36-45,Organic,10,16,0,2026-08-11,Monthly,0,Not Churned
CUST00111,2025-09-05,Basic,28,11,USA,18-25,Referral,4,11,0,2026-08-22,Annual,0,Not Churned
CUST00112,2024-03-14,Basic,32,29,USA,56+,Referral,2,11,1,2026-08-22,Monthly,0,Not Churned
CUST00113,2024-03-14,Premium,95,29,USA,36-45,Organic,2,8,1,2026-08-27,Monthly,0,Not Churned
CUST00114,2026-05-03,Premium,105,3,India,36-45,Referral,4,19,0,2026-08-07,Annual,0,Not Churned
CUST00115,2025-11-04,Standard,60,9,Germany,26-35,Referral,6,11,1,2026-07-20,Monthly,0,Not Churned
CUST00116,2023-09-16,Premium,98,35,USA,36-45,Referral,2,16,0,2026-07-22,Annual,0,Not Churned
CUST00117,2021-11-25,Premium,95,57,India,26-35,Paid Ads,8,8,0,2026-08-07,Monthly,1,Poor Support Experience
CUST00118,2026-02-02,Basic,31,6,USA,18-25,Organic,1,9,1,2026-08-28,Annual,0,Not Churned
CUST00119,2021-12-25,Premium,104,56,Australia,46-55,Referral,4,12,1,2026-06-05,Monthly,0,Not Churned
CUST00120,2025-11-04,Standard,68,9,India,46-55,Referral,2,11,1,2026-08-19,Monthly,0,Not Churned
CUST00121,2025-12-04,Premium,106,8,UK,26-35,Paid Ads,4,11,2,2026-06-06,Monthly,0,Not Churned
CUST00122,2024-05-13,Premium,106,27,USA,36-45,Organic,2,20,1,2026-06-12,Annual,0,Not Churned
CUST00123,2023-10-16,Basic,29,34,India,36-45,Paid Ads,3,14,1,2026-07-17,Monthly,0,Not Churned
CUST00124,2022-05-24,Basic,27,51,Canada,26-35,Paid Ads,3,7,1,2026-06-30,Monthly,0,Not Churned
CUST00125,2024-08-11,Basic,36,24,USA,26-35,Partner,1,11,0,2026-06-25,Monthly,0,Not Churned
CUST00126,2022-08-22,Standard,57,48,India,26-35,Social Media,1,8,0,2026-07-28,Monthly,0,Not Churned
CUST00127,2026-03-04,Premium,95,5,Australia,36-45,Social Media,2,15,2,2026-06-08,Monthly,0,Not Churned
CUST00128,2025-10-05,Premium,96,10,UK,46-55,Paid Ads,3,9,0,2026-06-26,Annual,0,Not Churned
CUST00129,2024-12-09,Basic,38,20,Australia,18-25,Paid Ads,3,11,1,2026-08-12,Monthly,0,Not Churned
CUST00130,2024-10-10,Standard,60,22,UK,36-45,Organic,4,11,0,2026-07-17,Monthly,0,Not Churned
CUST00131,2025-08-06,Standard,56,12,Canada,36-45,Referral,6,11,0,2026-06-15,Annual,1,Competitor
CUST00132,2022-12-20,Basic,36,44,Australia,36-45,Paid Ads,1,5,0,2026-07-08,Monthly,0,Not Churned
CUST00133,2024-03-14,Basic,28,29,India,18-25,Referral,4,6,0,2026-06-30,Annual,0,Not Churned
CUST00134,2024-01-14,Basic,33,31,Canada,36-45,Paid Ads,4,12,1,2026-08-14,Annual,0,Not Churned
CUST00135,2026-02-02,Premium,99,6,UK,46-55,Organic,4,14,1,2026-07-30,Monthly,0,Not Churned
CUST00136,2022-10-21,Basic,29,46,India,26-35,Organic,10,13,0,2026-07-01,Annual,0,Not Churned
CUST00137,2026-01-03,Standard,67,7,USA,26-35,Social Media,3,14,0,2026-08-14,Monthly,1,Competitor
CUST00138,2022-03-25,Standard,57,53,India,46-55,Organic,4,10,1,2026-08-01,Annual,0,Not Churned
CUST00139,2023-11-15,Basic,29,33,Canada,18-25,Organic,3,14,1,2026-08-04,Monthly,0,Not Churned
CUST00140,2022-10-21,Premium,96,46,USA,46-55,Partner,2,8,3,2026-08-25,Monthly,1,Payment Issues
CUST00141,2025-05-08,Premium,100,15,Germany,26-35,Referral,2,11,1,2026-07-20,Annual,0,Not Churned
CUST00142,2025-07-07,Basic,30,13,India,18-25,Organic,2,14,0,2026-07-27,Annual,0,Not Churned
CUST00143,2024-08-11,Standard,57,24,UK,26-35,Organic,2,12,0,2026-07-11,Monthly,0,Not Churned
CUST00144,2024-02-13,Basic,25,30,India,18-25,Organic,1,19,1,2026-07-27,Monthly,0,Not Churned
CUST00145,2023-11-15,Basic,34,33,UK,18-25,Referral,5,13,0,2026-07-22,Monthly,0,Not Churned
CUST00146,2024-12-09,Basic,30,20,Canada,36-45,Social Media,3,14,1,2026-08-11,Annual,0,Not Churned
CUST00147,2025-01-08,Standard,56,19,Canada,26-35,Organic,5,15,0,2026-07-25,Monthly,0,Not Churned
CUST00148,2025-01-08,Standard,68,19,Canada,46-55,Social Media,3,10,0,2026-06-27,Annual,0,Not Churned
CUST00149,2023-06-18,Basic,24,38,Australia,36-45,Organic,1,10,0,2026-07-22,Monthly,0,Not Churned
CUST00150,2024-08-11,Basic,25,24,India,26-35,Organic,4,14,0,2026-07-10,Monthly,0,Not Churned
CUST00151,2026-03-04,Premium,103,5,India,26-35,Partner,4,15,2,2026-07-29,Monthly,0,Not Churned
CUST00152,2024-10-10,Basic,32,22,UK,36-45,Organic,1,13,0,2026-06-25,Annual,0,Not Churned
CUST00153,2021-08-27,Basic,35,60,USA,26-35,Social Media,6,9,1,2026-08-24,Annual,0,Not Churned
CUST00154,2024-10-10,Standard,68,22,India,18-25,Referral,3,11,0,2026-08-01,Monthly,1,Competitor
CUST00155,2024-04-13,Premium,101,28,USA,46-55,Organic,3,16,0,2026-06-11,Annual,0,Not Churned
CUST00156,2025-03-09,Basic,38,17,USA,26-35,Paid Ads,5,11,0,2026-07-04,Annual,1,Pricing
CUST00157,2024-01-14,Standard,68,31,USA,18-25,Paid Ads,2,11,0,2026-06-10,Annual,0,Not Churned
CUST00158,2022-09-21,Standard,67,47,Canada,36-45,Partner,3,14,0,2026-06-02,Annual,0,Not Churned
CUST00159,2026-01-03,Basic,29,7,USA,36-45,Paid Ads,2,10,1,2026-06-08,Annual,0,Not Churned
CUST00160,2025-03-09,Standard,67,17,India,26-35,Paid Ads,3,13,0,2026-06-03,Monthly,0,Not Churned
CUST00161,2025-08-06,Basic,29,12,India,46-55,Organic,5,15,2,2026-08-11,Monthly,1,Payment Issues
CUST00162,2026-01-03,Standard,67,7,Australia,36-45,Referral,2,7,2,2026-08-28,Annual,0,Not Churned
CUST00163,2024-03-14,Standard,54,29,Germany,36-45,Organic,5,13,2,2026-08-23,Annual,0,Not Churned
CUST00164,2022-11-20,Standard,55,45,UK,26-35,Organic,3,16,0,2026-07-12,Monthly,0,Not Churned
CUST00165,2025-12-04,Basic,27,8,USA,56+,Partner,2,15,0,2026-07-07,Annual,0,Not Churned
CUST00166,2026-04-03,Premium,96,4,Germany,26-35,Organic,3,18,1,2026-07-05,Annual,0,Not Churned
CUST00167,2023-04-19,Basic,37,40,UK,36-45,Organic,3,15,0,2026-06-25,Monthly,0,Not Churned
CUST00168,2022-02-23,Basic,24,54,Australia,26-35,Referral,3,13,1,2026-06-30,Monthly,0,Not Churned
CUST00169,2025-04-08,Basic,31,16,Canada,36-45,Social Media,1,11,0,2026-07-21,Annual,1,Pricing
CUST00170,2025-04-08,Standard,60,16,USA,18-25,Organic,3,11,0,2026-07-28,Monthly,0,Not Churned
CUST00171,2024-10-10,Standard,57,22,USA,18-25,Organic,4,12,1,2026-07-09,Monthly,0,Not Churned
CUST00172,2025-09-05,Basic,35,11,India,46-55,Organic,2,6,0,2026-08-16,Monthly,0,Not Churned
CUST00173,2021-09-26,Standard,65,59,India,26-35,Organic,3,9,1,2026-06-12,Annual,0,Not Churned
CUST00174,2023-03-20,Basic,32,41,Canada,26-35,Referral,4,14,2,2026-06-22,Monthly,0,Not Churned
CUST00175,2022-02-23,Standard,64,54,Australia,36-45,Referral,3,13,1,2026-06-26,Annual,0,Not Churned
CUST00176,2021-08-27,Basic,37,60,Canada,36-45,Referral,3,11,0,2026-07-27,Monthly,0,Not Churned
CUST00177,2025-09-05,Standard,57,11,USA,26-35,Paid Ads,3,19,1,2026-07-27,Monthly,0,Not Churned
CUST00178,2026-03-04,Basic,24,5,India,26-35,Social Media,3,13,1,2026-07-09,Monthly,1,Pricing
CUST00179,2023-02-18,Premium,108,42,India,56+,Paid Ads,0,14,0,2026-07-06,Annual,0,Not Churned
CUST00180,2021-10-26,Basic,33,58,USA,36-45,Partner,4,8,0,2026-07-26,Monthly,0,Not Churned
CUST00181,2023-06-18,Basic,38,38,USA,26-35,Paid Ads,0,11,0,2026-07-06,Monthly,1,Pricing
CUST00182,2022-08-22,Basic,24,48,UK,46-55,Social Media,1,12,0,2026-06-14,Annual,0,Not Churned
CUST00183,2025-08-06,Premium,94,12,India,36-45,Paid Ads,1,8,0,2026-07-15,Annual,0,Not Churned
CUST00184,2023-04-19,Premium,94,40,Germany,26-35,Paid Ads,2,12,0,2026-07-25,Monthly,0,Not Churned
CUST00185,2024-07-12,Basic,27,25,USA,26-35,Social Media,2,5,0,2026-06-12,Monthly,0,Not Churned
CUST00186,2021-10-26,Standard,54,58,Australia,26-35,Organic,2,11,0,2026-07-09,Monthly,1,Competitor
CUST00187,2022-11-20,Premium,95,45,USA,46-55,Referral,4,6,1,2026-08-25,Monthly,0,Not Churned
CUST00188,2025-07-07,Standard,57,13,India,18-25,Referral,2,15,0,2026-08-28,Monthly,0,Not Churned
CUST00189,2022-08-22,Standard,60,48,Canada,26-35,Social Media,3,12,0,2026-08-22,Monthly,0,Not Churned
CUST00190,2024-06-12,Basic,25,26,UK,46-55,Referral,3,11,0,2026-06-12,Monthly,0,Not Churned
CUST00191,2025-09-05,Basic,31,11,USA,18-25,Paid Ads,2,15,1,2026-06-14,Monthly,0,Not Churned
CUST00192,2021-12-25,Premium,106,56,USA,36-45,Organic,1,6,1,2026-08-14,Monthly,0,Not Churned
CUST00193,2023-04-19,Premium,100,40,India,26-35,Partner,1,12,0,2026-07-01,Monthly,0,Not Churned
CUST00194,2024-09-10,Standard,62,23,UK,36-45,Paid Ads,4,16,2,2026-08-09,Annual,0,Not Churned
CUST00195,2025-07-07,Basic,37,13,Australia,26-35,Social Media,2,8,0,2026-07-01,Monthly,0,Not Churned
CUST00196,2023-11-15,Basic,29,33,India,18-25,Organic,2,15,1,2026-08-17,Annual,0,Not Churned
CUST00197,2022-04-24,Standard,57,52,India,36-45,Organic,1,9,2,2026-07-08,Annual,0,Not Churned
CUST00198,2022-04-24,Premium,99,52,Australia,36-45,Paid Ads,1,14,0,2026-08-04,Monthly,0,Not Churned
CUST00199,2024-04-13,Premium,108,28,India,36-45,Referral,2,11,0,2026-06-11,Monthly,0,Not Churned
CUST00200,2022-05-24,Standard,57,51,UK,36-45,Paid Ads,1,16,1,2026-06-16,Monthly,0,Not Churned
CUST00201,2026-04-03,Standard,60,4,USA,36-45,Organic,1,7,0,2026-07-27,Monthly,0,Not Churned
CUST00202,2024-04-13,Basic,32,28,USA,36-45,Organic,6,18,1,2026-08-06,Monthly,0,Not Churned
CUST00203,2023-10-16,Basic,26,34,USA,36-45,Organic,1,5,0,2026-08-19,Annual,0,Not Churned
CUST00204,2022-05-24,Premium,96,51,India,36-45,Organic,2,14,0,2026-08-26,Monthly,0,Not Churned
CUST00205,2022-05-24,Standard,55,51,India,36-45,Organic,4,13,0,2026-07-10,Monthly,1,Competitor
CUST00206,2025-10-05,Basic,24,10,Canada,36-45,Social Media,1,11,1,2026-06-04,Annual,0,Not Churned
CUST00207,2022-07-23,Basic,37,49,Canada,26-35,Paid Ads,3,18,0,2026-08-03,Monthly,0,Not Churned
CUST00208,2022-01-24,Standard,54,55,UK,26-35,Paid Ads,6,14,0,2026-07-23,Monthly,0,Not Churned
CUST00209,2022-04-24,Basic,36,52,UK,26-35,Partner,2,13,0,2026-08-12,Monthly,0,Not Churned
CUST00210,2025-12-04,Basic,26,8,India,46-55,Paid Ads,3,16,1,2026-07-03,Annual,0,Not Churned
CUST00211,2025-11-04,Standard,67,9,India,36-45,Partner,3,10,0,2026-08-16,Monthly,1,Competitor
CUST00212,2025-02-07,Standard,60,18,Canada,36-45,Organic,4,10,0,2026-08-06,Monthly,1,Competitor
CUST00213,2026-06-02,Standard,68,2,USA,26-35,Paid Ads,2,16,1,2026-07-08,Monthly,0,Not Churned
CUST00214,2025-02-07,Basic,34,18,India,18-25,Paid Ads,2,14,1,2026-06-07,Monthly,0,Not Churned
CUST00215,2023-04-19,Standard,62,40,India,46-55,Paid Ads,5,11,1,2026-06-09,Monthly,1,Competitor
CUST00216,2026-06-02,Basic,37,2,India,46-55,Referral,4,13,0,2026-06-06,Monthly,1,Pricing
CUST00217,2024-10-10,Basic,25,22,India,18-25,Organic,2,9,0,2026-08-25,Monthly,0,Not Churned
CUST00218,2025-04-08,Standard,60,16,Canada,36-45,Social Media,1,9,2,2026-06-29,Annual,1,Payment Issues
CUST00219,2023-07-18,Standard,54,37,Australia,26-35,Paid Ads,4,8,0,2026-08-13,Annual,0,Not Churned
CUST00220,2023-12-15,Premium,95,32,Australia,26-35,Organic,4,10,1,2026-06-03,Annual,0,Not Churned
CUST00221,2025-10-05,Standard,59,10,Germany,36-45,Referral,1,8,2,2026-07-29,Monthly,1,Payment Issues
CUST00222,2023-03-20,Standard,64,41,Australia,36-45,Social Media,4,16,0,2026-07-02,Monthly,1,Competitor
CUST00223,2023-10-16,Basic,28,34,USA,36-45,Organic,1,7,0,2026-08-06,Monthly,0,Not Churned
CUST00224,2022-08-22,Basic,31,48,India,18-25,Organic,1,13,0,2026-08-08,Monthly,0,Not Churned
CUST00225,2025-04-08,Basic,35,16,Canada,26-35,Social Media,5,14,1,2026-07-23,Monthly,0,Not Churned
CUST00226,2022-07-23,Basic,34,49,India,26-35,Partner,1,19,1,2026-07-20,Monthly,0,Not Churned
CUST00227,2023-10-16,Premium,95,34,India,26-35,Organic,3,12,1,2026-08-19,Monthly,0,Not Churned
CUST00228,2021-10-26,Basic,24,58,India,36-45,Partner,4,13,2,2026-06-26,Monthly,0,Not Churned
CUST00229,2023-07-18,Premium,100,37,USA,26-35,Paid Ads,2,10,1,2026-08-18,Monthly,0,Not Churned
CUST00230,2023-04-19,Standard,59,40,India,26-35,Partner,2,8,0,2026-08-25,Monthly,0,Not Churned
CUST00231,2021-12-25,Standard,61,56,India,26-35,Referral,2,16,0,2026-07-06,Annual,1,Competitor
CUST00232,2023-10-16,Standard,64,34,USA,36-45,Social Media,2,10,2,2026-06-29,Monthly,0,Not Churned
CUST00233,2022-12-20,Standard,68,44,Australia,36-45,Social Media,3,11,0,2026-07-11,Annual,0,Not Churned
CUST00234,2025-07-07,Standard,68,13,USA,36-45,Organic,2,7,0,2026-07-09,Annual,1,Competitor
CUST00235,2022-08-22,Basic,36,48,Australia,26-35,Organic,0,12,0,2026-08-21,Annual,0,Not Churned
CUST00236,2023-07-18,Standard,67,37,India,26-35,Paid Ads,2,9,1,2026-06-30,Annual,0,Not Churned
CUST00237,2025-08-06,Basic,31,12,India,18-25,Organic,4,17,0,2026-08-07,Monthly,0,Not Churned
CUST00238,2025-05-08,Basic,25,15,USA,18-25,Paid Ads,5,12,1,2026-07-19,Monthly,1,Pricing
CUST00239,2024-02-13,Standard,67,30,USA,26-35,Partner,4,14,0,2026-08-25,Annual,1,Competitor
CUST00240,2024-01-14,Basic,31,31,UK,18-25,Organic,4,18,1,2026-07-26,Monthly,0,Not Churned
CUST00241,2024-03-14,Premium,99,29,Canada,36-45,Paid Ads,4,13,0,2026-07-22,Monthly,0,Not Churned
CUST00242,2023-10-16,Premium,102,34,Canada,56+,Paid Ads,7,16,1,2026-07-23,Monthly,1,Poor Support Experience
CUST00243,2023-12-15,Premium,105,32,Germany,18-25,Referral,1,9,0,2026-08-23,Monthly,0,Not Churned
CUST00244,2022-12-20,Basic,30,44,USA,46-55,Organic,2,12,0,2026-07-12,Annual,0,Not Churned
CUST00245,2024-09-10,Basic,25,23,India,18-25,Organic,1,10,0,2026-06-20,Monthly,0,Not Churned
CUST00246,2025-10-05,Premium,101,10,USA,36-45,Social Media,4,9,0,2026-06-28,Monthly,0,Not Churned
CUST00247,2025-12-04,Standard,62,8,India,36-45,Social Media,3,16,0,2026-06-03,Annual,0,Not Churned
CUST00248,2024-11-09,Premium,100,21,India,46-55,Social Media,6,13,0,2026-06-29,Monthly,0,Not Churned
CUST00249,2025-09-05,Premium,97,11,India,18-25,Social Media,4,16,0,2026-06-05,Annual,0,Not Churned
CUST00250,2025-08-06,Premium,102,12,USA,26-35,Paid Ads,4,10,1,2026-07-08,Annual,0,Not Churned
CUST00251,2022-07-23,Basic,27,49,India,18-25,Referral,4,14,0,2026-07-27,Annual,0,Not Churned
CUST00252,2023-05-19,Basic,35,39,India,26-35,Paid Ads,1,14,0,2026-06-28,Annual,0,Not Churned
CUST00253,2022-09-21,Premium,97,47,UK,46-55,Organic,6,11,2,2026-06-12,Annual,1,Payment Issues
CUST00254,2025-01-08,Basic,32,19,UK,36-45,Paid Ads,3,11,1,2026-06-17,Annual,0,Not Churned
CUST00255,2023-10-16,Basic,37,34,UK,36-45,Organic,2,11,1,2026-07-25,Monthly,0,Not Churned
CUST00256,2023-06-18,Standard,61,38,UK,36-45,Paid Ads,3,22,0,2026-08-18,Monthly,0,Not Churned
CUST00257,2023-10-16,Premium,97,34,India,46-55,Organic,2,13,0,2026-08-21,Monthly,0,Not Churned
CUST00258,2022-10-21,Standard,67,46,India,26-35,Referral,2,11,1,2026-06-11,Annual,0,Not Churned
CUST00259,2024-06-12,Standard,61,26,India,18-25,Paid Ads,2,7,1,2026-08-22,Monthly,0,Not Churned
CUST00260,2023-04-19,Basic,38,40,Australia,46-55,Referral,2,15,2,2026-06-29,Monthly,1,Payment Issues
CUST00261,2025-04-08,Standard,61,16,Canada,26-35,Paid Ads,2,10,1,2026-06-20,Annual,0,Not Churned
CUST00262,2025-01-08,Premium,100,19,India,18-25,Partner,6,12,0,2026-08-23,Annual,1,Competitor
CUST00263,2022-06-23,Basic,33,50,India,18-25,Organic,6,10,1,2026-07-13,Annual,0,Not Churned
CUST00264,2021-12-25,Standard,66,56,Germany,36-45,Referral,4,10,0,2026-08-20,Monthly,0,Not Churned
CUST00265,2024-03-14,Premium,99,29,USA,36-45,Referral,1,16,0,2026-07-24,Monthly,0,Not Churned
CUST00266,2022-11-20,Standard,61,45,Canada,26-35,Partner,6,11,1,2026-06-13,Monthly,0,Not Churned
CUST00267,2023-06-18,Standard,60,38,India,36-45,Paid Ads,5,8,2,2026-07-07,Monthly,0,Not Churned
CUST00268,2023-08-17,Standard,58,36,India,36-45,Paid Ads,6,11,1,2026-08-21,Monthly,0,Not Churned
CUST00269,2024-11-09,Basic,35,21,Canada,46-55,Organic,4,16,0,2026-06-27,Annual,1,Pricing
CUST00270,2025-10-05,Basic,36,10,UK,36-45,Organic,3,7,0,2026-07-21,Monthly,0,Not Churned
CUST00271,2022-09-21,Premium,106,47,UK,36-45,Paid Ads,3,12,0,2026-07-19,Monthly,0,Not Churned
CUST00272,2024-09-10,Premium,97,23,USA,36-45,Social Media,2,9,1,2026-06-11,Annual,1,Competitor
CUST00273,2022-12-20,Premium,107,44,USA,26-35,Organic,2,3,0,2026-06-26,Monthly,0,Not Churned
CUST00274,2021-08-27,Premium,105,60,Canada,26-35,Organic,2,6,0,2026-07-05,Annual,0,Not Churned
CUST00275,2022-04-24,Standard,55,52,India,26-35,Organic,3,17,3,2026-07-23,Annual,0,Not Churned
CUST00276,2022-12-20,Standard,64,44,USA,18-25,Organic,0,15,1,2026-07-31,Monthly,0,Not Churned
CUST00277,2021-09-26,Standard,61,59,Australia,26-35,Partner,3,13,0,2026-06-22,Annual,0,Not Churned
CUST00278,2026-01-03,Standard,62,7,India,26-35,Social Media,7,16,1,2026-07-28,Annual,0,Not Churned
CUST00279,2023-06-18,Standard,57,38,USA,18-25,Paid Ads,2,10,1,2026-06-15,Monthly,0,Not Churned
CUST00280,2026-03-04,Standard,57,5,UK,18-25,Organic,4,17,0,2026-08-31,Monthly,0,Not Churned
CUST00281,2025-01-08,Premium,98,19,Germany,26-35,Partner,2,12,0,2026-07-25,Monthly,0,Not Churned
CUST00282,2022-10-21,Basic,25,46,USA,36-45,Organic,1,8,1,2026-08-25,Monthly,1,Pricing
CUST00283,2023-11-15,Basic,30,33,USA,46-55,Referral,2,11,1,2026-08-31,Monthly,0,Not Churned
CUST00284,2024-08-11,Basic,38,24,Australia,36-45,Partner,4,6,1,2026-06-15,Monthly,0,Not Churned
CUST00285,2023-01-19,Standard,58,43,Canada,26-35,Paid Ads,4,13,0,2026-08-11,Annual,0,Not Churned
CUST00286,2024-09-10,Basic,29,23,Canada,26-35,Organic,3,9,0,2026-07-06,Annual,0,Not Churned
CUST00287,2024-10-10,Standard,57,22,USA,26-35,Organic,3,13,0,2026-08-05,Monthly,0,Not Churned
CUST00288,2023-08-17,Standard,61,36,India,18-25,Partner,4,7,0,2026-08-05,Monthly,0,Not Churned
CUST00289,2022-03-25,Basic,31,53,UK,36-45,Organic,3,9,0,2026-06-21,Annual,0,Not Churned
CUST00290,2022-10-21,Standard,65,46,Australia,26-35,Paid Ads,5,5,0,2026-06-16,Annual,0,Not Churned
CUST00291,2024-11-09,Basic,28,21,Australia,36-45,Social Media,7,13,1,2026-07-18,Monthly,0,Not Churned
CUST00292,2025-02-07,Basic,35,18,India,36-45,Social Media,5,22,1,2026-07-13,Monthly,0,Not Churned
CUST00293,2023-06-18,Premium,99,38,USA,26-35,Paid Ads,2,9,0,2026-07-26,Monthly,0,Not Churned
CUST00294,2024-05-13,Basic,26,27,USA,36-45,Organic,2,11,0,2026-06-29,Monthly,0,Not Churned
CUST00295,2023-07-18,Basic,24,37,Germany,26-35,Referral,3,8,1,2026-06-05,Annual,0,Not Churned
CUST00296,2022-07-23,Standard,62,49,UK,26-35,Organic,1,13,1,2026-06-16,Monthly,0,Not Churned
CUST00297,2024-07-12,Standard,62,25,USA,36-45,Organic,3,10,2,2026-07-18,Monthly,0,Not Churned
CUST00298,2023-05-19,Basic,26,39,India,56+,Social Media,2,10,1,2026-06-30,Monthly,0,Not Churned
CUST00299,2024-02-13,Standard,57,30,USA,46-55,Organic,4,11,2,2026-06-09,Annual,1,Payment Issues
CUST00300,2023-01-19,Basic,36,43,India,46-55,Organic,3,11,0,2026-06-15,Monthly,0,Not Churned
CUST00301,2025-06-07,Basic,30,14,Australia,18-25,Paid Ads,4,15,0,2026-06-25,Monthly,0,Not Churned
CUST00302,2023-10-16,Standard,55,34,Canada,18-25,Paid Ads,4,10,2,2026-06-14,Annual,0,Not Churned
CUST00303,2022-02-23,Standard,65,54,USA,18-25,Referral,2,5,1,2026-07-12,Annual,0,Not Churned
CUST00304,2023-12-15,Standard,56,32,USA,26-35,Social Media,1,6,0,2026-06-04,Monthly,1,Competitor
CUST00305,2024-01-14,Standard,59,31,Australia,26-35,Referral,3,16,0,2026-06-28,Monthly,1,Competitor
CUST00306,2022-07-23,Premium,104,49,India,36-45,Referral,3,5,1,2026-06-24,Annual,0,Not Churned
CUST00307,2026-06-02,Standard,61,2,India,36-45,Referral,3,13,0,2026-08-18,Monthly,0,Not Churned
CUST00308,2022-09-21,Basic,38,47,Germany,46-55,Organic,0,19,1,2026-07-26,Monthly,0,Not Churned
CUST00309,2023-05-19,Standard,54,39,Canada,46-55,Paid Ads,7,15,1,2026-07-03,Monthly,0,Not Churned
CUST00310,2023-09-16,Basic,27,35,Australia,26-35,Referral,1,14,0,2026-08-17,Monthly,0,Not Churned
CUST00311,2024-09-10,Standard,68,23,India,46-55,Organic,4,13,0,2026-06-22,Monthly,0,Not Churned
CUST00312,2026-02-02,Basic,24,6,India,26-35,Organic,6,13,0,2026-06-17,Annual,0,Not Churned
CUST00313,2024-11-09,Basic,25,21,India,26-35,Paid Ads,2,16,0,2026-06-26,Monthly,0,Not Churned
CUST00314,2024-06-12,Premium,101,26,India,36-45,Paid Ads,4,12,2,2026-07-12,Annual,0,Not Churned
CUST00315,2024-02-13,Premium,99,30,Canada,18-25,Paid Ads,2,12,0,2026-07-17,Monthly,0,Not Churned
CUST00316,2023-03-20,Standard,62,41,India,46-55,Referral,3,12,1,2026-06-09,Annual,0,Not Churned
CUST00317,2023-02-18,Standard,55,42,Canada,36-45,Paid Ads,0,10,1,2026-08-21,Annual,0,Not Churned
CUST00318,2022-03-25,Basic,26,53,India,46-55,Partner,3,8,4,2026-06-09,Annual,0,Not Churned
CUST00319,2024-02-13,Basic,32,30,USA,56+,Paid Ads,4,14,1,2026-07-13,Annual,0,Not Churned
CUST00320,2022-03-25,Basic,32,53,Germany,36-45,Paid Ads,2,13,2,2026-07-07,Annual,0,Not Churned
CUST00321,2025-12-04,Standard,66,8,India,18-25,Organic,4,14,0,2026-08-02,Monthly,0,Not Churned
CUST00322,2023-05-19,Standard,59,39,USA,26-35,Paid Ads,3,12,0,2026-07-21,Monthly,0,Not Churned
CUST00323,2023-11-15,Standard,67,33,India,26-35,Social Media,0,14,1,2026-07-24,Monthly,1,Competitor
CUST00324,2025-10-05,Basic,38,10,India,18-25,Paid Ads,6,8,0,2026-06-07,Annual,0,Not Churned
CUST00325,2025-02-07,Premium,96,18,USA,46-55,Organic,2,14,0,2026-08-01,Monthly,0,Not Churned
CUST00326,2022-08-22,Standard,58,48,USA,26-35,Paid Ads,5,8,0,2026-08-01,Monthly,0,Not Churned
CUST00327,2023-08-17,Standard,68,36,UK,56+,Organic,3,13,0,2026-07-26,Monthly,1,Competitor
CUST00328,2023-03-20,Standard,55,41,Canada,36-45,Paid Ads,1,16,0,2026-06-22,Annual,0,Not Churned
CUST00329,2022-01-24,Standard,60,55,USA,26-35,Paid Ads,3,16,1,2026-08-07,Annual,0,Not Churned
CUST00330,2022-06-23,Basic,33,50,India,26-35,Paid Ads,0,10,1,2026-08-20,Annual,0,Not Churned
CUST00331,2025-09-05,Basic,34,11,UK,26-35,Social Media,1,8,0,2026-08-01,Monthly,0,Not Churned
CUST00332,2022-12-20,Standard,61,44,India,26-35,Referral,3,13,0,2026-07-18,Monthly,0,Not Churned
CUST00333,2025-12-04,Basic,29,8,UK,36-45,Paid Ads,6,12,0,2026-07-25,Monthly,1,Pricing
CUST00334,2026-07-02,Basic,31,1,UK,18-25,Referral,5,13,2,2026-07-01,Monthly,0,Not Churned
CUST00335,2025-12-04,Basic,25,8,India,36-45,Social Media,2,11,1,2026-08-17,Monthly,0,Not Churned
CUST00336,2026-03-04,Basic,26,5,Canada,26-35,Referral,1,14,0,2026-06-27,Monthly,0,Not Churned
CUST00337,2026-07-02,Premium,100,1,Australia,36-45,Organic,6,16,0,2026-07-31,Annual,0,Not Churned
CUST00338,2026-05-03,Standard,63,3,Canada,46-55,Paid Ads,1,12,1,2026-06-04,Monthly,0,Not Churned
CUST00339,2024-05-13,Standard,65,27,India,26-35,Paid Ads,4,8,1,2026-06-07,Monthly,0,Not Churned
CUST00340,2022-11-20,Basic,24,45,USA,18-25,Organic,5,4,0,2026-08-19,Annual,0,Not Churned
CUST00341,2022-08-22,Standard,60,48,Australia,36-45,Organic,3,6,1,2026-07-20,Monthly,0,Not Churned
CUST00342,2024-09-10,Standard,59,23,India,56+,Organic,1,13,0,2026-06-17,Monthly,0,Not Churned
CUST00343,2022-12-20,Basic,31,44,Australia,26-35,Social Media,3,15,0,2026-08-21,Monthly,0,Not Churned
CUST00344,2023-05-19,Standard,60,39,India,26-35,Paid Ads,5,8,0,2026-08-10,Monthly,0,Not Churned
CUST00345,2023-04-19,Basic,27,40,India,26-35,Paid Ads,0,7,1,2026-07-09,Annual,0,Not Churned
CUST00346,2025-09-05,Standard,56,11,Canada,26-35,Referral,2,13,0,2026-07-10,Monthly,1,Competitor
CUST00347,2022-11-20,Standard,56,45,Canada,26-35,Referral,3,10,0,2026-06-06,Annual,0,Not Churned
CUST00348,2025-09-05,Basic,38,11,Canada,26-35,Paid Ads,2,6,0,2026-06-26,Annual,0,Not Churned
CUST00349,2023-08-17,Basic,27,36,Germany,36-45,Paid Ads,4,13,1,2026-06-13,Monthly,0,Not Churned
CUST00350,2023-06-18,Standard,68,38,India,26-35,Organic,5,18,0,2026-07-17,Monthly,1,Competitor
CUST00351,2024-01-14,Standard,62,31,India,18-25,Referral,3,14,1,2026-07-21,Monthly,0,Not Churned
CUST00352,2021-08-27,Premium,102,60,Australia,26-35,Paid Ads,3,16,1,2026-06-26,Monthly,0,Not Churned
CUST00353,2022-01-24,Standard,66,55,India,46-55,Paid Ads,2,23,1,2026-08-14,Monthly,0,Not Churned
CUST00354,2024-08-11,Basic,25,24,UK,26-35,Paid Ads,3,10,0,2026-06-24,Monthly,0,Not Churned
CUST00355,2025-01-08,Basic,28,19,USA,56+,Referral,4,7,0,2026-08-04,Monthly,1,Pricing
CUST00356,2022-03-25,Standard,54,53,India,36-45,Referral,2,11,0,2026-07-17,Annual,0,Not Churned
CUST00357,2023-12-15,Basic,27,32,India,26-35,Paid Ads,3,11,1,2026-07-27,Monthly,0,Not Churned
CUST00358,2023-04-19,Standard,55,40,USA,26-35,Organic,2,7,0,2026-07-23,Monthly,0,Not Churned
CUST00359,2023-06-18,Premium,101,38,Australia,36-45,Referral,3,13,0,2026-08-14,Annual,1,Competitor
CUST00360,2025-03-09,Standard,57,17,UK,36-45,Social Media,3,12,0,2026-08-04,Monthly,0,Not Churned
CUST00361,2022-06-23,Basic,28,50,UK,36-45,Social Media,2,15,0,2026-08-29,Monthly,0,Not Churned
CUST00362,2023-09-16,Standard,64,35,USA,36-45,Partner,7,8,0,2026-08-20,Annual,0,Not Churned
CUST00363,2025-08-06,Standard,57,12,India,36-45,Organic,5,11,0,2026-08-17,Monthly,0,Not Churned
CUST00364,2025-05-08,Standard,58,15,India,18-25,Organic,1,11,0,2026-08-02,Monthly,0,Not Churned
CUST00365,2023-05-19,Premium,98,39,USA,46-55,Paid Ads,2,15,0,2026-07-12,Monthly,0,Not Churned
CUST00366,2025-07-07,Basic,28,13,India,36-45,Organic,3,7,0,2026-07-29,Monthly,0,Not Churned
CUST00367,2024-02-13,Premium,104,30,India,26-35,Organic,3,8,1,2026-08-16,Monthly,1,Competitor
CUST00368,2023-02-18,Premium,96,42,USA,36-45,Paid Ads,2,13,0,2026-07-28,Monthly,0,Not Churned
CUST00369,2025-01-08,Basic,30,19,USA,36-45,Organic,4,14,1,2026-08-06,Monthly,0,Not Churned
CUST00370,2025-11-04,Basic,26,9,India,18-25,Organic,3,9,0,2026-06-25,Monthly,0,Not Churned
CUST00371,2021-11-25,Basic,25,57,USA,26-35,Partner,3,10,2,2026-07-06,Annual,0,Not Churned
CUST00372,2024-04-13,Basic,26,28,USA,26-35,Organic,1,7,0,2026-06-26,Monthly,0,Not Churned
CUST00373,2022-12-20,Basic,34,44,India,26-35,Organic,4,11,0,2026-08-03,Monthly,0,Not Churned
CUST00374,2021-08-27,Standard,56,60,Germany,18-25,Organic,2,10,5,2026-06-30,Annual,0,Not Churned
CUST00375,2023-01-19,Basic,31,43,India,26-35,Social Media,3,10,0,2026-07-19,Monthly,0,Not Churned
CUST00376,2021-12-25,Basic,27,56,Australia,26-35,Referral,1,16,1,2026-07-28,Monthly,0,Not Churned
CUST00377,2024-07-12,Premium,96,25,India,26-35,Organic,3,19,0,2026-08-07,Monthly,1,Competitor
CUST00378,2023-04-19,Basic,33,40,Australia,46-55,Organic,3,15,0,2026-08-14,Annual,0,Not Churned
CUST00379,2023-03-20,Premium,98,41,India,26-35,Referral,2,9,0,2026-07-08,Annual,0,Not Churned
CUST00380,2026-04-03,Basic,27,4,Canada,26-35,Organic,3,13,3,2026-07-06,Annual,0,Not Churned
CUST00381,2022-04-24,Basic,32,52,USA,26-35,Partner,3,10,0,2026-06-13,Annual,0,Not Churned
CUST00382,2023-07-18,Standard,61,37,Canada,36-45,Paid Ads,4,16,0,2026-06-03,Monthly,1,Competitor
CUST00383,2026-01-03,Standard,64,7,USA,18-25,Organic,1,17,0,2026-08-23,Monthly,0,Not Churned
CUST00384,2023-03-20,Premium,100,41,India,26-35,Social Media,4,12,0,2026-07-15,Annual,1,Competitor
CUST00385,2026-04-03,Standard,68,4,Canada,26-35,Paid Ads,2,11,0,2026-07-01,Monthly,0,Not Churned
CUST00386,2024-09-10,Premium,101,23,India,56+,Organic,2,10,0,2026-06-10,Monthly,0,Not Churned
CUST00387,2022-12-20,Basic,36,44,Germany,36-45,Paid Ads,0,17,0,2026-07-05,Monthly,0,Not Churned
CUST00388,2022-12-20,Basic,28,44,India,18-25,Social Media,7,10,1,2026-07-21,Monthly,0,Not Churned
CUST00389,2026-02-02,Standard,57,6,USA,26-35,Organic,4,15,0,2026-07-19,Monthly,0,Not Churned
CUST00390,2022-11-20,Premium,100,45,Canada,26-35,Paid Ads,5,14,0,2026-06-20,Monthly,0,Not Churned
CUST00391,2025-11-04,Premium,94,9,USA,18-25,Organic,2,14,0,2026-06-14,Monthly,0,Not Churned
CUST00392,2021-11-25,Standard,59,57,India,36-45,Social Media,0,8,0,2026-07-26,Monthly,0,Not Churned
CUST00393,2025-11-04,Basic,38,9,Canada,26-35,Paid Ads,2,10,0,2026-08-30,Monthly,0,Not Churned
CUST00394,2024-11-09,Standard,61,21,Canada,36-45,Organic,4,8,0,2026-08-01,Monthly,0,Not Churned
CUST00395,2026-05-03,Basic,30,3,Germany,26-35,Referral,0,9,0,2026-06-12,Monthly,0,Not Churned
CUST00396,2025-07-07,Premium,95,13,USA,36-45,Referral,3,4,1,2026-07-03,Monthly,1,Low Engagement
CUST00397,2023-06-18,Premium,107,38,USA,26-35,Social Media,5,10,0,2026-08-21,Annual,1,Competitor
CUST00398,2025-02-07,Standard,66,18,USA,26-35,Paid Ads,1,10,2,2026-08-27,Monthly,1,Payment Issues
CUST00399,2022-01-24,Standard,67,55,India,36-45,Social Media,3,10,1,2026-07-21,Monthly,1,Competitor
CUST00400,2022-10-21,Standard,60,46,Canada,26-35,Paid Ads,4,16,1,2026-06-11,Monthly,0,Not Churned
CUST00401,2024-01-14,Basic,36,31,India,36-45,Organic,3,10,0,2026-07-10,Monthly,0,Not Churned
CUST00402,2024-03-14,Premium,99,29,USA,46-55,Social Media,3,11,0,2026-07-29,Monthly,0,Not Churned
CUST00403,2022-01-24,Standard,66,55,USA,18-25,Paid Ads,2,9,0,2026-06-12,Annual,0,Not Churned
CUST00404,2026-06-02,Premium,98,2,UK,46-55,Referral,2,8,0,2026-07-27,Monthly,1,Competitor
CUST00405,2024-01-14,Basic,27,31,Australia,18-25,Partner,7,9,0,2026-07-07,Annual,0,Not Churned
CUST00406,2023-06-18,Premium,94,38,UK,26-35,Referral,3,19,0,2026-08-13,Annual,0,Not Churned
CUST00407,2022-04-24,Basic,36,52,USA,36-45,Organic,2,6,0,2026-07-24,Monthly,0,Not Churned
CUST00408,2026-01-03,Basic,25,7,Canada,36-45,Social Media,4,16,1,2026-07-13,Monthly,1,Pricing
CUST00409,2023-04-19,Premium,108,40,UK,18-25,Organic,3,14,0,2026-08-26,Monthly,0,Not Churned
CUST00410,2025-10-05,Basic,30,10,India,36-45,Paid Ads,3,8,0,2026-07-04,Monthly,0,Not Churned
CUST00411,2025-07-07,Basic,33,13,India,56+,Organic,6,6,0,2026-08-08,Annual,0,Not Churned
CUST00412,2021-09-26,Premium,96,59,India,26-35,Organic,2,15,1,2026-07-06,Annual,0,Not Churned
CUST00413,2026-07-02,Premium,98,1,USA,46-55,Referral,0,10,1,2026-07-06,Monthly,1,Competitor
CUST00414,2023-07-18,Standard,61,37,Australia,36-45,Paid Ads,1,10,1,2026-07-02,Monthly,0,Not Churned
CUST00415,2024-07-12,Standard,66,25,India,46-55,Referral,1,12,0,2026-08-18,Monthly,0,Not Churned
CUST00416,2024-02-13,Standard,66,30,USA,26-35,Social Media,5,14,0,2026-06-25,Monthly,1,Competitor
CUST00417,2026-06-02,Basic,31,2,Australia,36-45,Paid Ads,3,6,0,2026-06-08,Monthly,0,Not Churned
CUST00418,2023-08-17,Basic,29,36,Australia,18-25,Referral,6,11,0,2026-08-18,Annual,0,Not Churned
CUST00419,2024-08-11,Standard,58,24,UK,46-55,Social Media,7,19,0,2026-06-06,Monthly,0,Not Churned
CUST00420,2025-08-06,Standard,66,12,India,36-45,Referral,2,7,0,2026-06-12,Annual,0,Not Churned
CUST00421,2026-03-04,Standard,55,5,India,26-35,Paid Ads,1,13,0,2026-07-14,Monthly,1,Competitor
CUST00422,2021-12-25,Standard,62,56,India,26-35,Paid Ads,4,15,0,2026-07-27,Annual,0,Not Churned
CUST00423,2025-05-08,Basic,24,15,India,46-55,Paid Ads,2,11,0,2026-06-16,Annual,0,Not Churned
CUST00424,2023-02-18,Standard,64,42,India,36-45,Paid Ads,4,13,1,2026-06-11,Annual,0,Not Churned
CUST00425,2021-10-26,Basic,25,58,USA,26-35,Paid Ads,5,9,1,2026-08-26,Monthly,0,Not Churned
CUST00426,2022-07-23,Standard,66,49,India,26-35,Referral,3,6,1,2026-08-16,Monthly,0,Not Churned
CUST00427,2022-10-21,Standard,54,46,India,46-55,Organic,5,9,0,2026-07-13,Monthly,0,Not Churned
CUST00428,2026-01-03,Premium,105,7,India,26-35,Partner,5,14,1,2026-07-23,Monthly,0,Not Churned
CUST00429,2022-02-23,Basic,27,54,UK,18-25,Social Media,4,9,0,2026-07-22,Annual,0,Not Churned
CUST00430,2026-06-02,Basic,27,2,UK,46-55,Organic,4,15,0,2026-08-22,Monthly,0,Not Churned
CUST00431,2022-01-24,Basic,28,55,USA,26-35,Organic,4,12,1,2026-07-02,Monthly,0,Not Churned
CUST00432,2026-05-03,Standard,58,3,India,26-35,Referral,3,9,3,2026-07-02,Annual,1,Payment Issues
CUST00433,2026-04-03,Standard,61,4,USA,26-35,Referral,1,13,0,2026-08-13,Monthly,0,Not Churned
CUST00434,2022-08-22,Basic,34,48,India,46-55,Partner,4,11,0,2026-08-11,Monthly,0,Not Churned
CUST00435,2025-04-08,Basic,38,16,India,26-35,Organic,1,6,1,2026-07-22,Monthly,0,Not Churned
CUST00436,2024-05-13,Standard,64,27,Australia,36-45,Organic,2,9,1,2026-06-02,Monthly,0,Not Churned
CUST00437,2024-10-10,Basic,26,22,Germany,46-55,Partner,6,12,1,2026-07-24,Annual,0,Not Churned
CUST00438,2026-05-03,Premium,99,3,UK,18-25,Organic,5,9,1,2026-08-04,Annual,0,Not Churned
CUST00439,2022-07-23,Standard,65,49,Australia,46-55,Referral,3,8,0,2026-06-06,Monthly,0,Not Churned
CUST00440,2021-10-26,Basic,36,58,UK,26-35,Organic,4,11,1,2026-06-20,Monthly,0,Not Churned
CUST00441,2025-03-09,Basic,35,17,India,36-45,Social Media,6,15,1,2026-06-02,Monthly,0,Not Churned
CUST00442,2024-10-10,Premium,96,22,Germany,26-35,Organic,7,11,1,2026-06-24,Monthly,0,Not Churned
CUST00443,2022-04-24,Basic,36,52,India,36-45,Referral,0,7,0,2026-07-31,Monthly,0,Not Churned
CUST00444,2026-01-03,Basic,25,7,UK,26-35,Paid Ads,4,7,0,2026-07-26,Annual,0,Not Churned
CUST00445,2021-11-25,Premium,101,57,India,18-25,Partner,1,17,1,2026-07-02,Monthly,0,Not Churned
CUST00446,2024-02-13,Premium,94,30,USA,46-55,Organic,4,13,1,2026-08-30,Monthly,0,Not Churned
CUST00447,2025-12-04,Premium,102,8,UK,18-25,Organic,2,9,1,2026-07-14,Monthly,0,Not Churned
CUST00448,2025-01-08,Standard,64,19,USA,46-55,Organic,4,14,0,2026-08-12,Monthly,0,Not Churned
CUST00449,2026-01-03,Basic,30,7,India,26-35,Social Media,2,12,0,2026-07-07,Monthly,1,Pricing
CUST00450,2026-07-02,Basic,35,1,India,26-35,Referral,3,17,0,2026-07-02,Monthly,0,Not Churned
CUST00451,2025-04-08,Standard,63,16,India,46-55,Paid Ads,1,15,0,2026-06-05,Monthly,0,Not Churned
CUST00452,2022-06-23,Standard,66,50,Germany,26-35,Organic,7,14,0,2026-07-08,Monthly,0,Not Churned
CUST00453,2021-11-25,Standard,68,57,Canada,46-55,Paid Ads,2,9,1,2026-08-02,Monthly,0,Not Churned
CUST00454,2021-10-26,Premium,105,58,USA,26-35,Paid Ads,2,12,1,2026-06-23,Annual,0,Not Churned
CUST00455,2023-04-19,Basic,34,40,India,26-35,Paid Ads,5,15,0,2026-06-26,Monthly,0,Not Churned
CUST00456,2024-01-14,Standard,57,31,Canada,36-45,Social Media,3,14,1,2026-07-28,Monthly,0,Not Churned
CUST00457,2023-05-19,Basic,26,39,India,26-35,Organic,4,18,0,2026-08-31,Monthly,0,Not Churned
CUST00458,2024-05-13,Standard,59,27,India,26-35,Referral,5,10,0,2026-07-21,Monthly,0,Not Churned
CUST00459,2025-10-05,Basic,32,10,USA,36-45,Social Media,6,16,0,2026-08-03,Monthly,0,Not Churned
CUST00460,2023-10-16,Basic,38,34,Australia,26-35,Partner,0,13,1,2026-06-11,Annual,0,Not Churned
CUST00461,2022-09-21,Basic,32,47,India,26-35,Referral,3,6,0,2026-06-23,Annual,0,Not Churned
CUST00462,2025-06-07,Standard,57,14,India,46-55,Organic,5,13,0,2026-07-03,Monthly,0,Not Churned
CUST00463,2026-06-02,Standard,63,2,USA,46-55,Referral,5,13,1,2026-06-07,Monthly,0,Not Churned
CUST00464,2023-05-19,Standard,58,39,India,26-35,Organic,4,11,1,2026-07-27,Monthly,0,Not Churned
CUST00465,2022-01-24,Premium,104,55,USA,36-45,Organic,2,10,0,2026-07-31,Monthly,0,Not Churned
CUST00466,2024-10-10,Basic,36,22,USA,36-45,Referral,5,12,0,2026-08-31,Monthly,1,Pricing
CUST00467,2024-06-12,Basic,32,26,USA,36-45,Social Media,3,13,1,2026-07-11,Annual,0,Not Churned
CUST00468,2022-12-20,Premium,95,44,India,26-35,Organic,6,12,0,2026-07-25,Monthly,0,Not Churned
CUST00469,2026-03-04,Basic,25,5,India,56+,Organic,2,13,1,2026-08-28,Annual,0,Not Churned
CUST00470,2023-06-18,Premium,98,38,Australia,18-25,Referral,1,8,1,2026-06-18,Monthly,0,Not Churned
CUST00471,2025-04-08,Basic,24,16,Australia,36-45,Organic,4,10,0,2026-06-10,Monthly,0,Not Churned
CUST00472,2025-08-06,Premium,101,12,India,46-55,Referral,8,17,0,2026-06-23,Monthly,0,Not Churned
CUST00473,2023-03-20,Basic,28,41,India,36-45,Organic,3,9,0,2026-07-15,Annual,0,Not Churned
CUST00474,2022-04-24,Premium,105,52,India,46-55,Organic,2,11,0,2026-06-30,Monthly,0,Not Churned
CUST00475,2022-12-20,Standard,63,44,UK,26-35,Paid Ads,4,13,0,2026-06-02,Monthly,0,Not Churned
CUST00476,2023-02-18,Premium,95,42,UK,26-35,Social Media,7,17,0,2026-08-08,Annual,0,Not Churned
CUST00477,2025-03-09,Basic,35,17,USA,46-55,Referral,2,10,1,2026-06-14,Annual,0,Not Churned
CUST00478,2024-07-12,Standard,62,25,UK,26-35,Social Media,4,14,0,2026-07-18,Annual,0,Not Churned
CUST00479,2024-08-11,Premium,95,24,UK,36-45,Organic,2,14,0,2026-06-28,Monthly,0,Not Churned
CUST00480,2025-09-05,Standard,60,11,Germany,18-25,Social Media,7,13,0,2026-07-12,Annual,1,Poor Support Experience
CUST00481,2025-02-07,Standard,61,18,India,36-45,Paid Ads,2,16,0,2026-07-07,Annual,0,Not Churned
CUST00482,2023-08-17,Standard,67,36,India,36-45,Social Media,2,13,2,2026-06-15,Annual,0,Not Churned
CUST00483,2026-05-03,Standard,59,3,India,26-35,Paid Ads,2,5,2,2026-08-31,Annual,0,Not Churned
CUST00484,2025-01-08,Standard,67,19,Australia,26-35,Organic,2,9,0,2026-06-21,Annual,0,Not Churned
CUST00485,2026-02-02,Standard,64,6,Canada,36-45,Organic,0,11,2,2026-08-09,Monthly,0,Not Churned
CUST00486,2024-09-10,Premium,100,23,USA,18-25,Referral,3,17,0,2026-08-10,Monthly,1,Competitor
CUST00487,2023-04-19,Basic,34,40,India,36-45,Organic,1,8,1,2026-07-14,Annual,0,Not Churned
CUST00488,2026-01-03,Basic,24,7,India,36-45,Partner,6,7,0,2026-08-07,Monthly,0,Not Churned
CUST00489,2022-09-21,Premium,97,47,India,26-35,Organic,4,7,0,2026-06-02,Monthly,1,Competitor
CUST00490,2022-12-20,Premium,106,44,USA,36-45,Paid Ads,2,15,0,2026-06-25,Annual,0,Not Churned
CUST00491,2022-09-21,Standard,60,47,India,26-35,Organic,2,10,0,2026-06-28,Monthly,0,Not Churned
CUST00492,2025-11-04,Standard,54,9,India,26-35,Organic,1,14,0,2026-07-10,Monthly,0,Not Churned
CUST00493,2026-06-02,Basic,36,2,Canada,26-35,Referral,6,20,1,2026-08-11,Monthly,1,Pricing
CUST00494,2021-10-26,Basic,24,58,India,36-45,Referral,2,11,0,2026-07-21,Monthly,0,Not Churned
CUST00495,2022-04-24,Standard,64,52,USA,46-55,Social Media,3,16,1,2026-08-12,Annual,0,Not Churned
CUST00496,2022-09-21,Basic,29,47,India,18-25,Organic,5,14,0,2026-08-16,Annual,0,Not Churned
CUST00497,2022-06-23,Standard,57,50,Canada,26-35,Partner,4,7,0,2026-06-29,Annual,0,Not Churned
CUST00498,2022-11-20,Basic,26,45,USA,18-25,Paid Ads,1,10,0,2026-07-14,Annual,0,Not Churned
CUST00499,2022-08-22,Premium,105,48,Australia,36-45,Partner,4,7,1,2026-06-28,Monthly,0,Not Churned
CUST00500,2022-09-21,Premium,108,47,USA,26-35,Organic,2,15,1,2026-06-10,Monthly,0,Not Churned
CUST00501,2025-09-05,Standard,58,11,Germany,36-45,Referral,5,19,0,2026-07-24,Annual,0,Not Churned
CUST00502,2026-05-03,Standard,62,3,Australia,26-35,Referral,2,16,1,2026-07-08,Annual,0,Not Churned
CUST00503,2023-02-18,Basic,33,42,USA,46-55,Paid Ads,2,10,1,2026-08-10,Monthly,0,Not Churned
CUST00504,2022-07-23,Premium,103,49,Germany,36-45,Organic,7,15,0,2026-06-17,Annual,0,Not Churned
CUST00505,2024-02-13,Standard,65,30,India,46-55,Referral,3,11,0,2026-08-12,Annual,0,Not Churned
CUST00506,2025-12-04,Basic,37,8,USA,18-25,Organic,3,9,0,2026-08-11,Monthly,0,Not Churned
CUST00507,2023-07-18,Premium,107,37,India,36-45,Paid Ads,6,14,0,2026-08-08,Monthly,0,Not Churned
CUST00508,2024-11-09,Premium,105,21,USA,36-45,Referral,2,9,0,2026-06-12,Monthly,0,Not Churned
CUST00509,2025-12-04,Premium,104,8,Canada,36-45,Referral,6,8,1,2026-07-31,Monthly,0,Not Churned
CUST00510,2022-09-21,Standard,63,47,Canada,18-25,Partner,6,9,1,2026-08-28,Annual,0,Not Churned
CUST00511,2025-09-05,Standard,56,11,India,56+,Organic,2,16,2,2026-08-26,Annual,1,Payment Issues
CUST00512,2023-03-20,Standard,58,41,USA,26-35,Paid Ads,2,19,0,2026-06-06,Monthly,0,Not Churned
CUST00513,2021-11-25,Premium,103,57,India,26-35,Paid Ads,4,10,0,2026-07-01,Annual,0,Not Churned
CUST00514,2021-10-26,Premium,98,58,UK,26-35,Referral,2,13,0,2026-07-14,Annual,0,Not Churned
CUST00515,2021-11-25,Basic,32,57,India,36-45,Partner,0,12,0,2026-08-26,Monthly,1,Pricing
CUST00516,2023-10-16,Basic,34,34,Australia,36-45,Partner,2,6,1,2026-06-30,Monthly,0,Not Churned
CUST00517,2023-05-19,Basic,35,39,India,26-35,Partner,3,15,1,2026-08-03,Annual,0,Not Churned
CUST00518,2025-04-08,Premium,103,16,India,26-35,Social Media,2,6,1,2026-06-16,Annual,0,Not Churned
CUST00519,2026-01-03,Premium,104,7,Australia,36-45,Partner,3,14,0,2026-07-18,Monthly,0,Not Churned
CUST00520,2026-04-03,Basic,27,4,USA,26-35,Paid Ads,1,15,1,2026-08-15,Monthly,0,Not Churned
CUST00521,2023-12-15,Standard,54,32,India,46-55,Partner,2,7,0,2026-08-05,Monthly,0,Not Churned
CUST00522,2023-07-18,Basic,33,37,USA,46-55,Social Media,3,7,1,2026-06-08,Annual,0,Not Churned
CUST00523,2022-10-21,Premium,98,46,India,26-35,Organic,5,12,2,2026-08-15,Monthly,0,Not Churned
CUST00524,2024-10-10,Premium,94,22,Germany,18-25,Organic,5,8,0,2026-07-15,Monthly,0,Not Churned
CUST00525,2026-01-03,Premium,99,7,USA,46-55,Organic,9,6,0,2026-07-31,Annual,0,Not Churned
CUST00526,2025-07-07,Standard,65,13,India,18-25,Social Media,5,8,0,2026-08-10,Monthly,0,Not Churned
CUST00527,2025-02-07,Standard,63,18,USA,26-35,Referral,3,14,0,2026-08-21,Monthly,1,Competitor
CUST00528,2023-02-18,Basic,33,42,India,26-35,Organic,2,11,1,2026-07-09,Annual,1,Pricing
CUST00529,2023-10-16,Basic,38,34,Canada,26-35,Referral,1,13,1,2026-06-03,Monthly,0,Not Churned
CUST00530,2025-07-07,Premium,100,13,Germany,46-55,Organic,2,9,0,2026-08-12,Monthly,0,Not Churned
CUST00531,2023-10-16,Premium,94,34,Australia,36-45,Social Media,4,11,1,2026-06-05,Monthly,0,Not Churned
CUST00532,2024-03-14,Premium,103,29,India,56+,Social Media,1,8,0,2026-07-09,Monthly,1,Competitor
CUST00533,2022-09-21,Premium,97,47,India,26-35,Partner,2,14,0,2026-08-05,Monthly,0,Not Churned
CUST00534,2026-03-04,Standard,62,5,India,26-35,Organic,5,9,1,2026-06-04,Monthly,0,Not Churned
CUST00535,2022-02-23,Standard,66,54,UK,56+,Partner,1,11,1,2026-06-02,Monthly,0,Not Churned
CUST00536,2024-01-14,Premium,94,31,USA,46-55,Paid Ads,1,22,1,2026-06-25,Monthly,0,Not Churned
CUST00537,2025-09-05,Premium,102,11,USA,36-45,Paid Ads,7,7,0,2026-07-01,Monthly,0,Not Churned
CUST00538,2023-06-18,Basic,31,38,Australia,26-35,Paid Ads,0,15,1,2026-08-25,Monthly,1,Pricing
CUST00539,2022-05-24,Standard,58,51,India,36-45,Referral,1,14,0,2026-08-19,Monthly,0,Not Churned
CUST00540,2021-08-27,Basic,29,60,India,26-35,Partner,3,10,2,2026-08-08,Monthly,0,Not Churned
CUST00541,2022-09-21,Premium,100,47,India,36-45,Referral,3,11,0,2026-06-10,Monthly,0,Not Churned
CUST00542,2026-04-03,Standard,57,4,India,36-45,Partner,5,18,0,2026-07-13,Monthly,0,Not Churned
CUST00543,2026-01-03,Basic,37,7,India,36-45,Organic,2,11,0,2026-07-05,Monthly,0,Not Churned
CUST00544,2024-09-10,Standard,67,23,USA,36-45,Paid Ads,2,11,1,2026-06-21,Monthly,0,Not Churned
CUST00545,2024-01-14,Standard,59,31,India,36-45,Paid Ads,2,12,0,2026-07-27,Annual,0,Not Churned
CUST00546,2022-02-23,Basic,30,54,India,18-25,Paid Ads,3,8,1,2026-07-16,Monthly,0,Not Churned
CUST00547,2025-03-09,Basic,34,17,Canada,26-35,Partner,4,14,1,2026-08-02,Monthly,0,Not Churned
CUST00548,2025-10-05,Standard,68,10,India,36-45,Referral,4,6,1,2026-08-31,Monthly,0,Not Churned
CUST00549,2024-10-10,Standard,59,22,UK,26-35,Paid Ads,3,11,0,2026-07-13,Monthly,0,Not Churned
CUST00550,2024-02-13,Standard,64,30,India,26-35,Social Media,4,11,1,2026-06-19,Monthly,0,Not Churned
CUST00551,2024-03-14,Standard,66,29,USA,18-25,Paid Ads,3,19,1,2026-08-25,Monthly,0,Not Churned
CUST00552,2025-03-09,Premium,108,17,Germany,26-35,Organic,5,9,0,2026-08-18,Annual,0,Not Churned
CUST00553,2023-01-19,Standard,65,43,India,56+,Paid Ads,3,15,0,2026-07-10,Annual,0,Not Churned
CUST00554,2024-11-09,Standard,59,21,USA,26-35,Referral,3,22,1,2026-06-06,Monthly,0,Not Churned
CUST00555,2024-10-10,Premium,95,22,Australia,36-45,Partner,4,18,1,2026-07-12,Monthly,0,Not Churned
CUST00556,2022-08-22,Standard,58,48,USA,36-45,Organic,4,16,0,2026-07-27,Monthly,1,Competitor
CUST00557,2023-05-19,Basic,26,39,India,18-25,Paid Ads,2,18,0,2026-07-19,Annual,0,Not Churned
CUST00558,2023-04-19,Basic,30,40,USA,46-55,Organic,3,11,0,2026-08-05,Monthly,0,Not Churned
CUST00559,2022-08-22,Standard,57,48,UK,26-35,Organic,6,11,0,2026-08-16,Monthly,0,Not Churned
CUST00560,2022-08-22,Standard,54,48,Australia,46-55,Referral,4,17,2,2026-07-31,Monthly,0,Not Churned
CUST00561,2021-11-25,Standard,65,57,India,18-25,Organic,2,8,2,2026-08-17,Annual,0,Not Churned
CUST00562,2024-10-10,Basic,35,22,India,18-25,Referral,2,19,0,2026-06-13,Monthly,0,Not Churned
CUST00563,2024-05-13,Basic,29,27,India,26-35,Paid Ads,0,8,1,2026-08-18,Monthly,0,Not Churned
CUST00564,2024-09-10,Basic,29,23,India,26-35,Organic,2,17,0,2026-07-19,Monthly,0,Not Churned
CUST00565,2026-04-03,Basic,30,4,India,46-55,Paid Ads,2,19,0,2026-08-29,Monthly,0,Not Churned
CUST00566,2024-06-12,Standard,68,26,India,18-25,Organic,3,11,2,2026-08-06,Monthly,0,Not Churned
CUST00567,2023-05-19,Basic,34,39,India,36-45,Social Media,0,11,1,2026-06-09,Annual,0,Not Churned
CUST00568,2021-10-26,Standard,61,58,India,18-25,Organic,4,15,0,2026-07-22,Annual,0,Not Churned
CUST00569,2025-03-09,Premium,108,17,Germany,46-55,Organic,2,6,0,2026-07-30,Annual,0,Not Churned
CUST00570,2026-05-03,Basic,26,3,India,36-45,Referral,7,12,0,2026-08-06,Monthly,1,Poor Support Experience
CUST00571,2025-03-09,Standard,67,17,India,26-35,Partner,4,13,0,2026-07-01,Annual,0,Not Churned
CUST00572,2023-01-19,Standard,59,43,India,26-35,Social Media,7,17,1,2026-06-17,Annual,0,Not Churned
CUST00573,2023-04-19,Basic,33,40,Germany,36-45,Organic,1,9,0,2026-06-16,Monthly,0,Not Churned
CUST00574,2025-01-08,Standard,55,19,Canada,26-35,Organic,4,16,0,2026-06-29,Monthly,0,Not Churned
CUST00575,2023-05-19,Premium,106,39,Canada,26-35,Referral,1,9,0,2026-07-08,Annual,0,Not Churned
CUST00576,2025-02-07,Premium,107,18,India,36-45,Social Media,3,9,0,2026-07-01,Monthly,0,Not Churned
CUST00577,2021-08-27,Basic,32,60,Australia,56+,Paid Ads,2,23,1,2026-08-25,Monthly,0,Not Churned
CUST00578,2024-04-13,Premium,95,28,USA,46-55,Paid Ads,2,9,0,2026-07-12,Monthly,0,Not Churned
CUST00579,2022-03-25,Standard,56,53,India,36-45,Organic,2,16,0,2026-06-23,Monthly,0,Not Churned
CUST00580,2025-05-08,Basic,35,15,USA,36-45,Organic,0,13,0,2026-06-07,Annual,0,Not Churned
CUST00581,2022-05-24,Standard,68,51,Australia,56+,Referral,3,15,0,2026-08-27,Monthly,1,Competitor
CUST00582,2024-06-12,Premium,108,26,Canada,36-45,Organic,4,14,0,2026-06-26,Monthly,0,Not Churned
CUST00583,2023-09-16,Standard,66,35,Australia,26-35,Organic,2,8,0,2026-07-23,Monthly,0,Not Churned
CUST00584,2025-04-08,Basic,33,16,Germany,46-55,Organic,3,11,0,2026-06-03,Annual,0,Not Churned
CUST00585,2025-05-08,Standard,65,15,India,26-35,Paid Ads,3,10,1,2026-06-19,Annual,0,Not Churned
CUST00586,2026-03-04,Basic,35,5,USA,18-25,Organic,2,12,0,2026-07-02,Monthly,0,Not Churned
CUST00587,2022-10-21,Basic,25,46,India,36-45,Paid Ads,8,9,0,2026-06-10,Monthly,0,Not Churned
CUST00588,2024-08-11,Basic,32,24,Australia,18-25,Partner,2,12,0,2026-07-14,Monthly,0,Not Churned
CUST00589,2026-06-02,Basic,24,2,India,26-35,Organic,4,20,0,2026-07-12,Monthly,0,Not Churned
CUST00590,2021-09-26,Basic,28,59,Australia,26-35,Referral,5,8,1,2026-06-17,Monthly,0,Not Churned
CUST00591,2023-08-17,Basic,24,36,India,36-45,Social Media,2,12,1,2026-06-03,Annual,0,Not Churned
CUST00592,2022-04-24,Standard,58,52,USA,56+,Paid Ads,3,10,1,2026-06-18,Monthly,0,Not Churned
CUST00593,2022-11-20,Basic,31,45,India,26-35,Organic,6,16,2,2026-07-24,Monthly,1,Payment Issues
CUST00594,2022-08-22,Basic,31,48,India,26-35,Organic,5,18,0,2026-06-22,Annual,0,Not Churned
CUST00595,2024-01-14,Premium,104,31,Australia,18-25,Referral,4,5,1,2026-08-20,Monthly,0,Not Churned
CUST00596,2024-02-13,Standard,61,30,India,36-45,Referral,3,17,0,2026-07-24,Monthly,0,Not Churned
CUST00597,2025-08-06,Standard,55,12,USA,36-45,Organic,3,20,1,2026-07-16,Monthly,0,Not Churned
CUST00598,2021-09-26,Basic,31,59,India,26-35,Social Media,3,7,0,2026-08-25,Monthly,0,Not Churned
CUST00599,2023-07-18,Basic,35,37,USA,26-35,Referral,6,13,1,2026-08-10,Annual,0,Not Churned
CUST00600,2022-02-23,Basic,28,54,India,36-45,Organic,5,12,0,2026-07-17,Annual,0,Not Churned
CUST00601,2021-11-25,Basic,38,57,India,36-45,Social Media,4,10,0,2026-07-15,Monthly,0,Not Churned
CUST00602,2024-11-09,Basic,24,21,Australia,26-35,Organic,2,16,0,2026-08-20,Monthly,0,Not Churned
CUST00603,2025-08-06,Basic,30,12,USA,26-35,Referral,4,7,1,2026-06-03,Monthly,0,Not Churned
CUST00604,2021-10-26,Basic,36,58,India,26-35,Organic,3,16,0,2026-08-13,Annual,0,Not Churned
CUST00605,2023-04-19,Basic,29,40,USA,56+,Referral,2,10,1,2026-07-23,Annual,0,Not Churned
CUST00606,2023-07-18,Standard,58,37,India,46-55,Organic,4,15,0,2026-08-09,Monthly,1,Competitor
CUST00607,2023-09-16,Basic,24,35,India,36-45,Referral,5,13,0,2026-07-05,Annual,0,Not Churned
CUST00608,2024-10-10,Basic,37,22,USA,46-55,Organic,1,17,0,2026-07-14,Monthly,1,Pricing
CUST00609,2022-11-20,Standard,67,45,India,36-45,Referral,3,9,0,2026-08-17,Monthly,0,Not Churned
CUST00610,2023-08-17,Standard,54,36,UK,46-55,Organic,5,12,1,2026-08-23,Monthly,0,Not Churned
CUST00611,2022-03-25,Basic,29,53,USA,18-25,Organic,0,8,0,2026-07-22,Annual,0,Not Churned
CUST00612,2025-12-04,Standard,63,8,Canada,26-35,Organic,2,13,0,2026-06-20,Monthly,0,Not Churned
CUST00613,2024-05-13,Standard,65,27,Germany,36-45,Organic,3,16,0,2026-08-04,Annual,0,Not Churned
CUST00614,2024-05-13,Basic,30,27,India,36-45,Referral,3,11,1,2026-07-14,Monthly,0,Not Churned
CUST00615,2023-08-17,Premium,103,36,India,26-35,Partner,2,11,1,2026-06-17,Annual,0,Not Churned
CUST00616,2026-01-03,Premium,103,7,India,26-35,Social Media,4,10,1,2026-06-24,Monthly,0,Not Churned
CUST00617,2026-05-03,Basic,24,3,India,26-35,Social Media,1,6,2,2026-08-19,Monthly,0,Not Churned
CUST00618,2026-04-03,Basic,32,4,Canada,26-35,Organic,2,8,0,2026-08-09,Monthly,0,Not Churned
CUST00619,2024-08-11,Premium,108,24,Canada,26-35,Organic,1,13,1,2026-08-26,Annual,0,Not Churned
CUST00620,2025-12-04,Standard,57,8,USA,36-45,Referral,6,14,0,2026-08-20,Annual,0,Not Churned
CUST00621,2022-11-20,Basic,28,45,USA,46-55,Partner,2,12,0,2026-07-17,Monthly,1,Pricing
CUST00622,2025-07-07,Basic,25,13,India,36-45,Referral,0,15,0,2026-06-20,Monthly,0,Not Churned
CUST00623,2025-11-04,Basic,37,9,USA,46-55,Paid Ads,2,11,0,2026-07-30,Annual,0,Not Churned
CUST00624,2024-12-09,Standard,65,20,Canada,46-55,Organic,2,13,2,2026-06-29,Monthly,0,Not Churned
CUST00625,2021-10-26,Standard,63,58,USA,26-35,Organic,1,10,0,2026-08-03,Annual,0,Not Churned
CUST00626,2024-12-09,Basic,36,20,India,26-35,Paid Ads,8,11,1,2026-07-26,Annual,0,Not Churned
CUST00627,2026-03-04,Standard,61,5,UK,18-25,Referral,0,5,0,2026-08-30,Monthly,0,Not Churned
CUST00628,2022-10-21,Standard,67,46,USA,46-55,Organic,4,13,0,2026-08-05,Monthly,1,Competitor
CUST00629,2026-03-04,Basic,25,5,USA,18-25,Social Media,4,12,2,2026-08-02,Annual,0,Not Churned
CUST00630,2023-09-16,Basic,26,35,USA,36-45,Partner,4,12,0,2026-08-07,Monthly,0,Not Churned
CUST00631,2026-07-02,Standard,68,1,USA,26-35,Social Media,1,12,0,2026-08-25,Monthly,0,Not Churned
CUST00632,2023-02-18,Premium,105,42,UK,46-55,Partner,4,11,0,2026-07-10,Monthly,0,Not Churned
CUST00633,2025-05-08,Standard,68,15,Australia,26-35,Organic,5,12,1,2026-06-03,Annual,0,Not Churned
CUST00634,2025-03-09,Standard,62,17,India,46-55,Partner,1,12,1,2026-08-05,Annual,0,Not Churned
CUST00635,2025-08-06,Basic,25,12,Germany,26-35,Paid Ads,7,13,0,2026-07-22,Monthly,0,Not Churned
CUST00636,2022-10-21,Standard,67,46,USA,26-35,Social Media,2,9,3,2026-07-21,Monthly,0,Not Churned
CUST00637,2021-12-25,Standard,59,56,UK,36-45,Organic,2,9,1,2026-06-29,Monthly,0,Not Churned
CUST00638,2023-08-17,Basic,35,36,Australia,56+,Paid Ads,1,13,1,2026-08-07,Annual,0,Not Churned
CUST00639,2023-01-19,Basic,27,43,USA,36-45,Organic,3,9,0,2026-06-15,Monthly,0,Not Churned
CUST00640,2021-10-26,Basic,30,58,Australia,46-55,Organic,3,12,2,2026-07-01,Monthly,0,Not Churned
CUST00641,2025-05-08,Basic,37,15,India,36-45,Partner,5,11,1,2026-06-17,Monthly,0,Not Churned
CUST00642,2025-06-07,Basic,37,14,India,36-45,Social Media,2,16,1,2026-06-02,Monthly,0,Not Churned
CUST00643,2024-05-13,Basic,29,27,UK,26-35,Paid Ads,1,21,1,2026-06-21,Monthly,0,Not Churned
CUST00644,2022-06-23,Basic,33,50,Australia,26-35,Paid Ads,1,13,3,2026-06-09,Monthly,0,Not Churned
CUST00645,2024-10-10,Basic,37,22,Australia,26-35,Referral,3,12,1,2026-08-05,Monthly,0,Not Churned
CUST00646,2025-11-04,Premium,102,9,UK,56+,Paid Ads,3,9,1,2026-06-28,Monthly,0,Not Churned
CUST00647,2022-09-21,Standard,67,47,USA,56+,Social Media,1,18,1,2026-07-19,Annual,0,Not Churned
CUST00648,2024-11-09,Standard,62,21,India,36-45,Paid Ads,2,14,2,2026-06-02,Annual,0,Not Churned
CUST00649,2026-05-03,Standard,63,3,Germany,26-35,Referral,1,13,0,2026-06-18,Monthly,1,Competitor
CUST00650,2022-04-24,Standard,57,52,India,26-35,Partner,0,8,0,2026-07-08,Annual,1,Competitor
CUST00651,2024-01-14,Basic,24,31,Canada,56+,Paid Ads,5,8,0,2026-07-12,Annual,0,Not Churned
CUST00652,2025-07-07,Standard,55,13,USA,18-25,Paid Ads,6,10,1,2026-08-22,Monthly,0,Not Churned
CUST00653,2026-06-02,Standard,61,2,UK,46-55,Partner,1,12,1,2026-07-01,Monthly,0,Not Churned
CUST00654,2022-09-21,Standard,67,47,USA,26-35,Partner,3,16,2,2026-06-26,Annual,1,Payment Issues
CUST00655,2025-06-07,Standard,63,14,Germany,26-35,Partner,3,9,0,2026-08-03,Monthly,0,Not Churned
CUST00656,2026-01-03,Basic,31,7,USA,46-55,Referral,0,11,0,2026-06-30,Annual,0,Not Churned
CUST00657,2024-03-14,Basic,37,29,Germany,18-25,Paid Ads,3,9,0,2026-07-03,Monthly,0,Not Churned
CUST00658,2026-04-03,Basic,38,4,India,26-35,Organic,2,19,0,2026-06-18,Annual,0,Not Churned
CUST00659,2026-04-03,Standard,55,4,USA,56+,Organic,4,13,1,2026-06-23,Monthly,0,Not Churned
CUST00660,2024-08-11,Standard,57,24,UK,36-45,Referral,5,13,1,2026-08-28,Monthly,0,Not Churned
CUST00661,2023-02-18,Basic,24,42,Canada,36-45,Organic,2,16,0,2026-06-23,Annual,0,Not Churned
CUST00662,2024-11-09,Premium,100,21,Australia,36-45,Referral,5,9,0,2026-07-16,Annual,0,Not Churned
CUST00663,2022-05-24,Standard,57,51,India,18-25,Partner,4,13,1,2026-08-01,Monthly,0,Not Churned
CUST00664,2022-11-20,Basic,34,45,India,26-35,Partner,3,12,1,2026-06-17,Monthly,0,Not Churned
CUST00665,2024-04-13,Basic,37,28,USA,26-35,Organic,6,14,0,2026-07-05,Monthly,0,Not Churned
CUST00666,2023-06-18,Basic,31,38,India,26-35,Paid Ads,1,13,2,2026-06-17,Monthly,1,Payment Issues
CUST00667,2025-12-04,Basic,32,8,Germany,26-35,Social Media,7,12,0,2026-06-26,Monthly,1,Poor Support Experience
CUST00668,2023-02-18,Basic,35,42,India,36-45,Paid Ads,1,11,1,2026-06-30,Monthly,0,Not Churned
CUST00669,2025-03-09,Basic,32,17,USA,18-25,Social Media,5,10,2,2026-08-23,Monthly,0,Not Churned
CUST00670,2025-11-04,Basic,26,9,India,36-45,Social Media,1,10,0,2026-06-22,Annual,0,Not Churned
CUST00671,2022-10-21,Basic,28,46,USA,18-25,Paid Ads,5,19,0,2026-07-19,Monthly,1,Pricing
CUST00672,2024-12-09,Premium,99,20,USA,18-25,Paid Ads,7,17,1,2026-06-25,Monthly,1,Poor Support Experience
CUST00673,2026-03-04,Basic,29,5,India,26-35,Paid Ads,2,11,0,2026-08-05,Annual,0,Not Churned
CUST00674,2021-10-26,Standard,63,58,India,46-55,Referral,3,6,0,2026-07-01,Annual,0,Not Churned
CUST00675,2023-09-16,Standard,61,35,USA,18-25,Paid Ads,4,13,0,2026-06-10,Monthly,0,Not Churned
CUST00676,2023-03-20,Premium,99,41,Germany,36-45,Social Media,2,13,0,2026-07-21,Monthly,0,Not Churned
CUST00677,2024-03-14,Basic,29,29,India,36-45,Partner,1,13,0,2026-08-08,Annual,0,Not Churned
CUST00678,2025-08-06,Basic,27,12,USA,26-35,Organic,1,9,0,2026-06-04,Monthly,0,Not Churned
CUST00679,2022-02-23,Premium,100,54,Germany,36-45,Partner,2,5,0,2026-08-09,Annual,1,Competitor
CUST00680,2023-12-15,Premium,107,32,Canada,46-55,Referral,6,9,1,2026-07-21,Monthly,0,Not Churned
CUST00681,2024-01-14,Premium,107,31,Germany,36-45,Social Media,6,13,0,2026-08-13,Annual,0,Not Churned
CUST00682,2024-01-14,Basic,31,31,Germany,26-35,Organic,4,11,0,2026-06-12,Annual,0,Not Churned
CUST00683,2026-07-02,Basic,26,1,USA,36-45,Organic,6,11,1,2026-08-07,Monthly,0,Not Churned
CUST00684,2021-11-25,Standard,60,57,UK,36-45,Paid Ads,3,9,1,2026-07-02,Monthly,0,Not Churned
CUST00685,2023-01-19,Premium,96,43,India,18-25,Paid Ads,2,12,0,2026-07-19,Monthly,0,Not Churned
CUST00686,2026-03-04,Standard,61,5,USA,18-25,Organic,1,15,0,2026-06-24,Monthly,0,Not Churned
CUST00687,2022-05-24,Standard,54,51,Canada,26-35,Social Media,4,10,2,2026-08-19,Monthly,0,Not Churned
CUST00688,2023-08-17,Basic,24,36,USA,18-25,Paid Ads,6,10,2,2026-06-30,Monthly,0,Not Churned
CUST00689,2025-08-06,Standard,67,12,UK,26-35,Partner,3,12,0,2026-06-19,Monthly,0,Not Churned
CUST00690,2025-04-08,Basic,29,16,Canada,26-35,Referral,2,14,0,2026-07-09,Monthly,0,Not Churned
CUST00691,2025-04-08,Basic,33,16,India,26-35,Organic,2,11,0,2026-07-16,Monthly,0,Not Churned
CUST00692,2024-11-09,Standard,62,21,Australia,46-55,Paid Ads,2,17,1,2026-06-16,Annual,0,Not Churned
CUST00693,2023-11-15,Standard,65,33,USA,36-45,Partner,3,7,2,2026-06-12,Monthly,0,Not Churned
CUST00694,2024-06-12,Basic,37,26,India,46-55,Referral,5,15,0,2026-07-11,Annual,0,Not Churned
CUST00695,2026-05-03,Basic,27,3,Australia,36-45,Organic,2,7,1,2026-07-05,Annual,1,Pricing
CUST00696,2024-09-10,Standard,59,23,USA,18-25,Partner,2,5,0,2026-07-08,Annual,0,Not Churned
CUST00697,2024-07-12,Basic,35,25,Canada,26-35,Organic,3,9,2,2026-06-12,Annual,0,Not Churned
CUST00698,2022-02-23,Standard,58,54,USA,46-55,Referral,5,14,1,2026-06-19,Monthly,0,Not Churned
CUST00699,2024-12-09,Basic,35,20,USA,26-35,Paid Ads,5,10,0,2026-08-28,Monthly,0,Not Churned
CUST00700,2022-09-21,Standard,68,47,Canada,18-25,Paid Ads,2,10,0,2026-08-08,Monthly,0,Not Churned
CUST00701,2022-04-24,Standard,54,52,USA,26-35,Organic,4,16,3,2026-07-05,Monthly,0,Not Churned
CUST00702,2021-11-25,Basic,29,57,USA,26-35,Partner,4,16,0,2026-06-28,Monthly,0,Not Churned
CUST00703,2022-07-23,Basic,32,49,India,26-35,Partner,2,14,0,2026-08-30,Annual,0,Not Churned
CUST00704,2022-02-23,Basic,38,54,Australia,18-25,Paid Ads,1,10,0,2026-06-23,Monthly,0,Not Churned
CUST00705,2023-08-17,Basic,38,36,India,26-35,Organic,3,12,2,2026-08-18,Monthly,1,Payment Issues
CUST00706,2023-09-16,Premium,105,35,Australia,36-45,Organic,3,17,0,2026-06-29,Monthly,0,Not Churned
CUST00707,2023-01-19,Basic,26,43,USA,26-35,Organic,2,11,1,2026-06-30,Annual,0,Not Churned
CUST00708,2023-11-15,Premium,104,33,UK,36-45,Paid Ads,3,12,0,2026-06-02,Monthly,0,Not Churned
CUST00709,2026-03-04,Basic,38,5,Germany,36-45,Paid Ads,5,14,1,2026-07-11,Annual,1,Pricing
CUST00710,2026-04-03,Standard,56,4,India,36-45,Organic,5,7,0,2026-08-27,Monthly,0,Not Churned
CUST00711,2021-10-26,Standard,67,58,USA,26-35,Paid Ads,2,15,4,2026-06-28,Annual,1,Payment Issues
CUST00712,2022-04-24,Standard,55,52,Canada,36-45,Referral,4,13,2,2026-07-20,Monthly,1,Payment Issues
CUST00713,2025-12-04,Standard,66,8,Canada,18-25,Social Media,2,9,0,2026-08-11,Monthly,0,Not Churned
CUST00714,2025-09-05,Standard,57,11,USA,26-35,Referral,5,12,1,2026-08-20,Annual,0,Not Churned
CUST00715,2023-01-19,Basic,33,43,UK,36-45,Referral,5,11,1,2026-06-27,Monthly,0,Not Churned
CUST00716,2022-06-23,Premium,96,50,Canada,26-35,Paid Ads,2,13,0,2026-06-22,Monthly,1,Competitor
CUST00717,2024-05-13,Premium,105,27,Australia,26-35,Paid Ads,4,11,1,2026-06-19,Monthly,0,Not Churned
CUST00718,2025-10-05,Premium,95,10,Canada,26-35,Referral,6,14,0,2026-06-11,Annual,0,Not Churned
CUST00719,2021-09-26,Basic,24,59,USA,18-25,Referral,3,13,0,2026-07-28,Annual,1,Pricing
CUST00720,2021-10-26,Standard,56,58,Germany,26-35,Paid Ads,1,21,1,2026-07-24,Annual,0,Not Churned
CUST00721,2022-11-20,Premium,103,45,USA,56+,Paid Ads,4,7,1,2026-07-04,Monthly,0,Not Churned
CUST00722,2024-12-09,Basic,29,20,India,26-35,Partner,2,11,1,2026-06-30,Monthly,0,Not Churned
CUST00723,2023-12-15,Basic,32,32,USA,26-35,Referral,1,14,1,2026-07-24,Monthly,1,Pricing
CUST00724,2022-08-22,Standard,64,48,India,36-45,Referral,4,12,1,2026-08-28,Monthly,0,Not Churned
CUST00725,2024-05-13,Standard,58,27,India,36-45,Social Media,1,7,0,2026-06-10,Monthly,1,Competitor
CUST00726,2022-07-23,Premium,108,49,India,46-55,Organic,3,9,0,2026-06-10,Annual,0,Not Churned
CUST00727,2025-02-07,Basic,26,18,India,46-55,Paid Ads,8,13,0,2026-07-13,Monthly,0,Not Churned
CUST00728,2024-06-12,Standard,67,26,UK,36-45,Partner,3,13,0,2026-06-30,Monthly,0,Not Churned
CUST00729,2021-10-26,Basic,28,58,India,56+,Paid Ads,4,10,0,2026-06-27,Monthly,1,Pricing
CUST00730,2023-09-16,Basic,28,35,India,26-35,Organic,4,10,2,2026-07-24,Monthly,0,Not Churned
CUST00731,2024-04-13,Basic,28,28,India,36-45,Referral,2,12,0,2026-06-19,Monthly,0,Not Churned
CUST00732,2026-07-02,Premium,105,1,India,46-55,Organic,2,13,0,2026-07-05,Monthly,1,Competitor
CUST00733,2023-10-16,Standard,65,34,India,36-45,Referral,2,11,0,2026-08-15,Monthly,0,Not Churned
CUST00734,2022-01-24,Standard,60,55,USA,56+,Organic,2,11,1,2026-07-23,Monthly,0,Not Churned
CUST00735,2024-06-12,Basic,28,26,Germany,18-25,Referral,5,11,0,2026-06-12,Monthly,0,Not Churned
CUST00736,2021-10-26,Premium,100,58,Australia,26-35,Referral,2,7,0,2026-07-08,Monthly,0,Not Churned
CUST00737,2026-02-02,Basic,32,6,Australia,56+,Paid Ads,1,11,1,2026-06-16,Annual,1,Pricing
CUST00738,2022-06-23,Premium,98,50,India,26-35,Paid Ads,1,19,0,2026-06-03,Monthly,0,Not Churned
CUST00739,2022-07-23,Standard,55,49,India,36-45,Organic,5,10,1,2026-08-02,Monthly,0,Not Churned
CUST00740,2021-10-26,Basic,28,58,India,18-25,Paid Ads,2,12,0,2026-08-17,Monthly,0,Not Churned
CUST00741,2022-10-21,Standard,61,46,Canada,36-45,Paid Ads,0,7,0,2026-07-28,Annual,0,Not Churned
CUST00742,2024-07-12,Basic,35,25,India,46-55,Organic,0,9,0,2026-08-02,Monthly,0,Not Churned
CUST00743,2025-03-09,Standard,57,17,USA,26-35,Social Media,1,11,0,2026-06-14,Annual,0,Not Churned
CUST00744,2024-06-12,Standard,55,26,India,18-25,Referral,3,9,1,2026-06-06,Annual,0,Not Churned
CUST00745,2024-11-09,Basic,33,21,India,18-25,Organic,3,15,0,2026-06-19,Monthly,0,Not Churned
CUST00746,2023-12-15,Premium,96,32,Germany,46-55,Organic,4,7,0,2026-08-31,Annual,0,Not Churned
CUST00747,2024-07-12,Basic,32,25,Canada,36-45,Organic,5,12,1,2026-07-20,Monthly,0,Not Churned
CUST00748,2023-12-15,Standard,62,32,Australia,18-25,Referral,3,12,2,2026-06-29,Monthly,0,Not Churned
CUST00749,2023-03-20,Premium,101,41,USA,18-25,Organic,5,11,0,2026-08-25,Monthly,0,Not Churned
CUST00750,2022-02-23,Standard,61,54,Australia,46-55,Organic,4,11,0,2026-06-18,Annual,0,Not Churned
CUST00751,2025-01-08,Basic,31,19,UK,46-55,Paid Ads,2,16,1,2026-08-17,Annual,0,Not Churned
CUST00752,2026-06-02,Premium,101,2,Germany,18-25,Partner,2,7,0,2026-07-29,Monthly,0,Not Churned
CUST00753,2023-09-16,Standard,61,35,India,26-35,Referral,2,9,0,2026-08-31,Monthly,1,Competitor
CUST00754,2025-04-08,Basic,24,16,USA,36-45,Social Media,0,12,2,2026-06-23,Monthly,0,Not Churned
CUST00755,2025-04-08,Basic,29,16,UK,36-45,Organic,1,20,0,2026-06-10,Monthly,0,Not Churned
CUST00756,2023-11-15,Standard,65,33,USA,56+,Organic,2,14,0,2026-08-28,Annual,1,Competitor
CUST00757,2022-05-24,Standard,62,51,Australia,26-35,Organic,5,8,0,2026-06-30,Monthly,0,Not Churned
CUST00758,2022-06-23,Standard,61,50,Germany,36-45,Partner,1,13,0,2026-08-21,Monthly,0,Not Churned
CUST00759,2024-08-11,Premium,96,24,USA,36-45,Paid Ads,5,11,1,2026-08-06,Monthly,1,Competitor
CUST00760,2024-01-14,Standard,64,31,USA,46-55,Paid Ads,3,9,0,2026-07-11,Annual,0,Not Churned
CUST00761,2023-02-18,Basic,24,42,USA,26-35,Paid Ads,3,13,0,2026-07-30,Annual,0,Not Churned
CUST00762,2024-09-10,Basic,25,23,Australia,26-35,Referral,3,16,0,2026-08-14,Monthly,0,Not Churned
CUST00763,2025-03-09,Basic,34,17,UK,26-35,Paid Ads,3,12,0,2026-07-06,Monthly,0,Not Churned
CUST00764,2023-11-15,Standard,68,33,India,46-55,Paid Ads,3,9,0,2026-06-04,Monthly,0,Not Churned
CUST00765,2023-07-18,Basic,25,37,USA,26-35,Partner,1,11,1,2026-07-17,Annual,0,Not Churned
CUST00766,2023-08-17,Standard,60,36,India,26-35,Paid Ads,4,11,0,2026-06-15,Monthly,0,Not Churned
CUST00767,2021-12-25,Standard,65,56,Canada,36-45,Referral,3,8,0,2026-06-28,Monthly,0,Not Churned
CUST00768,2021-12-25,Premium,99,56,India,18-25,Paid Ads,3,16,1,2026-06-25,Monthly,0,Not Churned
CUST00769,2025-01-08,Basic,34,19,USA,18-25,Social Media,3,11,1,2026-08-28,Monthly,0,Not Churned
CUST00770,2024-11-09,Premium,95,21,Canada,26-35,Organic,3,10,0,2026-08-27,Monthly,0,Not Churned
CUST00771,2023-05-19,Basic,31,39,India,36-45,Organic,6,20,0,2026-06-19,Monthly,0,Not Churned
CUST00772,2023-04-19,Premium,108,40,India,36-45,Social Media,3,15,0,2026-06-14,Monthly,0,Not Churned
CUST00773,2025-01-08,Basic,32,19,USA,46-55,Paid Ads,1,10,0,2026-07-25,Monthly,0,Not Churned
CUST00774,2025-12-04,Basic,38,8,India,46-55,Partner,0,12,1,2026-07-01,Monthly,0,Not Churned
CUST00775,2024-06-12,Standard,60,26,India,26-35,Referral,2,9,1,2026-07-26,Monthly,1,Competitor
CUST00776,2023-03-20,Basic,27,41,Germany,36-45,Referral,4,18,1,2026-07-02,Annual,0,Not Churned
CUST00777,2022-05-24,Basic,36,51,Australia,18-25,Organic,0,16,0,2026-06-23,Monthly,0,Not Churned
CUST00778,2021-08-27,Standard,66,60,Australia,18-25,Referral,5,15,0,2026-06-07,Monthly,0,Not Churned
CUST00779,2025-02-07,Standard,54,18,Germany,18-25,Referral,3,12,1,2026-06-10,Annual,0,Not Churned
CUST00780,2025-06-07,Standard,57,14,India,26-35,Referral,4,8,0,2026-06-20,Annual,0,Not Churned
CUST00781,2025-02-07,Standard,57,18,India,26-35,Organic,3,14,2,2026-08-09,Monthly,0,Not Churned
CUST00782,2023-07-18,Standard,61,37,India,26-35,Partner,5,18,0,2026-06-03,Monthly,0,Not Churned
CUST00783,2024-04-13,Basic,27,28,Australia,36-45,Paid Ads,3,8,0,2026-06-06,Annual,0,Not Churned
CUST00784,2021-10-26,Basic,27,58,UK,26-35,Organic,5,13,1,2026-08-16,Monthly,0,Not Churned
CUST00785,2021-08-27,Basic,36,60,India,36-45,Partner,4,9,0,2026-08-24,Annual,0,Not Churned
CUST00786,2023-11-15,Premium,95,33,USA,26-35,Referral,1,10,0,2026-08-07,Annual,0,Not Churned
CUST00787,2026-02-02,Standard,65,6,USA,26-35,Paid Ads,6,13,0,2026-07-18,Monthly,0,Not Churned
CUST00788,2026-01-03,Standard,63,7,USA,18-25,Partner,2,10,0,2026-07-03,Monthly,0,Not Churned
CUST00789,2021-08-27,Standard,60,60,Australia,26-35,Organic,9,6,1,2026-06-26,Monthly,0,Not Churned
CUST00790,2026-03-04,Premium,108,5,USA,18-25,Organic,4,10,0,2026-07-29,Annual,0,Not Churned
CUST00791,2024-05-13,Basic,27,27,Australia,36-45,Referral,3,7,0,2026-08-11,Annual,0,Not Churned
CUST00792,2025-12-04,Standard,64,8,USA,36-45,Organic,3,7,0,2026-07-28,Monthly,0,Not Churned
CUST00793,2023-06-18,Standard,59,38,Canada,26-35,Partner,2,12,1,2026-07-23,Monthly,0,Not Churned
CUST00794,2023-11-15,Standard,56,33,Germany,26-35,Social Media,2,16,2,2026-08-07,Monthly,0,Not Churned
CUST00795,2021-11-25,Basic,30,57,Australia,46-55,Paid Ads,1,20,1,2026-08-30,Annual,0,Not Churned
CUST00796,2025-08-06,Premium,99,12,India,26-35,Social Media,1,13,0,2026-06-23,Annual,0,Not Churned
CUST00797,2023-07-18,Premium,96,37,India,18-25,Organic,1,10,1,2026-08-25,Monthly,0,Not Churned
CUST00798,2023-07-18,Standard,57,37,USA,36-45,Paid Ads,3,12,0,2026-07-08,Monthly,1,Competitor
CUST00799,2025-05-08,Standard,63,15,USA,36-45,Partner,2,15,0,2026-07-09,Monthly,0,Not Churned
CUST00800,2025-03-09,Premium,107,17,UK,36-45,Social Media,4,14,0,2026-07-24,Annual,0,Not Churned
CUST00801,2023-07-18,Standard,58,37,Germany,36-45,Paid Ads,0,5,0,2026-08-26,Monthly,0,Not Churned
CUST00802,2022-05-24,Basic,32,51,India,18-25,Organic,3,15,0,2026-07-03,Annual,1,Pricing
CUST00803,2023-02-18,Standard,67,42,USA,26-35,Organic,0,12,0,2026-07-23,Monthly,0,Not Churned
CUST00804,2024-03-14,Standard,59,29,India,26-35,Paid Ads,4,12,0,2026-08-06,Monthly,0,Not Churned
CUST00805,2026-05-03,Standard,66,3,Australia,36-45,Referral,2,11,2,2026-07-03,Annual,1,Payment Issues
CUST00806,2025-09-05,Standard,57,11,Germany,46-55,Organic,1,10,0,2026-07-04,Annual,0,Not Churned
CUST00807,2024-06-12,Premium,104,26,USA,26-35,Paid Ads,4,11,1,2026-08-11,Monthly,0,Not Churned
CUST00808,2023-04-19,Premium,104,40,India,18-25,Social Media,3,9,0,2026-06-11,Monthly,0,Not Churned
CUST00809,2021-11-25,Standard,60,57,Canada,26-35,Paid Ads,1,12,1,2026-06-12,Monthly,0,Not Churned
CUST00810,2022-11-20,Basic,25,45,UK,18-25,Organic,1,7,1,2026-07-31,Annual,0,Not Churned
CUST00811,2026-02-02,Premium,97,6,USA,26-35,Partner,3,11,0,2026-06-30,Monthly,0,Not Churned
CUST00812,2023-09-16,Premium,98,35,Australia,36-45,Organic,1,13,0,2026-06-29,Monthly,1,Competitor
CUST00813,2024-08-11,Basic,27,24,Germany,56+,Social Media,5,13,0,2026-07-10,Monthly,1,Pricing
CUST00814,2022-05-24,Premium,97,51,USA,26-35,Organic,3,10,0,2026-07-15,Annual,0,Not Churned
CUST00815,2023-05-19,Premium,104,39,USA,26-35,Paid Ads,2,7,0,2026-07-17,Annual,0,Not Churned
CUST00816,2023-10-16,Standard,66,34,India,26-35,Paid Ads,6,8,0,2026-07-11,Monthly,0,Not Churned
CUST00817,2022-02-23,Standard,62,54,USA,26-35,Paid Ads,5,11,0,2026-06-24,Annual,0,Not Churned
CUST00818,2024-08-11,Basic,37,24,USA,26-35,Paid Ads,5,18,0,2026-08-10,Monthly,1,Pricing
CUST00819,2025-01-08,Basic,34,19,India,36-45,Organic,2,11,0,2026-08-28,Monthly,0,Not Churned
CUST00820,2025-07-07,Basic,36,13,India,18-25,Paid Ads,1,13,0,2026-08-03,Annual,0,Not Churned
CUST00821,2021-11-25,Premium,95,57,India,56+,Paid Ads,4,12,0,2026-07-04,Monthly,1,Competitor
CUST00822,2023-01-19,Basic,29,43,India,36-45,Organic,1,4,0,2026-07-12,Annual,0,Not Churned
CUST00823,2025-11-04,Basic,37,9,USA,36-45,Partner,8,8,0,2026-07-04,Monthly,0,Not Churned
CUST00824,2025-01-08,Basic,31,19,UK,26-35,Social Media,3,10,0,2026-08-27,Monthly,0,Not Churned
CUST00825,2022-05-24,Standard,61,51,UK,36-45,Social Media,3,13,0,2026-07-17,Monthly,0,Not Churned
CUST00826,2023-12-15,Premium,104,32,USA,26-35,Referral,8,9,0,2026-08-27,Monthly,1,Poor Support Experience
CUST00827,2024-11-09,Basic,30,21,USA,26-35,Organic,5,7,0,2026-06-16,Monthly,0,Not Churned
CUST00828,2023-12-15,Basic,33,32,Australia,26-35,Referral,3,10,0,2026-06-29,Monthly,1,Pricing
CUST00829,2021-11-25,Standard,64,57,USA,46-55,Social Media,0,14,1,2026-08-19,Monthly,0,Not Churned
CUST00830,2022-10-21,Standard,57,46,Germany,26-35,Organic,1,7,0,2026-06-27,Annual,0,Not Churned
CUST00831,2025-08-06,Basic,30,12,USA,26-35,Paid Ads,6,7,0,2026-08-25,Monthly,0,Not Churned
CUST00832,2024-03-14,Standard,66,29,UK,26-35,Paid Ads,0,16,0,2026-07-30,Annual,1,Competitor
CUST00833,2023-11-15,Basic,33,33,India,18-25,Organic,5,11,0,2026-08-11,Monthly,1,Pricing
CUST00834,2026-07-02,Basic,29,1,UK,26-35,Paid Ads,6,13,0,2026-07-21,Monthly,0,Not Churned
CUST00835,2022-07-23,Standard,64,49,Australia,26-35,Partner,2,15,0,2026-08-12,Monthly,0,Not Churned
CUST00836,2026-04-03,Standard,59,4,Germany,36-45,Referral,0,16,1,2026-08-12,Monthly,0,Not Churned
CUST00837,2025-07-07,Premium,95,13,Germany,26-35,Organic,2,10,1,2026-07-29,Annual,0,Not Churned
CUST00838,2024-09-10,Basic,31,23,India,36-45,Referral,3,8,1,2026-08-30,Annual,0,Not Churned
CUST00839,2024-04-13,Standard,61,28,USA,36-45,Organic,2,10,0,2026-08-26,Monthly,0,Not Churned
CUST00840,2023-01-19,Standard,67,43,USA,26-35,Referral,4,9,0,2026-08-20,Monthly,0,Not Churned
CUST00841,2022-06-23,Basic,34,50,USA,36-45,Social Media,4,16,0,2026-08-04,Monthly,1,Pricing
CUST00842,2025-08-06,Standard,60,12,India,36-45,Referral,2,8,0,2026-07-10,Annual,0,Not Churned
CUST00843,2025-01-08,Basic,34,19,Australia,36-45,Referral,1,5,0,2026-07-25,Annual,0,Not Churned
CUST00844,2022-04-24,Premium,102,52,Australia,36-45,Paid Ads,3,10,0,2026-06-22,Monthly,0,Not Churned
CUST00845,2023-11-15,Basic,31,33,USA,36-45,Paid Ads,3,14,0,2026-06-06,Monthly,0,Not Churned
CUST00846,2025-02-07,Standard,67,18,India,18-25,Referral,2,7,0,2026-07-23,Monthly,1,Competitor
CUST00847,2023-10-16,Basic,32,34,India,36-45,Social Media,1,11,0,2026-06-21,Annual,0,Not Churned
CUST00848,2024-02-13,Premium,108,30,UK,26-35,Referral,2,21,1,2026-08-12,Annual,0,Not Churned
CUST00849,2023-01-19,Standard,62,43,India,36-45,Partner,0,14,1,2026-06-12,Annual,0,Not Churned
CUST00850,2022-09-21,Standard,59,47,Australia,26-35,Social Media,1,12,0,2026-07-06,Monthly,0,Not Churned
CUST00851,2022-09-21,Basic,25,47,UK,46-55,Social Media,1,4,2,2026-07-18,Annual,0,Not Churned
CUST00852,2026-02-02,Standard,65,6,UK,26-35,Social Media,4,8,1,2026-06-30,Monthly,1,Competitor
CUST00853,2026-04-03,Basic,30,4,USA,36-45,Organic,1,12,0,2026-07-13,Monthly,0,Not Churned
CUST00854,2025-08-06,Premium,96,12,India,36-45,Paid Ads,5,5,0,2026-06-08,Monthly,0,Not Churned
CUST00855,2024-09-10,Basic,36,23,Germany,46-55,Referral,3,15,0,2026-06-13,Annual,0,Not Churned
CUST00856,2024-04-13,Basic,30,28,UK,36-45,Paid Ads,7,18,0,2026-07-26,Monthly,1,Poor Support Experience
CUST00857,2025-09-05,Basic,32,11,Germany,18-25,Social Media,2,8,0,2026-06-19,Monthly,0,Not Churned
CUST00858,2024-04-13,Standard,63,28,USA,46-55,Organic,3,10,1,2026-06-08,Annual,0,Not Churned
CUST00859,2023-04-19,Standard,67,40,UK,36-45,Organic,1,12,0,2026-06-30,Annual,0,Not Churned
CUST00860,2023-10-16,Basic,33,34,India,36-45,Social Media,2,8,1,2026-08-17,Monthly,1,Pricing
CUST00861,2022-08-22,Standard,55,48,UK,46-55,Organic,4,10,1,2026-07-10,Annual,0,Not Churned
CUST00862,2023-10-16,Standard,67,34,Canada,26-35,Organic,5,12,0,2026-08-03,Annual,0,Not Churned
CUST00863,2024-11-09,Standard,66,21,Canada,26-35,Paid Ads,3,14,0,2026-06-10,Monthly,0,Not Churned
CUST00864,2023-08-17,Standard,59,36,Canada,36-45,Social Media,2,7,0,2026-06-23,Monthly,0,Not Churned
CUST00865,2024-04-13,Standard,66,28,India,36-45,Referral,4,20,0,2026-06-06,Annual,0,Not Churned
CUST00866,2021-10-26,Standard,59,58,Germany,26-35,Partner,4,12,0,2026-06-02,Annual,0,Not Churned
CUST00867,2023-10-16,Basic,32,34,Germany,36-45,Organic,4,9,0,2026-08-20,Monthly,0,Not Churned
CUST00868,2021-11-25,Basic,36,57,India,26-35,Social Media,4,8,0,2026-06-19,Monthly,0,Not Churned
CUST00869,2023-03-20,Premium,102,41,Germany,36-45,Organic,2,12,1,2026-06-03,Annual,0,Not Churned
CUST00870,2024-03-14,Premium,108,29,India,46-55,Organic,5,12,0,2026-08-07,Annual,0,Not Churned
CUST00871,2024-06-12,Basic,36,26,UK,26-35,Paid Ads,4,12,0,2026-06-29,Monthly,1,Pricing
CUST00872,2025-07-07,Basic,28,13,India,36-45,Organic,5,6,0,2026-08-05,Monthly,0,Not Churned
CUST00873,2021-08-27,Standard,67,60,Germany,36-45,Paid Ads,4,9,0,2026-08-09,Annual,0,Not Churned
CUST00874,2022-04-24,Standard,58,52,India,26-35,Paid Ads,0,5,1,2026-07-14,Monthly,0,Not Churned
CUST00875,2023-10-16,Basic,32,34,USA,26-35,Organic,2,13,0,2026-06-07,Monthly,0,Not Churned
CUST00876,2025-01-08,Basic,31,19,USA,18-25,Social Media,4,12,1,2026-07-04,Monthly,0,Not Churned
CUST00877,2025-12-04,Standard,60,8,India,36-45,Paid Ads,0,11,1,2026-07-24,Monthly,0,Not Churned
CUST00878,2024-03-14,Standard,61,29,UK,26-35,Partner,6,14,1,2026-07-16,Monthly,0,Not Churned
CUST00879,2023-01-19,Basic,29,43,India,26-35,Social Media,6,14,0,2026-07-03,Monthly,0,Not Churned
CUST00880,2023-04-19,Basic,26,40,UK,26-35,Organic,4,13,0,2026-06-18,Monthly,0,Not Churned
CUST00881,2025-04-08,Basic,30,16,Germany,26-35,Paid Ads,2,10,0,2026-06-28,Annual,0,Not Churned
CUST00882,2024-04-13,Standard,61,28,Canada,36-45,Referral,3,14,1,2026-08-06,Monthly,0,Not Churned
CUST00883,2024-02-13,Basic,38,30,Australia,36-45,Social Media,4,15,1,2026-08-20,Monthly,0,Not Churned
CUST00884,2024-09-10,Basic,31,23,USA,26-35,Social Media,5,13,1,2026-08-22,Monthly,0,Not Churned
CUST00885,2024-03-14,Standard,54,29,India,36-45,Referral,2,9,0,2026-06-02,Monthly,0,Not Churned
CUST00886,2024-12-09,Basic,30,20,USA,36-45,Organic,3,9,0,2026-07-01,Monthly,0,Not Churned
CUST00887,2025-03-09,Standard,56,17,India,26-35,Paid Ads,2,9,0,2026-06-11,Annual,0,Not Churned
CUST00888,2024-06-12,Basic,25,26,Germany,18-25,Social Media,2,20,1,2026-06-13,Monthly,1,Pricing
CUST00889,2021-11-25,Basic,37,57,India,46-55,Referral,3,13,1,2026-06-27,Monthly,0,Not Churned
CUST00890,2022-09-21,Basic,25,47,Australia,36-45,Social Media,2,10,1,2026-07-01,Annual,0,Not Churned
CUST00891,2023-05-19,Standard,67,39,India,36-45,Referral,1,10,2,2026-07-24,Monthly,1,Payment Issues
CUST00892,2023-11-15,Premium,108,33,Australia,18-25,Organic,1,15,0,2026-08-22,Monthly,0,Not Churned
CUST00893,2025-06-07,Premium,107,14,India,46-55,Partner,5,16,0,2026-08-05,Annual,0,Not Churned
CUST00894,2024-01-14,Basic,31,31,India,36-45,Partner,5,13,1,2026-06-16,Annual,0,Not Churned
CUST00895,2025-04-08,Standard,62,16,UK,46-55,Organic,1,16,0,2026-06-17,Annual,0,Not Churned
CUST00896,2024-11-09,Basic,26,21,India,56+,Organic,6,14,0,2026-07-01,Monthly,0,Not Churned
CUST00897,2023-09-16,Basic,37,35,UK,56+,Paid Ads,1,11,1,2026-07-19,Annual,0,Not Churned
CUST00898,2022-06-23,Premium,96,50,USA,46-55,Social Media,2,12,1,2026-06-15,Annual,0,Not Churned
CUST00899,2025-01-08,Basic,29,19,India,18-25,Paid Ads,0,9,0,2026-07-20,Monthly,1,Pricing
CUST00900,2026-02-02,Basic,34,6,Germany,46-55,Organic,4,6,0,2026-06-29,Monthly,1,Pricing
CUST00901,2021-08-27,Basic,33,60,USA,18-25,Paid Ads,1,14,2,2026-08-31,Monthly,0,Not Churned
CUST00902,2024-09-10,Basic,24,23,Canada,46-55,Paid Ads,2,9,1,2026-06-19,Monthly,0,Not Churned
CUST00903,2024-06-12,Basic,29,26,USA,26-35,Paid Ads,7,10,2,2026-06-15,Monthly,1,Payment Issues
CUST00904,2025-11-04,Standard,65,9,UK,36-45,Referral,3,16,0,2026-07-13,Monthly,0,Not Churned
CUST00905,2025-07-07,Standard,56,13,India,18-25,Social Media,3,7,0,2026-08-11,Monthly,0,Not Churned
CUST00906,2021-10-26,Premium,104,58,India,36-45,Referral,1,8,0,2026-08-21,Monthly,0,Not Churned
CUST00907,2022-12-20,Premium,97,44,USA,18-25,Referral,7,19,0,2026-06-11,Monthly,0,Not Churned
CUST00908,2025-05-08,Basic,32,15,USA,26-35,Referral,7,7,0,2026-07-21,Monthly,1,Poor Support Experience
CUST00909,2023-12-15,Basic,26,32,USA,46-55,Referral,2,12,2,2026-07-12,Monthly,1,Payment Issues
CUST00910,2021-09-26,Basic,24,59,UK,36-45,Paid Ads,5,8,1,2026-07-02,Annual,0,Not Churned
CUST00911,2023-05-19,Standard,56,39,UK,18-25,Paid Ads,4,13,1,2026-07-04,Monthly,0,Not Churned
CUST00912,2022-12-20,Basic,30,44,India,26-35,Paid Ads,7,13,0,2026-07-29,Monthly,0,Not Churned
CUST00913,2025-03-09,Standard,66,17,India,18-25,Partner,3,14,0,2026-07-30,Monthly,0,Not Churned
CUST00914,2022-11-20,Standard,60,45,USA,36-45,Social Media,10,14,1,2026-07-25,Annual,1,Poor Support Experience
CUST00915,2022-01-24,Standard,64,55,India,56+,Referral,2,12,1,2026-07-08,Monthly,1,Competitor
CUST00916,2024-03-14,Standard,58,29,India,36-45,Partner,5,14,2,2026-06-16,Annual,0,Not Churned
CUST00917,2022-07-23,Basic,37,49,India,26-35,Social Media,4,18,0,2026-06-20,Monthly,0,Not Churned
CUST00918,2023-04-19,Premium,94,40,Germany,26-35,Partner,3,12,2,2026-08-21,Monthly,0,Not Churned
CUST00919,2025-02-07,Standard,64,18,Canada,56+,Organic,2,8,0,2026-07-30,Monthly,0,Not Churned
CUST00920,2023-10-16,Basic,31,34,India,26-35,Referral,2,9,0,2026-07-10,Monthly,0,Not Churned
CUST00921,2022-07-23,Premium,103,49,India,36-45,Referral,3,14,0,2026-07-27,Monthly,1,Competitor
CUST00922,2024-07-12,Standard,61,25,UK,26-35,Referral,3,9,0,2026-08-04,Annual,0,Not Churned
CUST00923,2025-08-06,Premium,103,12,USA,36-45,Organic,3,14,0,2026-06-02,Monthly,1,Competitor
CUST00924,2022-11-20,Standard,65,45,Canada,46-55,Referral,6,11,1,2026-07-17,Monthly,1,Competitor
CUST00925,2025-05-08,Standard,63,15,Germany,26-35,Paid Ads,3,7,3,2026-07-06,Annual,0,Not Churned
CUST00926,2023-01-19,Basic,36,43,USA,36-45,Social Media,1,14,0,2026-08-14,Monthly,0,Not Churned
CUST00927,2024-08-11,Basic,33,24,India,36-45,Social Media,3,11,0,2026-08-18,Monthly,0,Not Churned
CUST00928,2025-11-04,Standard,55,9,Canada,26-35,Organic,3,10,1,2026-07-30,Monthly,0,Not Churned
CUST00929,2023-04-19,Standard,63,40,Germany,26-35,Organic,1,13,0,2026-07-17,Monthly,0,Not Churned
CUST00930,2024-12-09,Basic,26,20,USA,36-45,Referral,2,10,1,2026-06-07,Monthly,1,Pricing
CUST00931,2024-07-12,Basic,27,25,UK,26-35,Referral,4,8,0,2026-08-03,Monthly,0,Not Churned
CUST00932,2022-09-21,Premium,94,47,India,46-55,Referral,0,12,0,2026-08-16,Monthly,0,Not Churned
CUST00933,2024-08-11,Premium,97,24,USA,18-25,Social Media,5,13,0,2026-07-31,Annual,0,Not Churned
CUST00934,2022-07-23,Standard,58,49,Canada,18-25,Social Media,1,8,0,2026-06-19,Annual,0,Not Churned
CUST00935,2024-06-12,Basic,26,26,Germany,26-35,Organic,0,12,0,2026-07-26,Monthly,0,Not Churned
CUST00936,2025-06-07,Basic,37,14,UK,18-25,Referral,3,8,0,2026-08-02,Monthly,0,Not Churned
CUST00937,2026-03-04,Basic,34,5,Canada,26-35,Social Media,2,9,0,2026-06-24,Monthly,0,Not Churned
CUST00938,2022-08-22,Premium,108,48,India,26-35,Social Media,3,15,0,2026-08-02,Monthly,0,Not Churned
CUST00939,2021-11-25,Basic,33,57,India,36-45,Organic,4,13,0,2026-06-04,Annual,0,Not Churned
CUST00940,2024-03-14,Standard,55,29,USA,56+,Organic,3,11,3,2026-08-15,Monthly,0,Not Churned
CUST00941,2021-08-27,Basic,36,60,India,36-45,Organic,1,14,0,2026-06-16,Annual,0,Not Churned
CUST00942,2025-12-04,Standard,59,8,UK,26-35,Partner,3,6,0,2026-07-20,Monthly,1,Competitor
CUST00943,2025-03-09,Standard,61,17,India,46-55,Paid Ads,5,12,1,2026-08-18,Monthly,0,Not Churned
CUST00944,2022-02-23,Premium,100,54,Canada,26-35,Paid Ads,5,9,1,2026-08-02,Monthly,0,Not Churned
CUST00945,2023-01-19,Basic,34,43,Canada,26-35,Organic,3,14,1,2026-07-11,Annual,0,Not Churned
CUST00946,2024-10-10,Basic,37,22,USA,26-35,Organic,2,13,0,2026-07-18,Annual,0,Not Churned
CUST00947,2025-02-07,Basic,24,18,India,26-35,Referral,2,13,0,2026-07-11,Monthly,1,Pricing
CUST00948,2024-05-13,Premium,97,27,UK,46-55,Referral,3,19,0,2026-08-03,Monthly,1,Competitor
CUST00949,2026-06-02,Premium,96,2,Germany,26-35,Referral,4,13,0,2026-07-05,Annual,0,Not Churned
CUST00950,2026-07-02,Standard,59,1,UK,36-45,Organic,1,13,2,2026-07-24,Monthly,0,Not Churned
CUST00951,2022-02-23,Standard,62,54,India,26-35,Paid Ads,6,5,0,2026-08-04,Monthly,0,Not Churned
CUST00952,2023-03-20,Standard,62,41,India,36-45,Social Media,4,16,0,2026-08-12,Monthly,0,Not Churned
CUST00953,2025-12-04,Basic,30,8,India,36-45,Organic,1,7,1,2026-08-21,Monthly,0,Not Churned
CUST00954,2024-11-09,Premium,108,21,India,26-35,Social Media,2,13,1,2026-06-25,Monthly,0,Not Churned
CUST00955,2024-08-11,Standard,65,24,Canada,36-45,Organic,6,8,0,2026-06-15,Monthly,0,Not Churned
CUST00956,2026-06-02,Basic,32,2,Australia,36-45,Organic,2,11,0,2026-08-26,Monthly,0,Not Churned
CUST00957,2022-12-20,Standard,61,44,India,36-45,Paid Ads,2,13,0,2026-07-26,Monthly,0,Not Churned
CUST00958,2021-09-26,Basic,28,59,India,36-45,Partner,4,7,3,2026-06-02,Monthly,0,Not Churned
CUST00959,2023-06-18,Basic,32,38,India,36-45,Paid Ads,6,8,0,2026-06-07,Monthly,1,Pricing
CUST00960,2024-04-13,Standard,67,28,Australia,18-25,Referral,2,11,2,2026-08-23,Annual,0,Not Churned
CUST00961,2023-10-16,Basic,30,34,USA,36-45,Referral,2,16,1,2026-08-17,Annual,0,Not Churned
CUST00962,2021-12-25,Standard,58,56,UK,26-35,Organic,3,12,0,2026-07-02,Monthly,0,Not Churned
CUST00963,2025-08-06,Basic,38,12,USA,26-35,Organic,5,12,0,2026-08-29,Monthly,0,Not Churned
CUST00964,2022-06-23,Basic,31,50,UK,46-55,Partner,2,14,0,2026-08-27,Monthly,0,Not Churned
CUST00965,2026-03-04,Basic,38,5,USA,18-25,Organic,6,14,1,2026-06-11,Monthly,0,Not Churned
CUST00966,2022-11-20,Basic,30,45,India,26-35,Referral,1,14,1,2026-08-30,Annual,0,Not Churned
CUST00967,2021-08-27,Standard,62,60,UK,18-25,Partner,2,13,1,2026-06-10,Monthly,0,Not Churned
CUST00968,2022-01-24,Basic,33,55,USA,18-25,Organic,4,9,0,2026-08-15,Monthly,1,Pricing
CUST00969,2022-01-24,Standard,54,55,India,26-35,Paid Ads,4,20,2,2026-07-06,Monthly,1,Payment Issues
CUST00970,2023-08-17,Standard,68,36,India,56+,Organic,6,10,0,2026-07-18,Monthly,0,Not Churned
CUST00971,2025-12-04,Standard,66,8,USA,26-35,Organic,7,13,0,2026-08-13,Monthly,0,Not Churned
CUST00972,2024-02-13,Premium,102,30,USA,36-45,Organic,3,17,0,2026-06-26,Annual,0,Not Churned
CUST00973,2022-01-24,Standard,68,55,UK,18-25,Referral,3,11,0,2026-08-09,Annual,0,Not Churned
CUST00974,2025-10-05,Basic,30,10,Australia,36-45,Referral,1,9,1,2026-07-03,Monthly,0,Not Churned
CUST00975,2024-11-09,Basic,24,21,India,56+,Referral,2,11,0,2026-07-16,Monthly,0,Not Churned
CUST00976,2022-10-21,Basic,24,46,India,26-35,Partner,4,13,1,2026-08-11,Monthly,0,Not Churned
CUST00977,2022-04-24,Standard,58,52,India,46-55,Organic,2,11,0,2026-08-29,Monthly,0,Not Churned
CUST00978,2023-10-16,Basic,31,34,USA,56+,Paid Ads,2,15,0,2026-06-23,Monthly,0,Not Churned
CUST00979,2023-10-16,Standard,62,34,USA,36-45,Paid Ads,8,10,0,2026-08-16,Annual,0,Not Churned
CUST00980,2026-04-03,Standard,65,4,Canada,26-35,Organic,3,10,0,2026-07-18,Monthly,0,Not Churned
CUST00981,2021-12-25,Basic,29,56,India,36-45,Organic,2,10,1,2026-06-14,Monthly,0,Not Churned
CUST00982,2025-09-05,Standard,65,11,USA,46-55,Paid Ads,5,16,0,2026-07-20,Monthly,0,Not Churned
CUST00983,2024-10-10,Basic,36,22,Australia,26-35,Social Media,3,13,0,2026-08-02,Monthly,0,Not Churned
CUST00984,2023-03-20,Basic,33,41,Australia,26-35,Partner,1,16,1,2026-06-20,Annual,0,Not Churned
CUST00985,2022-06-23,Standard,65,50,Germany,26-35,Organic,0,11,0,2026-07-02,Monthly,0,Not Churned
CUST00986,2024-09-10,Standard,61,23,Canada,26-35,Social Media,1,15,0,2026-06-19,Annual,0,Not Churned
CUST00987,2022-07-23,Standard,68,49,Australia,46-55,Social Media,9,17,0,2026-06-30,Monthly,0,Not Churned
CUST00988,2023-10-16,Standard,59,34,India,26-35,Paid Ads,4,7,0,2026-08-20,Monthly,0,Not Churned
CUST00989,2024-02-13,Basic,34,30,India,26-35,Organic,5,10,0,2026-07-03,Monthly,1,Pricing
CUST00990,2021-09-26,Premium,99,59,India,36-45,Partner,1,13,1,2026-07-25,Monthly,0,Not Churned
CUST00991,2024-07-12,Standard,57,25,UK,26-35,Referral,1,16,1,2026-07-19,Monthly,1,Competitor
CUST00992,2024-08-11,Standard,64,24,Germany,26-35,Partner,4,11,0,2026-06-21,Monthly,0,Not Churned
CUST00993,2024-07-12,Basic,28,25,India,36-45,Paid Ads,4,12,1,2026-08-31,Monthly,0,Not Churned
CUST00994,2024-02-13,Standard,67,30,UK,26-35,Paid Ads,0,12,2,2026-07-16,Monthly,0,Not Churned
CUST00995,2023-05-19,Basic,25,39,Canada,26-35,Organic,3,11,0,2026-07-24,Monthly,0,Not Churned
CUST00996,2022-12-20,Basic,26,44,Germany,18-25,Partner,1,13,0,2026-08-23,Annual,0,Not Churned
CUST00997,2025-04-08,Premium,96,16,UK,36-45,Organic,2,15,0,2026-08-06,Annual,0,Not Churned
CUST00998,2025-10-05,Basic,37,10,Germany,46-55,Organic,1,10,0,2026-06-12,Monthly,0,Not Churned
CUST00999,2024-01-14,Premium,105,31,India,46-55,Paid Ads,4,7,0,2026-07-21,Annual,0,Not Churned
CUST01000,2021-08-27,Standard,64,60,India,26-35,Paid Ads,4,9,0,2026-08-18,Annual,0,Not Churned
CUST01001,2025-09-05,Basic,28,11,USA,36-45,Organic,6,9,0,2026-06-28,Monthly,0,Not Churned
CUST01002,2025-11-04,Standard,67,9,USA,46-55,Referral,0,19,0,2026-07-02,Monthly,0,Not Churned
CUST01003,2023-08-17,Premium,98,36,India,26-35,Paid Ads,5,15,0,2026-06-19,Monthly,0,Not Churned
CUST01004,2022-08-22,Standard,59,48,Canada,46-55,Paid Ads,2,7,0,2026-08-19,Monthly,0,Not Churned
CUST01005,2025-01-08,Premium,98,19,Canada,46-55,Organic,3,9,0,2026-07-08,Monthly,0,Not Churned
CUST01006,2022-04-24,Standard,65,52,Canada,26-35,Referral,3,9,0,2026-08-05,Monthly,0,Not Churned
CUST01007,2026-03-04,Standard,59,5,India,26-35,Organic,2,15,0,2026-07-24,Monthly,0,Not Churned
CUST01008,2025-08-06,Premium,101,12,USA,26-35,Organic,4,12,1,2026-06-14,Annual,0,Not Churned
CUST01009,2025-10-05,Basic,38,10,USA,26-35,Referral,2,10,0,2026-08-02,Monthly,0,Not Churned
CUST01010,2025-06-07,Standard,55,14,India,46-55,Paid Ads,2,12,0,2026-07-20,Annual,0,Not Churned
CUST01011,2024-12-09,Basic,27,20,USA,46-55,Organic,1,11,0,2026-08-24,Annual,0,Not Churned
CUST01012,2024-12-09,Premium,106,20,India,18-25,Referral,4,6,1,2026-08-26,Annual,0,Not Churned
CUST01013,2022-12-20,Premium,99,44,India,36-45,Organic,5,10,2,2026-08-19,Monthly,1,Payment Issues
CUST01014,2022-01-24,Basic,35,55,Canada,36-45,Organic,1,5,0,2026-07-15,Monthly,0,Not Churned
CUST01015,2023-08-17,Standard,58,36,India,26-35,Referral,3,14,1,2026-07-26,Monthly,0,Not Churned
CUST01016,2022-04-24,Premium,94,52,Germany,36-45,Referral,3,13,1,2026-07-11,Annual,1,Competitor
CUST01017,2024-07-12,Basic,32,25,USA,46-55,Referral,4,14,0,2026-08-20,Annual,0,Not Churned
CUST01018,2023-03-20,Standard,56,41,Germany,26-35,Paid Ads,2,12,0,2026-06-13,Monthly,0,Not Churned
CUST01019,2022-10-21,Premium,95,46,India,18-25,Paid Ads,5,14,0,2026-07-22,Monthly,0,Not Churned
CUST01020,2026-03-04,Basic,32,5,USA,18-25,Social Media,5,11,0,2026-06-27,Annual,1,Pricing
CUST01021,2023-03-20,Standard,60,41,India,26-35,Organic,3,11,0,2026-08-10,Annual,0,Not Churned
CUST01022,2024-05-13,Basic,28,27,Australia,26-35,Organic,2,11,0,2026-08-12,Annual,0,Not Churned
CUST01023,2026-06-02,Premium,105,2,USA,26-35,Referral,3,19,0,2026-07-15,Monthly,1,Competitor
CUST01024,2025-08-06,Premium,99,12,India,36-45,Paid Ads,3,12,1,2026-08-10,Monthly,0,Not Churned
CUST01025,2024-04-13,Premium,105,28,Australia,36-45,Referral,2,10,0,2026-08-13,Monthly,1,Competitor
CUST01026,2022-12-20,Standard,64,44,USA,26-35,Organic,2,14,1,2026-06-27,Annual,0,Not Churned
CUST01027,2025-07-07,Premium,97,13,India,26-35,Paid Ads,5,10,1,2026-08-18,Monthly,0,Not Churned
CUST01028,2024-11-09,Premium,94,21,USA,46-55,Social Media,3,9,2,2026-08-28,Monthly,0,Not Churned
CUST01029,2023-01-19,Basic,27,43,UK,46-55,Paid Ads,3,7,1,2026-06-22,Monthly,0,Not Churned
CUST01030,2022-01-24,Premium,102,55,India,26-35,Referral,1,10,0,2026-06-07,Annual,0,Not Churned
CUST01031,2025-12-04,Basic,24,8,USA,26-35,Organic,3,10,0,2026-07-17,Monthly,0,Not Churned
CUST01032,2021-08-27,Standard,63,60,India,46-55,Organic,4,12,1,2026-07-27,Monthly,0,Not Churned
CUST01033,2022-03-25,Basic,26,53,USA,18-25,Organic,4,16,0,2026-06-28,Annual,1,Pricing
CUST01034,2025-08-06,Basic,38,12,Canada,26-35,Paid Ads,2,14,1,2026-08-03,Annual,0,Not Churned
CUST01035,2023-03-20,Basic,38,41,USA,26-35,Partner,4,11,0,2026-06-02,Monthly,0,Not Churned
CUST01036,2022-12-20,Standard,58,44,USA,26-35,Social Media,4,14,0,2026-08-13,Annual,0,Not Churned
CUST01037,2025-09-05,Basic,30,11,India,26-35,Referral,5,8,1,2026-08-03,Monthly,0,Not Churned
CUST01038,2025-01-08,Standard,62,19,India,26-35,Social Media,4,7,0,2026-08-19,Annual,0,Not Churned
CUST01039,2021-08-27,Basic,29,60,India,36-45,Referral,4,9,0,2026-06-26,Annual,0,Not Churned
CUST01040,2025-12-04,Basic,26,8,USA,46-55,Paid Ads,3,6,0,2026-07-01,Monthly,0,Not Churned
CUST01041,2024-05-13,Standard,66,27,USA,56+,Organic,4,18,1,2026-08-20,Annual,0,Not Churned
CUST01042,2021-11-25,Standard,60,57,Germany,18-25,Referral,2,13,0,2026-08-07,Monthly,0,Not Churned
CUST01043,2026-01-03,Basic,38,7,India,26-35,Organic,3,16,2,2026-07-20,Annual,0,Not Churned
CUST01044,2024-11-09,Standard,67,21,USA,36-45,Paid Ads,2,15,0,2026-06-13,Monthly,0,Not Churned
CUST01045,2021-11-25,Premium,97,57,USA,36-45,Social Media,1,10,0,2026-08-21,Monthly,0,Not Churned
CUST01046,2024-05-13,Standard,56,27,USA,26-35,Organic,3,16,1,2026-06-02,Annual,0,Not Churned
CUST01047,2025-06-07,Basic,37,14,Australia,26-35,Organic,1,12,2,2026-07-22,Annual,0,Not Churned
CUST01048,2023-12-15,Basic,30,32,India,26-35,Organic,2,10,0,2026-08-29,Monthly,0,Not Churned
CUST01049,2024-03-14,Premium,104,29,India,26-35,Referral,3,11,0,2026-07-06,Monthly,0,Not Churned
CUST01050,2024-08-11,Basic,34,24,UK,26-35,Organic,4,9,1,2026-07-01,Monthly,0,Not Churned
CUST01051,2024-04-13,Premium,100,28,India,56+,Paid Ads,3,11,0,2026-06-07,Annual,0,Not Churned
CUST01052,2024-08-11,Standard,57,24,India,18-25,Paid Ads,3,13,1,2026-07-20,Monthly,1,Competitor
CUST01053,2022-02-23,Premium,105,54,India,56+,Paid Ads,3,11,1,2026-08-01,Monthly,0,Not Churned
CUST01054,2026-06-02,Standard,60,2,India,46-55,Organic,4,12,1,2026-07-25,Annual,0,Not Churned
CUST01055,2022-04-24,Premium,104,52,UK,26-35,Partner,2,14,0,2026-08-07,Annual,0,Not Churned
CUST01056,2024-01-14,Basic,37,31,India,36-45,Paid Ads,5,18,2,2026-06-03,Monthly,0,Not Churned
CUST01057,2025-08-06,Standard,55,12,USA,36-45,Referral,6,10,1,2026-06-30,Annual,0,Not Churned
CUST01058,2026-07-02,Standard,54,1,USA,26-35,Referral,2,10,0,2026-06-15,Monthly,0,Not Churned
CUST01059,2021-08-27,Standard,65,60,USA,26-35,Paid Ads,8,17,1,2026-06-04,Monthly,0,Not Churned
CUST01060,2021-10-26,Standard,68,58,Germany,36-45,Organic,3,12,1,2026-07-30,Annual,0,Not Churned
CUST01061,2024-11-09,Premium,95,21,India,36-45,Paid Ads,3,15,0,2026-08-12,Annual,0,Not Churned
CUST01062,2024-03-14,Premium,97,29,Germany,36-45,Referral,4,10,0,2026-08-22,Monthly,1,Competitor
CUST01063,2024-02-13,Standard,61,30,USA,26-35,Paid Ads,4,10,1,2026-08-04,Monthly,0,Not Churned
CUST01064,2023-02-18,Standard,56,42,Canada,26-35,Organic,3,12,2,2026-08-14,Annual,0,Not Churned
CUST01065,2026-07-02,Standard,68,1,USA,26-35,Organic,1,12,0,2026-08-08,Monthly,0,Not Churned
CUST01066,2024-10-10,Standard,63,22,USA,26-35,Paid Ads,2,11,0,2026-07-18,Monthly,0,Not Churned
CUST01067,2023-02-18,Basic,38,42,Australia,36-45,Organic,5,12,1,2026-06-12,Monthly,0,Not Churned
CUST01068,2025-12-04,Basic,29,8,Australia,46-55,Partner,2,22,0,2026-08-14,Monthly,1,Pricing
CUST01069,2025-07-07,Basic,29,13,India,36-45,Organic,5,18,0,2026-07-12,Monthly,0,Not Churned
CUST01070,2025-06-07,Basic,36,14,India,36-45,Paid Ads,2,6,1,2026-06-17,Monthly,0,Not Churned
CUST01071,2023-02-18,Basic,32,42,USA,36-45,Referral,2,13,2,2026-06-24,Monthly,1,Payment Issues
CUST01072,2026-07-02,Basic,32,1,Australia,36-45,Social Media,1,9,0,2026-06-06,Monthly,1,Pricing
CUST01073,2023-12-15,Basic,27,32,India,36-45,Paid Ads,2,11,0,2026-06-19,Monthly,0,Not Churned
CUST01074,2023-06-18,Basic,32,38,UK,18-25,Organic,2,11,1,2026-08-17,Annual,0,Not Churned
CUST01075,2025-08-06,Premium,108,12,UK,56+,Organic,2,12,0,2026-06-20,Annual,0,Not Churned
CUST01076,2022-04-24,Standard,68,52,Canada,18-25,Paid Ads,2,8,1,2026-07-08,Monthly,0,Not Churned
CUST01077,2022-09-21,Basic,36,47,USA,26-35,Paid Ads,3,9,1,2026-06-20,Annual,1,Pricing
CUST01078,2022-11-20,Standard,59,45,USA,18-25,Paid Ads,7,18,1,2026-08-03,Annual,0,Not Churned
CUST01079,2022-09-21,Basic,25,47,Germany,18-25,Organic,2,15,1,2026-06-14,Monthly,0,Not Churned
CUST01080,2021-11-25,Premium,103,57,UK,36-45,Partner,1,6,1,2026-07-25,Monthly,1,Competitor
CUST01081,2021-08-27,Standard,67,60,Canada,26-35,Organic,4,13,1,2026-07-27,Monthly,0,Not Churned
CUST01082,2025-04-08,Basic,34,16,India,46-55,Paid Ads,4,14,0,2026-07-23,Annual,0,Not Churned
CUST01083,2024-08-11,Standard,59,24,UK,26-35,Partner,1,14,0,2026-07-19,Monthly,0,Not Churned
CUST01084,2022-12-20,Premium,95,44,India,26-35,Referral,6,14,0,2026-08-10,Annual,0,Not Churned
CUST01085,2024-12-09,Premium,101,20,India,26-35,Paid Ads,0,15,0,2026-07-12,Monthly,0,Not Churned
CUST01086,2023-01-19,Standard,57,43,UK,36-45,Organic,5,9,1,2026-08-09,Annual,0,Not Churned
CUST01087,2022-12-20,Standard,58,44,USA,46-55,Partner,4,15,1,2026-06-10,Monthly,0,Not Churned
CUST01088,2023-12-15,Basic,31,32,UK,26-35,Organic,5,14,0,2026-06-12,Monthly,0,Not Churned
CUST01089,2024-05-13,Premium,107,27,India,26-35,Referral,3,13,0,2026-08-10,Annual,0,Not Churned
CUST01090,2023-10-16,Basic,34,34,USA,56+,Social Media,3,17,1,2026-07-25,Monthly,1,Pricing
CUST01091,2024-10-10,Premium,101,22,USA,18-25,Organic,5,17,1,2026-08-30,Monthly,0,Not Churned
CUST01092,2026-05-03,Standard,65,3,USA,26-35,Referral,3,11,1,2026-08-17,Monthly,1,Competitor
CUST01093,2025-03-09,Standard,67,17,India,26-35,Partner,3,13,1,2026-06-18,Monthly,0,Not Churned
CUST01094,2025-06-07,Standard,65,14,UK,18-25,Referral,0,11,0,2026-06-19,Monthly,1,Competitor
CUST01095,2024-05-13,Basic,29,27,Canada,26-35,Paid Ads,1,9,1,2026-06-25,Monthly,0,Not Churned
CUST01096,2023-05-19,Basic,27,39,India,18-25,Social Media,5,9,0,2026-06-21,Annual,1,Pricing
CUST01097,2024-12-09,Basic,38,20,India,46-55,Referral,1,15,2,2026-08-30,Annual,0,Not Churned
CUST01098,2022-10-21,Basic,24,46,UK,36-45,Referral,4,16,0,2026-07-27,Monthly,0,Not Churned
CUST01099,2024-01-14,Standard,65,31,UK,46-55,Referral,7,12,0,2026-08-22,Monthly,1,Poor Support Experience
CUST01100,2023-03-20,Basic,30,41,UK,36-45,Organic,4,10,1,2026-08-07,Annual,0,Not Churned
CUST01101,2024-01-14,Basic,31,31,UK,36-45,Organic,2,13,0,2026-06-29,Annual,0,Not Churned
CUST01102,2024-03-14,Premium,102,29,USA,36-45,Organic,3,15,0,2026-07-25,Monthly,0,Not Churned
CUST01103,2023-02-18,Premium,95,42,USA,46-55,Organic,2,13,0,2026-06-04,Monthly,0,Not Churned
CUST01104,2021-10-26,Premium,94,58,India,18-25,Organic,8,10,0,2026-08-13,Annual,0,Not Churned
CUST01105,2023-01-19,Premium,97,43,India,26-35,Paid Ads,5,17,1,2026-08-13,Monthly,0,Not Churned
CUST01106,2023-12-15,Basic,36,32,UK,36-45,Organic,4,13,0,2026-08-10,Monthly,0,Not Churned
CUST01107,2024-02-13,Basic,28,30,India,56+,Social Media,2,12,1,2026-07-05,Annual,0,Not Churned
CUST01108,2023-01-19,Standard,63,43,Germany,56+,Social Media,2,13,1,2026-06-09,Monthly,1,Competitor
CUST01109,2024-05-13,Standard,65,27,Australia,36-45,Referral,2,14,0,2026-06-10,Monthly,0,Not Churned
CUST01110,2025-01-08,Basic,24,19,Australia,26-35,Paid Ads,1,11,0,2026-08-31,Annual,1,Pricing
CUST01111,2024-04-13,Premium,98,28,Australia,18-25,Organic,2,8,0,2026-06-15,Annual,0,Not Churned
CUST01112,2022-11-20,Basic,29,45,USA,46-55,Paid Ads,1,10,0,2026-07-10,Annual,0,Not Churned
CUST01113,2025-10-05,Basic,26,10,Australia,26-35,Referral,1,13,1,2026-06-14,Monthly,0,Not Churned
CUST01114,2025-04-08,Standard,65,16,India,26-35,Social Media,4,11,0,2026-08-17,Monthly,0,Not Churned
CUST01115,2024-01-14,Standard,68,31,India,46-55,Organic,3,15,0,2026-06-18,Monthly,0,Not Churned
CUST01116,2025-10-05,Standard,60,10,Canada,18-25,Referral,4,11,1,2026-07-03,Annual,0,Not Churned
CUST01117,2025-10-05,Basic,37,10,India,36-45,Referral,3,9,1,2026-07-06,Monthly,0,Not Churned
CUST01118,2024-04-13,Premium,99,28,Germany,36-45,Referral,3,7,0,2026-06-06,Monthly,0,Not Churned
CUST01119,2025-08-06,Basic,27,12,UK,18-25,Organic,3,16,1,2026-08-09,Monthly,0,Not Churned
CUST01120,2023-11-15,Basic,26,33,Canada,26-35,Paid Ads,5,13,0,2026-07-01,Monthly,0,Not Churned
CUST01121,2024-04-13,Premium,98,28,India,18-25,Paid Ads,6,19,1,2026-07-28,Annual,0,Not Churned
CUST01122,2025-02-07,Premium,96,18,UK,36-45,Paid Ads,2,12,0,2026-06-28,Monthly,0,Not Churned
CUST01123,2022-04-24,Premium,103,52,India,26-35,Paid Ads,0,12,0,2026-07-08,Annual,0,Not Churned
CUST01124,2024-04-13,Premium,102,28,Australia,18-25,Organic,5,9,1,2026-08-25,Monthly,0,Not Churned
CUST01125,2024-04-13,Standard,62,28,India,56+,Organic,7,16,0,2026-07-29,Monthly,0,Not Churned
CUST01126,2023-01-19,Standard,59,43,UK,26-35,Organic,3,7,1,2026-07-13,Annual,0,Not Churned
CUST01127,2023-05-19,Basic,36,39,India,26-35,Organic,2,13,1,2026-07-26,Annual,0,Not Churned
CUST01128,2025-06-07,Standard,64,14,India,26-35,Organic,6,19,0,2026-08-22,Annual,0,Not Churned
CUST01129,2025-12-04,Basic,29,8,USA,26-35,Organic,2,8,1,2026-07-19,Annual,0,Not Churned
CUST01130,2024-02-13,Basic,35,30,India,56+,Organic,4,13,0,2026-06-07,Monthly,0,Not Churned
CUST01131,2023-08-17,Standard,67,36,Canada,26-35,Referral,4,10,1,2026-07-23,Monthly,0,Not Churned
CUST01132,2026-05-03,Standard,57,3,India,26-35,Social Media,5,10,0,2026-06-29,Monthly,0,Not Churned
CUST01133,2025-10-05,Basic,27,10,India,46-55,Paid Ads,3,9,0,2026-06-17,Annual,0,Not Churned
CUST01134,2025-11-04,Basic,25,9,USA,36-45,Paid Ads,3,9,0,2026-06-17,Monthly,0,Not Churned
CUST01135,2022-09-21,Standard,63,47,India,26-35,Social Media,4,13,0,2026-06-29,Monthly,0,Not Churned
CUST01136,2023-04-19,Basic,27,40,USA,46-55,Referral,4,6,1,2026-07-02,Annual,0,Not Churned
CUST01137,2025-07-07,Premium,101,13,Canada,36-45,Organic,3,14,0,2026-07-29,Monthly,0,Not Churned
CUST01138,2024-10-10,Standard,66,22,India,26-35,Referral,1,15,0,2026-08-28,Monthly,0,Not Churned
CUST01139,2021-11-25,Standard,63,57,India,36-45,Paid Ads,2,12,2,2026-07-27,Monthly,0,Not Churned
CUST01140,2024-08-11,Standard,55,24,India,46-55,Referral,3,8,2,2026-07-28,Annual,0,Not Churned
CUST01141,2026-01-03,Premium,102,7,USA,26-35,Partner,1,14,0,2026-06-24,Annual,0,Not Churned
CUST01142,2025-07-07,Basic,37,13,USA,36-45,Paid Ads,4,15,3,2026-06-16,Monthly,0,Not Churned
CUST01143,2026-02-02,Standard,54,6,USA,56+,Partner,4,9,1,2026-06-30,Monthly,0,Not Churned
CUST01144,2025-10-05,Standard,66,10,Canada,36-45,Paid Ads,5,10,3,2026-06-23,Monthly,0,Not Churned
CUST01145,2022-05-24,Basic,25,51,India,18-25,Paid Ads,5,17,1,2026-08-14,Monthly,1,Pricing
CUST01146,2021-08-27,Premium,108,60,USA,26-35,Paid Ads,3,10,1,2026-07-28,Monthly,0,Not Churned
CUST01147,2025-09-05,Standard,55,11,USA,36-45,Social Media,2,8,1,2026-06-12,Monthly,0,Not Churned
CUST01148,2024-03-14,Standard,64,29,UK,26-35,Organic,4,15,0,2026-06-10,Annual,0,Not Churned
CUST01149,2025-04-08,Premium,106,16,Germany,56+,Referral,1,11,0,2026-07-01,Monthly,0,Not Churned
CUST01150,2022-02-23,Premium,108,54,USA,26-35,Social Media,2,21,1,2026-07-30,Annual,0,Not Churned
CUST01151,2024-12-09,Standard,67,20,Germany,26-35,Paid Ads,2,8,0,2026-07-07,Monthly,0,Not Churned
CUST01152,2024-11-09,Premium,99,21,India,36-45,Organic,3,9,1,2026-07-19,Monthly,0,Not Churned
CUST01153,2022-01-24,Standard,68,55,India,36-45,Organic,4,10,1,2026-07-09,Monthly,0,Not Churned
CUST01154,2024-03-14,Standard,67,29,India,26-35,Referral,4,8,0,2026-07-25,Annual,0,Not Churned
CUST01155,2025-06-07,Standard,60,14,USA,18-25,Social Media,5,13,2,2026-07-31,Annual,1,Payment Issues
CUST01156,2022-01-24,Standard,66,55,India,36-45,Paid Ads,3,18,0,2026-06-22,Monthly,0,Not Churned
CUST01157,2021-08-27,Basic,38,60,India,46-55,Referral,4,7,1,2026-07-09,Monthly,0,Not Churned
CUST01158,2023-03-20,Premium,108,41,USA,36-45,Organic,2,12,0,2026-07-14,Annual,0,Not Churned
CUST01159,2025-04-08,Premium,96,16,India,26-35,Paid Ads,5,9,0,2026-08-24,Annual,0,Not Churned
CUST01160,2025-11-04,Basic,34,9,India,18-25,Paid Ads,6,8,0,2026-08-06,Annual,0,Not Churned
CUST01161,2026-02-02,Premium,102,6,India,46-55,Referral,1,17,0,2026-07-30,Monthly,0,Not Churned
CUST01162,2023-06-18,Basic,28,38,Australia,46-55,Partner,3,13,0,2026-07-31,Annual,0,Not Churned
CUST01163,2024-03-14,Basic,28,29,India,26-35,Social Media,3,17,1,2026-06-16,Monthly,1,Pricing
CUST01164,2025-02-07,Standard,64,18,UK,36-45,Organic,1,13,1,2026-06-07,Monthly,0,Not Churned
CUST01165,2024-08-11,Basic,35,24,UK,26-35,Referral,2,13,0,2026-08-10,Monthly,0,Not Churned
CUST01166,2022-05-24,Premium,97,51,USA,36-45,Organic,0,21,0,2026-06-10,Monthly,0,Not Churned
CUST01167,2025-03-09,Premium,102,17,India,46-55,Organic,4,17,0,2026-08-30,Monthly,0,Not Churned
CUST01168,2023-08-17,Standard,61,36,USA,18-25,Organic,3,17,0,2026-07-29,Monthly,0,Not Churned
CUST01169,2024-11-09,Basic,35,21,USA,36-45,Paid Ads,3,10,0,2026-06-08,Monthly,0,Not Churned
CUST01170,2025-01-08,Basic,27,19,USA,26-35,Referral,2,8,1,2026-06-07,Annual,0,Not Churned
CUST01171,2024-09-10,Standard,57,23,India,26-35,Paid Ads,2,11,1,2026-07-11,Annual,1,Competitor
CUST01172,2024-05-13,Premium,95,27,India,36-45,Partner,3,15,1,2026-08-19,Monthly,0,Not Churned
CUST01173,2022-03-25,Standard,62,53,Australia,18-25,Organic,3,11,0,2026-06-14,Monthly,0,Not Churned
CUST01174,2025-09-05,Basic,26,11,USA,36-45,Paid Ads,4,11,0,2026-07-07,Monthly,1,Pricing
CUST01175,2024-06-12,Standard,57,26,UK,26-35,Paid Ads,3,7,0,2026-08-28,Monthly,0,Not Churned
CUST01176,2022-03-25,Standard,67,53,USA,36-45,Organic,4,10,0,2026-08-06,Monthly,1,Competitor
CUST01177,2022-02-23,Standard,60,54,Australia,18-25,Partner,4,9,2,2026-07-07,Monthly,0,Not Churned
CUST01178,2025-09-05,Basic,33,11,USA,36-45,Paid Ads,3,19,1,2026-08-24,Monthly,0,Not Churned
CUST01179,2023-01-19,Standard,61,43,USA,36-45,Partner,2,10,1,2026-07-23,Annual,0,Not Churned
CUST01180,2024-10-10,Standard,61,22,Germany,56+,Paid Ads,4,9,1,2026-08-29,Annual,1,Competitor
CUST01181,2021-11-25,Premium,97,57,UK,46-55,Organic,5,11,0,2026-06-05,Annual,0,Not Churned
CUST01182,2025-01-08,Basic,38,19,India,26-35,Organic,6,9,0,2026-06-09,Monthly,0,Not Churned
CUST01183,2025-12-04,Standard,60,8,India,18-25,Social Media,1,20,0,2026-08-12,Annual,0,Not Churned
CUST01184,2021-09-26,Premium,103,59,Canada,36-45,Organic,3,14,1,2026-07-13,Monthly,0,Not Churned
CUST01185,2024-09-10,Basic,24,23,Australia,36-45,Partner,3,9,2,2026-06-02,Monthly,0,Not Churned
CUST01186,2022-08-22,Premium,99,48,USA,18-25,Paid Ads,2,13,1,2026-08-15,Annual,0,Not Churned
CUST01187,2021-11-25,Standard,59,57,USA,18-25,Organic,5,4,0,2026-06-30,Annual,1,Low Engagement
CUST01188,2022-03-25,Basic,29,53,UK,36-45,Referral,1,8,1,2026-08-15,Annual,0,Not Churned
CUST01189,2024-09-10,Basic,35,23,USA,46-55,Organic,4,13,0,2026-06-22,Monthly,0,Not Churned
CUST01190,2023-04-19,Standard,55,40,UK,46-55,Organic,2,12,0,2026-08-16,Annual,0,Not Churned
CUST01191,2025-11-04,Basic,31,9,India,26-35,Social Media,3,19,0,2026-08-16,Annual,0,Not Churned
CUST01192,2024-08-11,Standard,67,24,Germany,26-35,Paid Ads,0,7,1,2026-06-13,Monthly,0,Not Churned
CUST01193,2025-08-06,Basic,38,12,Canada,18-25,Paid Ads,3,16,1,2026-07-30,Monthly,0,Not Churned
CUST01194,2025-08-06,Standard,68,12,UK,26-35,Organic,2,6,0,2026-06-24,Monthly,0,Not Churned
CUST01195,2023-12-15,Basic,28,32,India,36-45,Organic,4,12,2,2026-08-26,Monthly,0,Not Churned
CUST01196,2026-06-02,Premium,98,2,India,36-45,Paid Ads,2,13,0,2026-06-16,Annual,0,Not Churned
CUST01197,2021-09-26,Premium,95,59,USA,26-35,Paid Ads,5,12,1,2026-08-04,Monthly,0,Not Churned
CUST01198,2026-02-02,Premium,97,6,UK,18-25,Social Media,5,14,0,2026-06-11,Annual,0,Not Churned
CUST01199,2026-04-03,Standard,65,4,UK,26-35,Paid Ads,3,12,0,2026-07-12,Annual,0,Not Churned
CUST01200,2025-07-07,Basic,32,13,USA,46-55,Social Media,2,13,0,2026-08-16,Monthly,1,Pricing
CUST01201,2023-08-17,Standard,62,36,UK,26-35,Organic,1,10,0,2026-06-12,Monthly,1,Competitor
CUST01202,2023-03-20,Basic,29,41,Canada,26-35,Organic,0,18,2,2026-06-12,Monthly,0,Not Churned
CUST01203,2023-05-19,Basic,34,39,India,36-45,Organic,6,5,0,2026-06-02,Monthly,0,Not Churned
CUST01204,2023-06-18,Basic,38,38,USA,36-45,Social Media,3,15,1,2026-07-28,Monthly,0,Not Churned
CUST01205,2025-02-07,Standard,62,18,Canada,46-55,Social Media,1,13,0,2026-08-04,Monthly,1,Competitor
CUST01206,2025-05-08,Standard,57,15,USA,26-35,Organic,2,10,0,2026-06-12,Annual,0,Not Churned
CUST01207,2022-08-22,Standard,68,48,UK,36-45,Organic,3,5,0,2026-06-26,Annual,0,Not Churned
CUST01208,2023-11-15,Standard,64,33,USA,26-35,Referral,1,7,0,2026-07-19,Annual,0,Not Churned
CUST01209,2023-02-18,Basic,24,42,Germany,46-55,Social Media,3,15,1,2026-06-22,Monthly,0,Not Churned
CUST01210,2024-02-13,Premium,95,30,India,36-45,Social Media,0,10,1,2026-08-25,Annual,0,Not Churned
CUST01211,2023-08-17,Standard,66,36,USA,46-55,Organic,3,14,0,2026-06-15,Monthly,0,Not Churned
CUST01212,2024-07-12,Standard,54,25,India,18-25,Referral,3,14,1,2026-06-20,Monthly,0,Not Churned
CUST01213,2026-04-03,Basic,31,4,India,36-45,Social Media,6,5,1,2026-07-07,Annual,0,Not Churned
CUST01214,2025-02-07,Standard,62,18,USA,26-35,Organic,4,11,1,2026-07-19,Annual,0,Not Churned
CUST01215,2022-11-20,Standard,63,45,India,18-25,Paid Ads,3,16,0,2026-07-13,Monthly,0,Not Churned
CUST01216,2021-12-25,Basic,35,56,Germany,18-25,Paid Ads,1,16,0,2026-07-14,Monthly,0,Not Churned
CUST01217,2022-02-23,Basic,29,54,Germany,36-45,Organic,3,14,0,2026-08-27,Monthly,0,Not Churned
CUST01218,2023-11-15,Standard,55,33,India,26-35,Partner,3,19,0,2026-08-15,Monthly,0,Not Churned
CUST01219,2024-12-09,Standard,59,20,UK,46-55,Partner,7,13,3,2026-08-17,Monthly,0,Not Churned
CUST01220,2023-02-18,Basic,32,42,USA,36-45,Paid Ads,2,13,0,2026-08-19,Monthly,1,Pricing
CUST01221,2024-11-09,Premium,105,21,Canada,18-25,Organic,5,7,0,2026-08-31,Annual,0,Not Churned
CUST01222,2026-07-02,Basic,26,1,UK,36-45,Referral,4,7,0,2026-06-05,Annual,0,Not Churned
CUST01223,2023-10-16,Standard,62,34,India,26-35,Organic,1,13,0,2026-08-17,Annual,0,Not Churned
CUST01224,2025-11-04,Premium,95,9,Canada,26-35,Organic,1,14,0,2026-07-20,Monthly,0,Not Churned
CUST01225,2026-07-02,Standard,64,1,Canada,36-45,Paid Ads,2,8,1,2026-08-14,Monthly,1,Competitor
CUST01226,2022-09-21,Standard,58,47,USA,46-55,Paid Ads,7,9,1,2026-08-15,Monthly,0,Not Churned
CUST01227,2024-05-13,Basic,34,27,Australia,26-35,Organic,3,15,0,2026-07-01,Annual,0,Not Churned
CUST01228,2025-05-08,Basic,25,15,Australia,46-55,Referral,2,12,0,2026-06-17,Monthly,0,Not Churned
CUST01229,2024-08-11,Premium,100,24,USA,36-45,Organic,3,14,0,2026-06-12,Monthly,0,Not Churned
CUST01230,2021-08-27,Standard,64,60,UK,26-35,Social Media,0,11,2,2026-07-26,Monthly,0,Not Churned
CUST01231,2021-09-26,Premium,103,59,Germany,36-45,Partner,7,7,0,2026-08-18,Monthly,0,Not Churned
CUST01232,2024-07-12,Basic,38,25,India,36-45,Referral,4,12,0,2026-07-04,Monthly,0,Not Churned
CUST01233,2023-10-16,Basic,32,34,India,18-25,Paid Ads,2,14,0,2026-07-27,Annual,1,Pricing
CUST01234,2022-12-20,Basic,30,44,India,46-55,Organic,3,13,0,2026-07-22,Monthly,0,Not Churned
CUST01235,2022-06-23,Standard,65,50,Australia,36-45,Referral,1,14,0,2026-06-15,Monthly,0,Not Churned
CUST01236,2022-01-24,Basic,28,55,Canada,26-35,Partner,5,12,0,2026-06-14,Monthly,0,Not Churned
CUST01237,2025-10-05,Premium,108,10,India,56+,Organic,5,9,3,2026-08-24,Annual,1,Payment Issues
CUST01238,2024-02-13,Standard,57,30,Germany,26-35,Paid Ads,4,11,1,2026-06-21,Monthly,0,Not Churned
CUST01239,2022-11-20,Premium,105,45,Canada,46-55,Paid Ads,5,14,1,2026-06-17,Annual,0,Not Churned
CUST01240,2023-03-20,Basic,27,41,Australia,26-35,Paid Ads,3,11,0,2026-06-23,Monthly,0,Not Churned
CUST01241,2021-10-26,Premium,108,58,India,36-45,Paid Ads,3,13,0,2026-07-26,Monthly,0,Not Churned
CUST01242,2024-07-12,Standard,63,25,USA,26-35,Partner,2,17,0,2026-07-04,Monthly,0,Not Churned
CUST01243,2026-05-03,Standard,61,3,UK,36-45,Organic,8,16,0,2026-06-30,Monthly,0,Not Churned
CUST01244,2022-01-24,Premium,103,55,USA,26-35,Paid Ads,2,12,0,2026-08-13,Annual,0,Not Churned
CUST01245,2024-10-10,Standard,66,22,UK,26-35,Partner,2,14,1,2026-06-28,Annual,0,Not Churned
CUST01246,2023-04-19,Standard,63,40,Canada,18-25,Paid Ads,4,11,1,2026-06-08,Annual,0,Not Churned
CUST01247,2022-10-21,Basic,37,46,USA,46-55,Social Media,1,15,1,2026-07-05,Monthly,0,Not Churned
CUST01248,2021-12-25,Basic,33,56,Australia,26-35,Organic,3,11,0,2026-06-02,Monthly,0,Not Churned
CUST01249,2024-08-11,Premium,103,24,India,36-45,Partner,1,20,2,2026-07-30,Annual,0,Not Churned
CUST01250,2021-12-25,Standard,63,56,India,46-55,Organic,1,17,0,2026-08-19,Monthly,0,Not Churned
CUST01251,2024-05-13,Standard,54,27,India,46-55,Partner,2,13,0,2026-07-09,Annual,0,Not Churned
CUST01252,2024-06-12,Standard,58,26,USA,18-25,Organic,4,10,0,2026-07-18,Annual,0,Not Churned
CUST01253,2025-04-08,Basic,37,16,USA,46-55,Paid Ads,3,12,0,2026-08-08,Monthly,0,Not Churned
CUST01254,2023-06-18,Basic,25,38,Canada,26-35,Paid Ads,2,14,2,2026-07-12,Monthly,0,Not Churned
CUST01255,2023-03-20,Standard,66,41,UK,36-45,Paid Ads,2,10,4,2026-07-28,Annual,0,Not Churned
CUST01256,2022-03-25,Standard,64,53,USA,36-45,Organic,2,8,0,2026-07-08,Monthly,0,Not Churned
CUST01257,2026-04-03,Basic,32,4,UK,18-25,Partner,0,13,1,2026-06-07,Monthly,0,Not Churned
CUST01258,2024-09-10,Standard,60,23,India,26-35,Paid Ads,3,11,0,2026-08-17,Monthly,0,Not Churned
CUST01259,2025-01-08,Basic,33,19,India,26-35,Referral,2,14,0,2026-06-20,Monthly,0,Not Churned
CUST01260,2021-12-25,Standard,61,56,UK,26-35,Organic,4,6,0,2026-06-27,Monthly,0,Not Churned
CUST01261,2025-05-08,Basic,29,15,UK,46-55,Social Media,5,5,0,2026-06-05,Monthly,0,Not Churned
CUST01262,2024-01-14,Standard,62,31,Canada,26-35,Paid Ads,3,7,0,2026-07-06,Annual,0,Not Churned
CUST01263,2024-08-11,Basic,29,24,USA,46-55,Partner,4,14,2,2026-06-26,Annual,0,Not Churned
CUST01264,2025-09-05,Standard,60,11,Canada,26-35,Paid Ads,1,20,0,2026-08-12,Monthly,0,Not Churned
CUST01265,2022-03-25,Basic,30,53,UK,56+,Organic,3,16,0,2026-07-30,Annual,0,Not Churned
CUST01266,2025-10-05,Basic,32,10,Germany,36-45,Paid Ads,2,13,0,2026-06-21,Monthly,0,Not Churned
CUST01267,2025-12-04,Basic,34,8,India,46-55,Referral,1,11,0,2026-07-07,Monthly,0,Not Churned
CUST01268,2026-05-03,Standard,61,3,USA,18-25,Referral,1,17,1,2026-07-07,Annual,0,Not Churned
CUST01269,2025-01-08,Standard,66,19,UK,36-45,Social Media,3,16,1,2026-06-29,Monthly,0,Not Churned
CUST01270,2026-04-03,Basic,24,4,Germany,18-25,Organic,8,14,0,2026-07-15,Monthly,0,Not Churned
CUST01271,2024-03-14,Standard,57,29,India,26-35,Referral,2,11,0,2026-08-04,Monthly,0,Not Churned
CUST01272,2022-11-20,Premium,100,45,USA,36-45,Partner,2,5,0,2026-08-05,Annual,0,Not Churned
CUST01273,2023-03-20,Standard,64,41,India,36-45,Organic,2,6,0,2026-06-11,Annual,0,Not Churned
CUST01274,2024-11-09,Basic,31,21,USA,18-25,Organic,2,13,0,2026-08-18,Annual,0,Not Churned
CUST01275,2022-02-23,Standard,60,54,India,36-45,Referral,3,17,0,2026-08-28,Monthly,0,Not Churned
CUST01276,2022-04-24,Basic,35,52,India,36-45,Paid Ads,4,12,1,2026-08-27,Annual,0,Not Churned
CUST01277,2022-11-20,Basic,26,45,USA,18-25,Referral,1,11,1,2026-06-17,Monthly,0,Not Churned
CUST01278,2025-11-04,Premium,108,9,India,36-45,Paid Ads,1,11,1,2026-08-28,Monthly,0,Not Churned
CUST01279,2022-04-24,Basic,27,52,India,36-45,Partner,2,16,0,2026-06-08,Monthly,0,Not Churned
CUST01280,2022-05-24,Standard,65,51,India,18-25,Social Media,3,10,1,2026-08-17,Monthly,0,Not Churned
CUST01281,2022-08-22,Standard,60,48,India,36-45,Referral,3,9,1,2026-07-22,Monthly,1,Competitor
CUST01282,2025-02-07,Standard,61,18,Germany,36-45,Organic,6,10,2,2026-07-07,Monthly,0,Not Churned
CUST01283,2025-01-08,Standard,60,19,USA,46-55,Organic,2,16,0,2026-07-11,Monthly,0,Not Churned
CUST01284,2025-03-09,Basic,29,17,Canada,26-35,Social Media,5,16,0,2026-08-21,Annual,0,Not Churned
CUST01285,2022-12-20,Basic,32,44,USA,46-55,Referral,1,9,0,2026-08-13,Annual,0,Not Churned
CUST01286,2023-01-19,Standard,62,43,Australia,18-25,Social Media,4,8,1,2026-06-06,Annual,0,Not Churned
CUST01287,2024-08-11,Basic,34,24,USA,26-35,Paid Ads,5,6,2,2026-08-20,Annual,0,Not Churned
CUST01288,2022-07-23,Basic,36,49,USA,26-35,Organic,1,12,1,2026-07-13,Monthly,1,Pricing
CUST01289,2026-02-02,Basic,30,6,USA,46-55,Paid Ads,4,18,1,2026-06-16,Monthly,0,Not Churned
CUST01290,2024-01-14,Basic,31,31,Canada,36-45,Organic,2,16,0,2026-07-03,Annual,0,Not Churned
CUST01291,2024-05-13,Basic,29,27,USA,18-25,Social Media,4,9,0,2026-08-21,Annual,0,Not Churned
CUST01292,2022-09-21,Basic,24,47,India,18-25,Referral,2,16,0,2026-07-06,Monthly,1,Pricing
CUST01293,2023-10-16,Standard,54,34,India,26-35,Organic,4,9,0,2026-06-03,Monthly,0,Not Churned
CUST01294,2022-10-21,Standard,59,46,UK,18-25,Referral,1,11,0,2026-07-15,Monthly,0,Not Churned
CUST01295,2024-05-13,Premium,95,27,USA,36-45,Social Media,6,7,1,2026-06-24,Monthly,0,Not Churned
CUST01296,2024-05-13,Basic,37,27,India,36-45,Referral,2,12,1,2026-07-10,Monthly,0,Not Churned
CUST01297,2023-09-16,Basic,31,35,USA,46-55,Paid Ads,7,17,0,2026-07-16,Annual,0,Not Churned
CUST01298,2021-11-25,Basic,24,57,USA,56+,Paid Ads,5,10,0,2026-07-28,Annual,0,Not Churned
CUST01299,2025-08-06,Standard,66,12,Australia,36-45,Social Media,2,13,0,2026-07-12,Monthly,0,Not Churned
CUST01300,2024-03-14,Standard,55,29,India,18-25,Paid Ads,2,7,1,2026-07-02,Monthly,0,Not Churned
CUST01301,2021-11-25,Basic,31,57,India,26-35,Social Media,4,16,0,2026-08-17,Annual,0,Not Churned
CUST01302,2026-02-02,Premium,105,6,Australia,36-45,Social Media,4,18,0,2026-08-08,Monthly,0,Not Churned
CUST01303,2022-01-24,Basic,29,55,UK,26-35,Social Media,5,13,0,2026-08-22,Monthly,0,Not Churned
CUST01304,2023-07-18,Standard,65,37,India,36-45,Partner,1,18,1,2026-07-17,Monthly,0,Not Churned
CUST01305,2026-01-03,Standard,63,7,Australia,56+,Referral,1,11,1,2026-06-18,Monthly,0,Not Churned
CUST01306,2026-02-02,Premium,95,6,USA,46-55,Organic,2,20,0,2026-08-13,Monthly,0,Not Churned
CUST01307,2022-03-25,Standard,55,53,USA,18-25,Organic,3,15,1,2026-07-21,Annual,0,Not Churned
CUST01308,2025-01-08,Premium,104,19,Germany,26-35,Organic,3,7,1,2026-08-14,Monthly,0,Not Churned
CUST01309,2025-06-07,Basic,37,14,Germany,46-55,Organic,6,13,0,2026-08-26,Monthly,1,Pricing
CUST01310,2022-06-23,Premium,100,50,USA,46-55,Organic,3,13,0,2026-08-16,Monthly,0,Not Churned
CUST01311,2024-11-09,Basic,28,21,India,26-35,Paid Ads,0,15,0,2026-08-07,Monthly,0,Not Churned
CUST01312,2025-06-07,Premium,98,14,India,36-45,Organic,4,11,1,2026-06-23,Annual,0,Not Churned
CUST01313,2023-04-19,Standard,61,40,India,36-45,Paid Ads,4,13,1,2026-07-13,Monthly,0,Not Churned
CUST01314,2025-06-07,Premium,105,14,India,26-35,Social Media,3,12,0,2026-07-29,Monthly,0,Not Churned
CUST01315,2022-03-25,Standard,65,53,USA,26-35,Referral,7,6,0,2026-06-09,Annual,0,Not Churned
CUST01316,2022-05-24,Standard,60,51,Germany,46-55,Partner,6,12,1,2026-07-07,Annual,0,Not Churned
CUST01317,2023-12-15,Standard,65,32,Australia,36-45,Organic,2,13,1,2026-07-01,Annual,0,Not Churned
CUST01318,2024-06-12,Standard,67,26,USA,26-35,Paid Ads,2,11,0,2026-08-27,Annual,0,Not Churned
CUST01319,2026-05-03,Basic,32,3,USA,36-45,Paid Ads,5,11,0,2026-08-19,Annual,0,Not Churned
CUST01320,2025-05-08,Basic,27,15,India,36-45,Paid Ads,2,17,0,2026-06-27,Monthly,1,Pricing
CUST01321,2024-11-09,Basic,33,21,India,46-55,Referral,0,8,0,2026-08-03,Monthly,0,Not Churned
CUST01322,2024-02-13,Basic,27,30,India,26-35,Organic,1,7,0,2026-06-22,Annual,0,Not Churned
CUST01323,2022-08-22,Premium,95,48,Canada,56+,Organic,4,14,1,2026-07-05,Monthly,0,Not Churned
CUST01324,2021-11-25,Basic,26,57,India,26-35,Referral,2,11,0,2026-08-05,Monthly,0,Not Churned
CUST01325,2022-09-21,Premium,94,47,Australia,36-45,Social Media,3,10,1,2026-08-08,Annual,0,Not Churned
CUST01326,2025-06-07,Basic,24,14,UK,36-45,Referral,3,14,0,2026-07-07,Monthly,0,Not Churned
CUST01327,2022-09-21,Basic,30,47,India,26-35,Organic,10,11,2,2026-07-26,Annual,1,Payment Issues
CUST01328,2021-12-25,Standard,67,56,India,26-35,Paid Ads,3,11,0,2026-08-10,Monthly,0,Not Churned
CUST01329,2023-05-19,Standard,67,39,UK,46-55,Organic,3,16,0,2026-06-03,Monthly,0,Not Churned
CUST01330,2023-07-18,Standard,58,37,Australia,36-45,Partner,2,14,0,2026-06-04,Monthly,0,Not Churned
CUST01331,2023-03-20,Standard,56,41,UK,26-35,Social Media,1,8,1,2026-06-26,Annual,1,Competitor
CUST01332,2022-08-22,Standard,60,48,India,18-25,Organic,3,11,1,2026-07-04,Annual,0,Not Churned
CUST01333,2024-04-13,Basic,37,28,USA,18-25,Organic,1,8,1,2026-06-09,Monthly,0,Not Churned
CUST01334,2026-06-02,Premium,95,2,India,18-25,Referral,0,9,2,2026-06-19,Monthly,1,Payment Issues
CUST01335,2024-10-10,Premium,96,22,Germany,56+,Organic,4,12,1,2026-06-11,Monthly,0,Not Churned
CUST01336,2022-01-24,Standard,54,55,Canada,36-45,Partner,4,6,0,2026-07-17,Monthly,0,Not Churned
CUST01337,2026-01-03,Basic,31,7,UK,56+,Social Media,2,10,0,2026-08-04,Monthly,0,Not Churned
CUST01338,2022-12-20,Standard,55,44,USA,18-25,Organic,4,14,1,2026-08-21,Monthly,0,Not Churned
CUST01339,2023-12-15,Basic,38,32,UK,36-45,Organic,2,8,1,2026-06-24,Annual,0,Not Churned
CUST01340,2021-09-26,Basic,30,59,India,18-25,Social Media,2,18,0,2026-06-09,Annual,0,Not Churned
CUST01341,2025-04-08,Basic,34,16,India,36-45,Paid Ads,4,13,1,2026-08-12,Monthly,0,Not Churned
CUST01342,2023-08-17,Standard,62,36,USA,26-35,Referral,2,15,0,2026-07-30,Annual,0,Not Churned
CUST01343,2026-06-02,Premium,99,2,Germany,18-25,Organic,2,8,0,2026-08-09,Monthly,0,Not Churned
CUST01344,2025-03-09,Standard,55,17,UK,36-45,Organic,5,13,0,2026-06-30,Monthly,0,Not Churned
CUST01345,2022-07-23,Standard,55,49,India,26-35,Referral,1,12,2,2026-06-21,Annual,0,Not Churned
CUST01346,2026-05-03,Standard,62,3,Australia,36-45,Paid Ads,5,16,0,2026-07-03,Monthly,0,Not Churned
CUST01347,2022-08-22,Basic,33,48,India,36-45,Organic,2,11,1,2026-08-01,Monthly,0,Not Churned
CUST01348,2024-09-10,Basic,31,23,India,36-45,Organic,5,12,0,2026-06-20,Monthly,0,Not Churned
CUST01349,2021-09-26,Premium,107,59,India,56+,Referral,2,8,0,2026-06-19,Annual,0,Not Churned
CUST01350,2023-07-18,Basic,37,37,USA,26-35,Referral,1,7,1,2026-07-06,Annual,0,Not Churned
CUST01351,2023-05-19,Premium,107,39,USA,26-35,Organic,5,16,1,2026-07-13,Monthly,0,Not Churned
CUST01352,2024-04-13,Standard,62,28,USA,46-55,Referral,4,16,2,2026-07-21,Annual,0,Not Churned
CUST01353,2022-11-20,Standard,57,45,UK,36-45,Organic,3,14,0,2026-08-08,Monthly,0,Not Churned
CUST01354,2023-03-20,Standard,57,41,India,18-25,Paid Ads,5,17,1,2026-07-27,Annual,0,Not Churned
CUST01355,2025-12-04,Standard,68,8,Canada,46-55,Referral,2,4,0,2026-06-23,Annual,0,Not Churned
CUST01356,2023-11-15,Premium,108,33,India,18-25,Referral,4,11,1,2026-06-03,Monthly,0,Not Churned
CUST01357,2026-04-03,Premium,95,4,Canada,26-35,Organic,3,9,1,2026-07-11,Annual,1,Competitor
CUST01358,2022-03-25,Standard,67,53,UK,18-25,Organic,6,10,0,2026-08-14,Monthly,0,Not Churned
CUST01359,2026-01-03,Basic,33,7,UK,18-25,Organic,5,14,2,2026-07-29,Annual,0,Not Churned
CUST01360,2025-09-05,Standard,54,11,USA,18-25,Social Media,3,11,1,2026-06-19,Annual,0,Not Churned
CUST01361,2023-04-19,Premium,103,40,UK,18-25,Organic,3,15,0,2026-08-19,Monthly,0,Not Churned
CUST01362,2025-12-04,Basic,36,8,India,26-35,Organic,4,15,0,2026-07-15,Monthly,0,Not Churned
CUST01363,2024-12-09,Standard,57,20,Australia,26-35,Organic,2,14,0,2026-06-15,Monthly,1,Competitor
CUST01364,2023-01-19,Standard,63,43,India,18-25,Paid Ads,3,12,1,2026-08-29,Monthly,1,Competitor
CUST01365,2023-05-19,Standard,63,39,India,36-45,Social Media,4,11,0,2026-08-09,Monthly,0,Not Churned
CUST01366,2024-04-13,Basic,34,28,USA,26-35,Organic,3,18,1,2026-06-03,Monthly,1,Pricing
CUST01367,2025-09-05,Standard,61,11,Canada,18-25,Paid Ads,4,12,1,2026-08-09,Monthly,0,Not Churned
CUST01368,2022-06-23,Premium,95,50,India,26-35,Organic,5,16,4,2026-06-15,Annual,0,Not Churned
CUST01369,2021-11-25,Basic,36,57,Germany,26-35,Paid Ads,5,14,0,2026-07-10,Annual,1,Pricing
CUST01370,2024-10-10,Basic,35,22,Germany,26-35,Organic,3,12,0,2026-08-02,Monthly,0,Not Churned
CUST01371,2023-08-17,Premium,104,36,UK,26-35,Organic,0,15,0,2026-08-17,Monthly,1,Competitor
CUST01372,2026-02-02,Basic,31,6,USA,36-45,Paid Ads,2,12,0,2026-08-13,Monthly,0,Not Churned
CUST01373,2026-01-03,Premium,94,7,Canada,36-45,Social Media,2,12,1,2026-08-02,Annual,0,Not Churned
CUST01374,2025-10-05,Standard,68,10,India,46-55,Referral,4,16,0,2026-07-16,Monthly,0,Not Churned
CUST01375,2023-04-19,Basic,24,40,USA,36-45,Paid Ads,7,11,0,2026-08-04,Annual,0,Not Churned
CUST01376,2026-04-03,Premium,97,4,Australia,26-35,Organic,3,10,0,2026-06-30,Annual,0,Not Churned
CUST01377,2025-11-04,Standard,60,9,Germany,26-35,Organic,3,13,0,2026-07-12,Annual,0,Not Churned
CUST01378,2023-06-18,Standard,62,38,Germany,36-45,Paid Ads,4,16,0,2026-06-17,Monthly,0,Not Churned
CUST01379,2022-07-23,Basic,28,49,India,18-25,Social Media,4,11,1,2026-07-12,Monthly,0,Not Churned
CUST01380,2025-01-08,Standard,55,19,India,26-35,Partner,4,18,1,2026-07-04,Annual,0,Not Churned
CUST01381,2022-10-21,Basic,35,46,India,26-35,Referral,3,19,0,2026-07-05,Monthly,0,Not Churned
CUST01382,2023-11-15,Basic,30,33,USA,36-45,Paid Ads,1,12,0,2026-07-20,Monthly,0,Not Churned
CUST01383,2023-06-18,Premium,104,38,India,46-55,Referral,5,14,0,2026-08-04,Monthly,0,Not Churned
CUST01384,2024-10-10,Basic,25,22,USA,46-55,Paid Ads,0,14,0,2026-07-20,Monthly,1,Pricing
CUST01385,2023-05-19,Standard,62,39,UK,26-35,Referral,3,12,0,2026-06-11,Annual,0,Not Churned
CUST01386,2026-07-02,Basic,32,1,Canada,26-35,Organic,4,19,0,2026-07-10,Monthly,0,Not Churned
CUST01387,2022-07-23,Standard,56,49,Canada,46-55,Organic,4,19,0,2026-08-03,Annual,0,Not Churned
CUST01388,2022-03-25,Basic,36,53,Canada,36-45,Organic,2,9,0,2026-07-15,Annual,0,Not Churned
CUST01389,2024-11-09,Premium,101,21,India,26-35,Paid Ads,5,11,1,2026-07-07,Monthly,0,Not Churned
CUST01390,2022-07-23,Standard,64,49,India,36-45,Referral,1,10,0,2026-06-30,Annual,0,Not Churned
CUST01391,2026-01-03,Basic,27,7,Canada,36-45,Social Media,2,12,0,2026-06-02,Annual,0,Not Churned
CUST01392,2022-10-21,Basic,26,46,USA,56+,Social Media,2,9,0,2026-06-26,Annual,0,Not Churned
CUST01393,2026-01-03,Basic,24,7,USA,36-45,Partner,5,13,1,2026-07-19,Annual,0,Not Churned
CUST01394,2024-10-10,Standard,58,22,India,26-35,Organic,5,14,0,2026-08-17,Monthly,1,Competitor
CUST01395,2025-07-07,Basic,36,13,India,36-45,Paid Ads,4,7,0,2026-06-28,Monthly,0,Not Churned
CUST01396,2024-09-10,Premium,107,23,UK,46-55,Paid Ads,2,16,0,2026-07-24,Monthly,1,Competitor
CUST01397,2021-08-27,Standard,64,60,Australia,36-45,Social Media,2,16,1,2026-07-14,Monthly,0,Not Churned
CUST01398,2024-10-10,Basic,27,22,Australia,36-45,Organic,3,11,1,2026-06-16,Monthly,0,Not Churned
CUST01399,2024-06-12,Standard,54,26,USA,56+,Organic,2,11,1,2026-06-14,Monthly,0,Not Churned
CUST01400,2025-02-07,Standard,63,18,USA,36-45,Paid Ads,1,14,0,2026-08-03,Monthly,0,Not Churned
CUST01401,2022-03-25,Basic,31,53,Australia,26-35,Partner,1,9,0,2026-08-06,Monthly,0,Not Churned
CUST01402,2026-01-03,Basic,31,7,USA,36-45,Social Media,2,14,1,2026-08-09,Monthly,0,Not Churned
CUST01403,2026-06-02,Basic,36,2,USA,36-45,Paid Ads,2,9,0,2026-07-22,Monthly,1,Pricing
CUST01404,2022-03-25,Standard,61,53,Australia,18-25,Social Media,1,11,0,2026-07-15,Annual,0,Not Churned
CUST01405,2025-01-08,Standard,56,19,Canada,26-35,Organic,2,13,0,2026-08-01,Monthly,0,Not Churned
CUST01406,2025-06-07,Standard,59,14,Australia,36-45,Paid Ads,4,13,0,2026-07-08,Annual,0,Not Churned
CUST01407,2024-07-12,Premium,105,25,India,26-35,Referral,5,12,0,2026-06-17,Annual,1,Competitor
CUST01408,2021-10-26,Premium,105,58,USA,36-45,Organic,4,11,0,2026-08-09,Monthly,0,Not Churned
CUST01409,2023-11-15,Standard,60,33,Australia,26-35,Organic,4,13,0,2026-08-21,Annual,0,Not Churned
CUST01410,2022-08-22,Premium,102,48,India,56+,Social Media,5,12,1,2026-07-23,Monthly,0,Not Churned
CUST01411,2023-05-19,Basic,28,39,Canada,26-35,Referral,3,14,0,2026-06-06,Monthly,0,Not Churned
CUST01412,2021-10-26,Basic,32,58,India,18-25,Partner,3,13,2,2026-07-26,Monthly,1,Payment Issues
CUST01413,2022-08-22,Basic,29,48,Canada,26-35,Organic,2,14,2,2026-06-08,Annual,0,Not Churned
CUST01414,2024-12-09,Basic,33,20,UK,36-45,Paid Ads,2,8,1,2026-08-23,Monthly,0,Not Churned
CUST01415,2022-12-20,Standard,63,44,India,26-35,Paid Ads,2,7,0,2026-06-05,Monthly,0,Not Churned
CUST01416,2026-03-04,Premium,103,5,USA,26-35,Social Media,4,13,0,2026-06-22,Annual,0,Not Churned
CUST01417,2022-07-23,Basic,27,49,UK,36-45,Organic,6,17,0,2026-08-14,Annual,0,Not Churned
CUST01418,2024-11-09,Basic,36,21,UK,26-35,Paid Ads,3,19,0,2026-08-26,Annual,0,Not Churned
CUST01419,2021-09-26,Standard,54,59,USA,36-45,Organic,3,12,2,2026-08-10,Annual,0,Not Churned
CUST01420,2021-12-25,Premium,94,56,Australia,36-45,Social Media,9,10,0,2026-06-05,Annual,0,Not Churned
CUST01421,2025-07-07,Basic,37,13,USA,36-45,Organic,3,8,1,2026-07-28,Monthly,0,Not Churned
CUST01422,2025-06-07,Standard,63,14,USA,26-35,Organic,3,12,0,2026-07-31,Monthly,0,Not Churned
CUST01423,2022-02-23,Basic,28,54,India,36-45,Paid Ads,6,16,0,2026-08-14,Annual,0,Not Churned
CUST01424,2025-04-08,Basic,36,16,Germany,26-35,Paid Ads,4,9,0,2026-08-10,Monthly,0,Not Churned
CUST01425,2022-11-20,Premium,107,45,India,46-55,Organic,1,17,0,2026-07-26,Monthly,0,Not Churned
CUST01426,2022-06-23,Premium,96,50,USA,46-55,Organic,3,11,2,2026-08-02,Monthly,0,Not Churned
CUST01427,2022-06-23,Basic,28,50,Canada,26-35,Social Media,2,17,0,2026-07-30,Monthly,0,Not Churned
CUST01428,2021-09-26,Premium,98,59,India,18-25,Organic,5,12,2,2026-07-18,Monthly,0,Not Churned
CUST01429,2023-03-20,Standard,54,41,USA,26-35,Organic,0,14,1,2026-07-24,Annual,0,Not Churned
CUST01430,2024-04-13,Premium,107,28,India,26-35,Organic,1,13,0,2026-06-06,Annual,0,Not Churned
CUST01431,2026-07-02,Standard,61,1,Canada,36-45,Partner,0,10,1,2026-06-27,Monthly,0,Not Churned
CUST01432,2021-08-27,Standard,58,60,USA,36-45,Organic,3,8,0,2026-08-23,Annual,0,Not Churned
CUST01433,2026-06-02,Standard,58,2,Australia,26-35,Social Media,2,11,0,2026-06-07,Monthly,1,Competitor
CUST01434,2025-12-04,Standard,62,8,Australia,36-45,Social Media,6,8,1,2026-07-02,Monthly,0,Not Churned
CUST01435,2025-07-07,Basic,31,13,UK,46-55,Paid Ads,1,13,1,2026-08-31,Monthly,0,Not Churned
CUST01436,2023-06-18,Basic,36,38,Canada,36-45,Organic,4,11,0,2026-07-10,Monthly,1,Pricing
CUST01437,2025-01-08,Basic,24,19,USA,26-35,Referral,1,16,0,2026-06-19,Annual,0,Not Churned
CUST01438,2022-05-24,Standard,56,51,USA,36-45,Referral,2,10,0,2026-07-17,Monthly,0,Not Churned
CUST01439,2021-09-26,Basic,35,59,UK,36-45,Social Media,2,15,0,2026-08-25,Monthly,0,Not Churned
CUST01440,2021-11-25,Standard,60,57,Australia,46-55,Social Media,5,13,0,2026-06-19,Monthly,0,Not Churned
CUST01441,2026-06-02,Premium,94,2,USA,26-35,Organic,3,17,0,2026-07-19,Annual,0,Not Churned
CUST01442,2024-01-14,Basic,24,31,India,26-35,Referral,3,12,1,2026-07-18,Annual,0,Not Churned
CUST01443,2025-10-05,Standard,58,10,USA,36-45,Organic,1,17,0,2026-06-13,Monthly,0,Not Churned
CUST01444,2026-03-04,Standard,62,5,USA,36-45,Paid Ads,3,18,0,2026-06-05,Annual,0,Not Churned
CUST01445,2024-09-10,Premium,99,23,India,36-45,Referral,8,11,0,2026-08-28,Monthly,0,Not Churned
CUST01446,2022-02-23,Basic,33,54,USA,18-25,Organic,8,15,1,2026-07-19,Annual,0,Not Churned
CUST01447,2024-02-13,Standard,55,30,USA,36-45,Organic,2,19,0,2026-08-13,Monthly,0,Not Churned
CUST01448,2023-12-15,Premium,104,32,USA,18-25,Organic,1,11,1,2026-06-28,Monthly,0,Not Churned
CUST01449,2026-07-02,Premium,102,1,USA,26-35,Paid Ads,1,19,0,2026-08-07,Annual,0,Not Churned
CUST01450,2022-11-20,Standard,59,45,UK,36-45,Social Media,4,12,0,2026-08-13,Annual,0,Not Churned
CUST01451,2022-12-20,Standard,58,44,Australia,26-35,Paid Ads,3,14,2,2026-06-29,Monthly,0,Not Churned
CUST01452,2023-02-18,Standard,58,42,Germany,26-35,Referral,4,13,0,2026-07-16,Monthly,0,Not Churned
CUST01453,2026-05-03,Premium,108,3,USA,36-45,Organic,2,21,0,2026-06-02,Monthly,0,Not Churned
CUST01454,2022-09-21,Standard,65,47,India,36-45,Organic,4,12,0,2026-08-06,Annual,0,Not Churned
CUST01455,2024-02-13,Basic,26,30,Germany,18-25,Organic,5,7,2,2026-07-19,Monthly,0,Not Churned
CUST01456,2023-07-18,Premium,107,37,UK,36-45,Paid Ads,4,9,0,2026-06-10,Annual,0,Not Churned
CUST01457,2024-04-13,Standard,59,28,India,18-25,Paid Ads,2,15,1,2026-06-13,Annual,0,Not Churned
CUST01458,2022-05-24,Standard,68,51,India,26-35,Social Media,1,15,0,2026-08-04,Monthly,0,Not Churned
CUST01459,2022-05-24,Basic,38,51,India,26-35,Paid Ads,4,11,1,2026-07-09,Annual,0,Not Churned
CUST01460,2024-11-09,Standard,66,21,India,18-25,Paid Ads,2,8,1,2026-07-10,Monthly,0,Not Churned
CUST01461,2025-07-07,Basic,27,13,India,56+,Organic,1,13,0,2026-07-16,Annual,1,Pricing
CUST01462,2023-04-19,Standard,66,40,Australia,26-35,Organic,4,16,0,2026-06-20,Annual,0,Not Churned
CUST01463,2024-06-12,Basic,35,26,USA,36-45,Organic,5,12,0,2026-07-23,Monthly,0,Not Churned
CUST01464,2023-04-19,Standard,63,40,UK,46-55,Referral,3,16,0,2026-07-13,Monthly,0,Not Churned
CUST01465,2024-02-13,Premium,107,30,Australia,56+,Paid Ads,3,14,0,2026-08-15,Annual,0,Not Churned
CUST01466,2024-08-11,Basic,38,24,Canada,26-35,Organic,3,7,0,2026-06-28,Monthly,0,Not Churned
CUST01467,2023-06-18,Premium,95,38,Australia,46-55,Referral,7,15,0,2026-06-13,Monthly,1,Poor Support Experience
CUST01468,2023-03-20,Standard,66,41,Germany,56+,Paid Ads,1,11,1,2026-06-02,Monthly,0,Not Churned
CUST01469,2022-10-21,Premium,96,46,USA,26-35,Organic,2,12,0,2026-08-31,Monthly,0,Not Churned
CUST01470,2026-03-04,Standard,62,5,Germany,26-35,Referral,1,13,1,2026-07-09,Monthly,0,Not Churned
CUST01471,2025-04-08,Standard,64,16,Canada,18-25,Social Media,3,8,0,2026-06-22,Monthly,0,Not Churned
CUST01472,2022-10-21,Standard,64,46,India,36-45,Organic,5,9,1,2026-08-07,Monthly,0,Not Churned
CUST01473,2023-02-18,Premium,102,42,UK,36-45,Referral,2,10,3,2026-06-25,Annual,1,Payment Issues
CUST01474,2022-01-24,Standard,59,55,UK,26-35,Organic,3,16,1,2026-08-04,Monthly,0,Not Churned
CUST01475,2022-07-23,Basic,33,49,Australia,36-45,Social Media,3,13,0,2026-07-24,Monthly,0,Not Churned
CUST01476,2025-04-08,Standard,63,16,USA,18-25,Partner,4,11,3,2026-08-09,Monthly,1,Payment Issues
CUST01477,2022-04-24,Premium,107,52,USA,46-55,Paid Ads,1,11,2,2026-08-01,Monthly,0,Not Churned
CUST01478,2022-07-23,Standard,62,49,India,18-25,Organic,3,10,1,2026-07-04,Monthly,0,Not Churned
CUST01479,2022-08-22,Standard,57,48,India,36-45,Paid Ads,2,13,1,2026-06-21,Monthly,1,Competitor
CUST01480,2025-10-05,Standard,64,10,India,18-25,Organic,5,11,0,2026-06-08,Monthly,0,Not Churned
CUST01481,2025-02-07,Premium,98,18,USA,26-35,Organic,3,12,1,2026-06-27,Monthly,0,Not Churned
CUST01482,2023-06-18,Basic,33,38,Canada,36-45,Referral,2,11,2,2026-06-05,Annual,0,Not Churned
CUST01483,2025-03-09,Standard,59,17,India,26-35,Organic,3,15,0,2026-08-30,Annual,1,Competitor
CUST01484,2023-03-20,Basic,36,41,USA,36-45,Organic,3,17,0,2026-08-04,Monthly,1,Pricing
CUST01485,2022-02-23,Basic,38,54,India,46-55,Referral,1,13,0,2026-08-14,Annual,1,Pricing
CUST01486,2023-04-19,Basic,32,40,India,18-25,Referral,2,12,1,2026-07-09,Monthly,0,Not Churned
CUST01487,2024-01-14,Basic,36,31,USA,46-55,Organic,5,11,1,2026-08-06,Annual,0,Not Churned
CUST01488,2024-06-12,Standard,58,26,India,18-25,Referral,4,15,0,2026-08-23,Monthly,0,Not Churned
CUST01489,2024-06-12,Basic,31,26,USA,18-25,Partner,2,15,0,2026-07-24,Monthly,0,Not Churned
CUST01490,2023-04-19,Standard,64,40,India,18-25,Organic,3,13,1,2026-06-18,Annual,0,Not Churned
CUST01491,2025-08-06,Basic,24,12,India,56+,Paid Ads,4,9,0,2026-07-10,Monthly,0,Not Churned
CUST01492,2025-02-07,Basic,28,18,USA,26-35,Referral,1,14,0,2026-08-26,Monthly,0,Not Churned
CUST01493,2023-10-16,Basic,33,34,USA,46-55,Referral,3,8,0,2026-07-26,Monthly,1,Pricing
CUST01494,2023-09-16,Basic,24,35,India,56+,Organic,2,18,0,2026-06-21,Annual,0,Not Churned
CUST01495,2021-09-26,Standard,63,59,USA,26-35,Organic,2,14,0,2026-07-16,Annual,0,Not Churned
CUST01496,2021-12-25,Standard,67,56,Australia,36-45,Social Media,10,16,2,2026-06-09,Monthly,1,Payment Issues
CUST01497,2025-09-05,Standard,59,11,Canada,36-45,Partner,2,9,1,2026-07-16,Monthly,0,Not Churned
CUST01498,2021-12-25,Standard,60,56,India,26-35,Social Media,5,13,0,2026-06-17,Annual,0,Not Churned
CUST01499,2022-03-25,Basic,35,53,USA,26-35,Partner,1,15,0,2026-07-09,Monthly,0,Not Churned
CUST01500,2024-02-13,Premium,107,30,UK,26-35,Referral,1,10,0,2026-07-15,Monthly,0,Not Churned
CUST01501,2022-11-20,Standard,58,45,India,36-45,Partner,2,12,0,2026-07-17,Monthly,1,Competitor
CUST01502,2022-06-23,Standard,54,50,Australia,36-45,Referral,4,6,1,2026-07-28,Monthly,0,Not Churned
CUST01503,2025-09-05,Basic,29,11,Australia,26-35,Partner,3,7,0,2026-07-07,Monthly,0,Not Churned
CUST01504,2022-10-21,Basic,33,46,Australia,26-35,Organic,7,13,0,2026-08-24,Monthly,1,Poor Support Experience
CUST01505,2022-04-24,Basic,28,52,Australia,46-55,Social Media,3,10,0,2026-08-22,Monthly,0,Not Churned
CUST01506,2026-04-03,Basic,29,4,Canada,18-25,Organic,2,10,1,2026-06-28,Annual,0,Not Churned
CUST01507,2022-01-24,Standard,64,55,UK,36-45,Organic,3,13,2,2026-06-21,Monthly,1,Payment Issues
CUST01508,2023-08-17,Standard,63,36,UK,18-25,Paid Ads,2,13,0,2026-07-16,Annual,0,Not Churned
CUST01509,2025-10-05,Standard,68,10,Canada,46-55,Paid Ads,2,9,0,2026-06-15,Monthly,0,Not Churned
CUST01510,2022-02-23,Standard,60,54,UK,46-55,Organic,2,10,0,2026-07-19,Annual,0,Not Churned
CUST01511,2021-09-26,Premium,100,59,India,26-35,Partner,5,12,0,2026-07-31,Monthly,0,Not Churned
CUST01512,2023-10-16,Standard,55,34,USA,18-25,Referral,6,7,0,2026-06-14,Monthly,0,Not Churned
CUST01513,2024-01-14,Premium,108,31,Australia,26-35,Partner,5,12,0,2026-08-16,Annual,0,Not Churned
CUST01514,2023-12-15,Basic,35,32,India,26-35,Partner,4,14,0,2026-07-30,Monthly,1,Pricing
CUST01515,2022-06-23,Basic,26,50,UK,26-35,Paid Ads,3,13,0,2026-08-06,Monthly,0,Not Churned
CUST01516,2024-04-13,Basic,35,28,Germany,36-45,Organic,1,15,0,2026-07-13,Monthly,0,Not Churned
CUST01517,2023-01-19,Standard,59,43,UK,26-35,Organic,6,11,0,2026-06-07,Monthly,0,Not Churned
CUST01518,2023-07-18,Premium,96,37,Germany,26-35,Paid Ads,5,9,0,2026-08-10,Monthly,1,Competitor
CUST01519,2023-12-15,Basic,25,32,UK,36-45,Referral,2,7,0,2026-07-29,Monthly,1,Pricing
CUST01520,2023-12-15,Premium,97,32,India,36-45,Paid Ads,3,14,1,2026-07-18,Monthly,0,Not Churned
CUST01521,2025-03-09,Basic,28,17,Australia,26-35,Paid Ads,1,14,0,2026-08-12,Annual,0,Not Churned
CUST01522,2023-10-16,Premium,104,34,India,36-45,Organic,2,10,0,2026-08-25,Annual,0,Not Churned
CUST01523,2023-09-16,Basic,33,35,USA,36-45,Paid Ads,3,14,3,2026-06-13,Monthly,1,Payment Issues
CUST01524,2021-11-25,Basic,32,57,India,36-45,Organic,2,9,0,2026-06-30,Monthly,0,Not Churned
CUST01525,2021-11-25,Standard,56,57,India,26-35,Social Media,1,9,1,2026-08-15,Annual,0,Not Churned
CUST01526,2023-05-19,Basic,26,39,USA,18-25,Organic,1,11,1,2026-07-08,Annual,1,Pricing
CUST01527,2024-11-09,Basic,29,21,USA,46-55,Paid Ads,4,10,0,2026-06-02,Annual,0,Not Churned
CUST01528,2023-12-15,Basic,28,32,UK,46-55,Organic,3,11,0,2026-06-14,Monthly,0,Not Churned
CUST01529,2023-10-16,Premium,99,34,Canada,36-45,Social Media,4,12,1,2026-08-18,Annual,0,Not Churned
CUST01530,2023-10-16,Standard,60,34,India,18-25,Paid Ads,4,17,0,2026-08-16,Annual,1,Competitor
CUST01531,2025-12-04,Basic,34,8,India,36-45,Organic,2,13,1,2026-06-09,Monthly,0,Not Churned
CUST01532,2025-04-08,Standard,56,16,UK,46-55,Paid Ads,3,14,0,2026-06-16,Monthly,0,Not Churned
CUST01533,2023-09-16,Standard,68,35,UK,26-35,Partner,0,18,2,2026-06-04,Monthly,1,Payment Issues
CUST01534,2024-09-10,Basic,36,23,Australia,26-35,Partner,0,9,0,2026-07-28,Monthly,0,Not Churned
CUST01535,2024-10-10,Standard,58,22,India,36-45,Organic,1,13,2,2026-08-17,Annual,0,Not Churned
CUST01536,2024-01-14,Basic,31,31,Australia,46-55,Referral,3,11,0,2026-07-06,Monthly,0,Not Churned
CUST01537,2024-03-14,Basic,27,29,USA,18-25,Organic,3,8,1,2026-06-23,Annual,0,Not Churned
CUST01538,2023-06-18,Standard,63,38,UK,36-45,Organic,5,19,2,2026-08-12,Annual,0,Not Churned
CUST01539,2025-01-08,Basic,25,19,India,36-45,Paid Ads,3,12,0,2026-06-02,Monthly,1,Pricing
CUST01540,2022-02-23,Standard,57,54,USA,36-45,Organic,3,10,1,2026-07-07,Annual,0,Not Churned
CUST01541,2022-11-20,Standard,55,45,India,36-45,Social Media,3,9,0,2026-07-13,Monthly,0,Not Churned
CUST01542,2023-08-17,Basic,26,36,India,36-45,Partner,3,9,0,2026-06-05,Monthly,0,Not Churned
CUST01543,2022-07-23,Standard,57,49,USA,18-25,Organic,2,5,1,2026-07-30,Annual,0,Not Churned
CUST01544,2021-08-27,Basic,27,60,Canada,26-35,Organic,3,15,0,2026-06-14,Monthly,0,Not Churned
CUST01545,2021-12-25,Premium,103,56,Canada,36-45,Paid Ads,0,9,0,2026-08-04,Monthly,0,Not Churned
CUST01546,2025-11-04,Standard,62,9,USA,18-25,Referral,2,11,0,2026-08-20,Annual,0,Not Churned
CUST01547,2023-09-16,Premium,103,35,USA,36-45,Partner,3,11,0,2026-07-12,Annual,0,Not Churned
CUST01548,2021-09-26,Standard,59,59,USA,36-45,Social Media,3,10,0,2026-08-20,Monthly,0,Not Churned
CUST01549,2026-07-02,Basic,32,1,Germany,26-35,Referral,2,13,1,2026-08-29,Annual,0,Not Churned
CUST01550,2023-11-15,Standard,57,33,USA,36-45,Organic,2,12,0,2026-06-21,Monthly,1,Competitor
CUST01551,2025-03-09,Premium,102,17,India,36-45,Social Media,7,16,2,2026-06-22,Annual,0,Not Churned
CUST01552,2021-11-25,Standard,64,57,India,26-35,Organic,4,12,1,2026-06-16,Annual,0,Not Churned
CUST01553,2024-06-12,Premium,106,26,UK,26-35,Partner,3,11,1,2026-06-13,Monthly,0,Not Churned
CUST01554,2025-07-07,Premium,102,13,USA,46-55,Organic,4,11,1,2026-08-29,Monthly,0,Not Churned
CUST01555,2026-03-04,Basic,29,5,India,26-35,Referral,5,13,0,2026-07-03,Monthly,1,Pricing
CUST01556,2025-01-08,Basic,28,19,Australia,36-45,Organic,2,8,1,2026-06-27,Monthly,1,Pricing
CUST01557,2021-10-26,Standard,56,58,UK,18-25,Paid Ads,5,13,2,2026-07-09,Monthly,0,Not Churned
CUST01558,2021-11-25,Standard,67,57,UK,18-25,Referral,1,7,0,2026-07-31,Monthly,0,Not Churned
CUST01559,2023-02-18,Premium,108,42,India,18-25,Referral,1,11,1,2026-06-21,Annual,0,Not Churned
CUST01560,2025-11-04,Premium,98,9,USA,36-45,Social Media,3,20,0,2026-06-02,Monthly,0,Not Churned
CUST01561,2026-02-02,Basic,38,6,Germany,26-35,Referral,7,10,0,2026-06-06,Annual,1,Poor Support Experience
CUST01562,2024-11-09,Basic,26,21,Australia,26-35,Organic,4,12,0,2026-06-22,Monthly,0,Not Churned
CUST01563,2022-07-23,Standard,58,49,India,36-45,Social Media,2,11,0,2026-08-03,Monthly,1,Competitor
CUST01564,2024-10-10,Basic,28,22,India,26-35,Social Media,4,14,1,2026-06-26,Annual,1,Pricing
CUST01565,2022-03-25,Premium,95,53,USA,26-35,Organic,2,15,0,2026-08-15,Annual,0,Not Churned
CUST01566,2021-11-25,Standard,67,57,USA,26-35,Social Media,3,14,0,2026-08-17,Monthly,0,Not Churned
CUST01567,2023-05-19,Standard,67,39,UK,26-35,Partner,2,15,0,2026-06-09,Monthly,0,Not Churned
CUST01568,2022-08-22,Basic,32,48,Germany,36-45,Referral,3,13,0,2026-07-27,Monthly,0,Not Churned
CUST01569,2022-05-24,Standard,68,51,USA,26-35,Organic,3,20,0,2026-07-06,Monthly,0,Not Churned
CUST01570,2026-03-04,Standard,60,5,India,26-35,Referral,1,17,0,2026-08-10,Annual,0,Not Churned
CUST01571,2024-10-10,Standard,67,22,Australia,46-55,Paid Ads,5,21,2,2026-07-23,Annual,0,Not Churned
CUST01572,2021-09-26,Basic,29,59,India,46-55,Referral,1,12,2,2026-06-26,Monthly,0,Not Churned
CUST01573,2022-06-23,Standard,58,50,Germany,46-55,Paid Ads,3,13,1,2026-06-23,Monthly,0,Not Churned
CUST01574,2026-01-03,Premium,108,7,UK,46-55,Partner,0,11,1,2026-06-27,Monthly,1,Competitor
CUST01575,2021-11-25,Basic,27,57,Germany,36-45,Referral,3,5,1,2026-06-19,Annual,0,Not Churned
CUST01576,2024-06-12,Basic,31,26,India,36-45,Organic,4,7,0,2026-06-10,Monthly,1,Pricing
CUST01577,2024-07-12,Basic,25,25,India,36-45,Referral,3,10,0,2026-06-16,Annual,0,Not Churned
CUST01578,2026-03-04,Standard,61,5,USA,36-45,Paid Ads,5,10,1,2026-07-25,Annual,0,Not Churned
CUST01579,2023-12-15,Standard,54,32,USA,36-45,Organic,4,10,0,2026-08-01,Monthly,0,Not Churned
CUST01580,2025-12-04,Standard,63,8,India,18-25,Paid Ads,3,12,0,2026-06-02,Annual,1,Competitor
CUST01581,2025-11-04,Basic,24,9,Germany,46-55,Organic,3,8,0,2026-06-07,Monthly,0,Not Churned
CUST01582,2022-02-23,Basic,26,54,Australia,36-45,Partner,5,14,0,2026-06-22,Monthly,0,Not Churned
CUST01583,2024-04-13,Standard,58,28,UK,46-55,Paid Ads,5,9,1,2026-08-18,Monthly,0,Not Churned
CUST01584,2024-12-09,Standard,67,20,India,26-35,Social Media,0,21,0,2026-08-24,Annual,0,Not Churned
CUST01585,2026-04-03,Premium,99,4,Canada,26-35,Organic,0,13,0,2026-07-24,Monthly,0,Not Churned
CUST01586,2026-05-03,Basic,27,3,Canada,26-35,Referral,1,13,0,2026-07-31,Annual,0,Not Churned
CUST01587,2022-12-20,Standard,60,44,USA,36-45,Referral,1,6,0,2026-06-21,Monthly,1,Competitor
CUST01588,2023-03-20,Standard,60,41,Germany,18-25,Paid Ads,6,7,0,2026-07-26,Monthly,0,Not Churned
CUST01589,2023-02-18,Standard,55,42,India,26-35,Partner,6,15,0,2026-08-22,Annual,0,Not Churned
CUST01590,2025-09-05,Standard,55,11,India,26-35,Paid Ads,5,10,1,2026-06-07,Annual,0,Not Churned
CUST01591,2022-08-22,Standard,55,48,India,26-35,Referral,5,14,0,2026-06-10,Monthly,0,Not Churned
CUST01592,2024-03-14,Premium,108,29,Canada,36-45,Organic,4,9,1,2026-08-16,Monthly,0,Not Churned
CUST01593,2023-01-19,Basic,37,43,UK,46-55,Paid Ads,2,11,0,2026-06-11,Monthly,0,Not Churned
CUST01594,2024-10-10,Basic,38,22,India,18-25,Social Media,1,8,1,2026-06-16,Monthly,0,Not Churned
CUST01595,2025-12-04,Standard,55,8,India,36-45,Social Media,0,16,0,2026-06-22,Annual,1,Competitor
CUST01596,2022-10-21,Standard,66,46,India,18-25,Paid Ads,2,12,0,2026-08-22,Monthly,0,Not Churned
CUST01597,2023-10-16,Basic,32,34,India,18-25,Partner,2,11,2,2026-06-23,Annual,0,Not Churned
CUST01598,2024-01-14,Basic,37,31,USA,36-45,Paid Ads,3,15,1,2026-08-30,Monthly,0,Not Churned
CUST01599,2026-04-03,Basic,28,4,India,36-45,Referral,3,20,0,2026-08-16,Monthly,0,Not Churned
CUST01600,2025-05-08,Premium,104,15,India,46-55,Paid Ads,2,12,1,2026-07-27,Monthly,0,Not Churned
CUST01601,2025-02-07,Basic,31,18,Australia,26-35,Referral,1,10,0,2026-08-24,Monthly,0,Not Churned
CUST01602,2025-09-05,Basic,28,11,USA,46-55,Paid Ads,4,10,0,2026-07-19,Monthly,0,Not Churned
CUST01603,2024-05-13,Basic,36,27,Canada,26-35,Paid Ads,1,13,0,2026-06-27,Annual,0,Not Churned
CUST01604,2025-01-08,Basic,34,19,India,26-35,Partner,1,15,1,2026-06-15,Monthly,0,Not Churned
CUST01605,2022-06-23,Basic,28,50,USA,18-25,Organic,4,10,0,2026-07-08,Annual,0,Not Churned
CUST01606,2025-11-04,Standard,54,9,USA,36-45,Organic,3,10,0,2026-06-11,Monthly,0,Not Churned
CUST01607,2024-07-12,Basic,29,25,India,26-35,Organic,2,10,1,2026-08-25,Monthly,0,Not Churned
CUST01608,2024-10-10,Premium,97,22,India,26-35,Paid Ads,2,8,0,2026-08-19,Monthly,1,Competitor
CUST01609,2021-08-27,Basic,38,60,Australia,36-45,Paid Ads,3,10,0,2026-08-23,Annual,0,Not Churned
CUST01610,2024-09-10,Standard,56,23,Germany,18-25,Organic,2,9,0,2026-06-14,Monthly,0,Not Churned
CUST01611,2023-07-18,Premium,99,37,India,18-25,Paid Ads,6,16,1,2026-06-20,Monthly,0,Not Churned
CUST01612,2025-10-05,Standard,55,10,India,18-25,Referral,4,13,0,2026-06-25,Monthly,1,Competitor
CUST01613,2025-03-09,Standard,61,17,Germany,18-25,Social Media,3,10,0,2026-08-27,Monthly,0,Not Churned
CUST01614,2022-04-24,Basic,24,52,India,36-45,Partner,4,15,0,2026-06-19,Monthly,0,Not Churned
CUST01615,2025-07-07,Basic,35,13,UK,36-45,Referral,2,12,1,2026-07-08,Monthly,0,Not Churned
CUST01616,2026-04-03,Standard,62,4,Germany,26-35,Organic,3,10,1,2026-08-12,Annual,0,Not Churned
CUST01617,2023-12-15,Premium,101,32,Germany,26-35,Organic,6,9,1,2026-06-29,Monthly,0,Not Churned
CUST01618,2024-04-13,Standard,54,28,USA,46-55,Social Media,2,8,0,2026-08-14,Monthly,1,Competitor
CUST01619,2024-02-13,Standard,63,30,India,36-45,Referral,3,7,0,2026-07-13,Monthly,1,Competitor
CUST01620,2022-10-21,Standard,65,46,India,36-45,Organic,1,6,1,2026-07-09,Monthly,0,Not Churned
CUST01621,2023-04-19,Standard,68,40,Australia,26-35,Organic,4,13,0,2026-06-04,Monthly,0,Not Churned
CUST01622,2024-11-09,Basic,32,21,Australia,26-35,Social Media,2,12,1,2026-07-20,Annual,0,Not Churned
CUST01623,2025-05-08,Standard,55,15,UK,56+,Referral,5,11,0,2026-07-11,Monthly,1,Competitor
CUST01624,2026-05-03,Premium,96,3,Canada,36-45,Referral,4,19,0,2026-07-19,Annual,0,Not Churned
CUST01625,2025-03-09,Basic,25,17,Canada,18-25,Organic,3,8,0,2026-08-14,Monthly,0,Not Churned
CUST01626,2025-05-08,Standard,66,15,UK,26-35,Referral,0,7,1,2026-08-26,Monthly,1,Competitor
CUST01627,2023-11-15,Basic,37,33,Australia,26-35,Social Media,1,16,0,2026-06-29,Annual,0,Not Churned
CUST01628,2026-03-04,Standard,61,5,UK,26-35,Social Media,3,15,0,2026-06-11,Annual,1,Competitor
CUST01629,2025-12-04,Basic,25,8,USA,46-55,Referral,5,7,0,2026-07-28,Monthly,0,Not Churned
CUST01630,2025-11-04,Standard,63,9,India,46-55,Referral,1,12,0,2026-07-15,Monthly,0,Not Churned
CUST01631,2021-10-26,Standard,55,58,Canada,26-35,Referral,3,16,0,2026-08-23,Monthly,0,Not Churned
CUST01632,2024-06-12,Basic,38,26,USA,26-35,Paid Ads,3,12,1,2026-06-30,Monthly,0,Not Churned
CUST01633,2026-06-02,Standard,54,2,India,36-45,Organic,4,16,2,2026-06-02,Annual,0,Not Churned
CUST01634,2023-07-18,Standard,60,37,Canada,26-35,Social Media,2,14,0,2026-06-30,Monthly,0,Not Churned
CUST01635,2023-08-17,Premium,105,36,UK,36-45,Paid Ads,7,8,0,2026-06-23,Monthly,1,Poor Support Experience
CUST01636,2025-08-06,Basic,25,12,Germany,36-45,Referral,1,17,0,2026-08-22,Monthly,0,Not Churned
CUST01637,2025-01-08,Basic,33,19,India,36-45,Partner,3,12,0,2026-07-25,Monthly,0,Not Churned
CUST01638,2024-05-13,Basic,28,27,UK,36-45,Partner,4,6,0,2026-08-15,Monthly,0,Not Churned
CUST01639,2024-08-11,Premium,98,24,India,36-45,Referral,3,11,0,2026-06-24,Monthly,1,Competitor
CUST01640,2026-06-02,Premium,96,2,Australia,56+,Organic,4,9,0,2026-08-02,Monthly,0,Not Churned
CUST01641,2025-04-08,Standard,56,16,India,26-35,Paid Ads,3,16,1,2026-06-29,Monthly,0,Not Churned
CUST01642,2026-06-02,Premium,106,2,UK,46-55,Partner,3,6,1,2026-08-11,Monthly,0,Not Churned
CUST01643,2024-11-09,Standard,65,21,Canada,18-25,Organic,1,12,0,2026-06-04,Annual,0,Not Churned
CUST01644,2025-10-05,Standard,56,10,USA,26-35,Partner,5,10,1,2026-06-03,Annual,0,Not Churned
CUST01645,2021-10-26,Basic,29,58,Germany,18-25,Organic,3,12,1,2026-08-20,Monthly,0,Not Churned
CUST01646,2023-02-18,Standard,67,42,Australia,36-45,Referral,4,13,0,2026-08-17,Annual,0,Not Churned
CUST01647,2025-03-09,Basic,27,17,India,18-25,Paid Ads,2,13,0,2026-06-27,Annual,0,Not Churned
CUST01648,2025-08-06,Premium,106,12,India,46-55,Organic,4,11,0,2026-07-07,Monthly,0,Not Churned
CUST01649,2026-01-03,Standard,56,7,India,36-45,Partner,0,11,0,2026-07-22,Annual,0,Not Churned
CUST01650,2025-11-04,Standard,55,9,India,18-25,Referral,3,7,0,2026-08-12,Monthly,0,Not Churned
CUST01651,2022-10-21,Basic,36,46,Australia,36-45,Organic,2,11,1,2026-08-04,Monthly,1,Pricing
CUST01652,2022-06-23,Basic,26,50,Germany,46-55,Paid Ads,4,15,1,2026-06-13,Monthly,0,Not Churned
CUST01653,2025-10-05,Basic,27,10,India,36-45,Referral,6,16,2,2026-07-02,Monthly,1,Payment Issues
CUST01654,2025-04-08,Basic,29,16,USA,18-25,Organic,5,10,0,2026-06-27,Monthly,0,Not Churned
CUST01655,2026-07-02,Basic,27,1,USA,46-55,Social Media,1,9,0,2026-08-07,Annual,0,Not Churned
CUST01656,2025-11-04,Premium,101,9,India,36-45,Organic,2,13,0,2026-08-12,Monthly,0,Not Churned
CUST01657,2025-07-07,Standard,56,13,USA,26-35,Organic,2,10,0,2026-08-30,Annual,0,Not Churned
CUST01658,2022-08-22,Basic,35,48,India,26-35,Organic,1,10,0,2026-07-11,Annual,0,Not Churned
CUST01659,2025-04-08,Basic,26,16,USA,26-35,Organic,3,20,0,2026-07-23,Annual,0,Not Churned
CUST01660,2023-10-16,Standard,56,34,UK,46-55,Paid Ads,8,13,1,2026-08-20,Monthly,0,Not Churned
CUST01661,2023-03-20,Standard,61,41,UK,26-35,Partner,3,7,0,2026-06-21,Annual,0,Not Churned
CUST01662,2024-02-13,Standard,57,30,India,18-25,Organic,2,16,0,2026-06-05,Monthly,0,Not Churned
CUST01663,2025-07-07,Premium,94,13,Canada,46-55,Organic,2,12,0,2026-06-23,Monthly,1,Competitor
CUST01664,2025-12-04,Standard,55,8,UK,18-25,Organic,4,14,0,2026-07-18,Monthly,0,Not Churned
CUST01665,2022-01-24,Premium,106,55,Australia,46-55,Referral,2,12,0,2026-06-10,Annual,0,Not Churned
CUST01666,2025-09-05,Premium,107,11,USA,26-35,Referral,2,13,1,2026-08-19,Monthly,0,Not Churned
CUST01667,2022-07-23,Basic,33,49,Australia,36-45,Social Media,3,14,1,2026-07-26,Annual,0,Not Churned
CUST01668,2022-04-24,Premium,106,52,Australia,18-25,Organic,6,10,0,2026-07-05,Annual,0,Not Churned
CUST01669,2024-01-14,Basic,36,31,USA,46-55,Referral,4,15,1,2026-06-16,Monthly,1,Pricing
CUST01670,2023-01-19,Premium,107,43,USA,36-45,Referral,4,12,0,2026-08-15,Monthly,0,Not Churned
CUST01671,2025-09-05,Basic,25,11,Germany,46-55,Paid Ads,1,12,1,2026-08-05,Monthly,1,Pricing
CUST01672,2022-08-22,Premium,107,48,UK,36-45,Paid Ads,6,13,0,2026-08-14,Monthly,0,Not Churned
CUST01673,2026-01-03,Premium,96,7,Germany,26-35,Social Media,2,6,1,2026-08-11,Monthly,0,Not Churned
CUST01674,2022-02-23,Premium,99,54,Canada,26-35,Paid Ads,3,12,1,2026-08-18,Monthly,0,Not Churned
CUST01675,2026-07-02,Standard,61,1,UK,26-35,Organic,4,8,0,2026-08-24,Monthly,1,Competitor
CUST01676,2024-09-10,Basic,35,23,India,36-45,Paid Ads,4,6,0,2026-07-04,Annual,0,Not Churned
CUST01677,2023-12-15,Basic,24,32,India,46-55,Paid Ads,3,12,3,2026-07-03,Monthly,1,Payment Issues
CUST01678,2025-05-08,Standard,62,15,Germany,26-35,Organic,1,9,0,2026-06-29,Annual,0,Not Churned
CUST01679,2025-02-07,Basic,24,18,India,36-45,Referral,5,7,1,2026-06-02,Monthly,0,Not Churned
CUST01680,2024-04-13,Standard,63,28,India,56+,Social Media,1,15,0,2026-06-20,Annual,0,Not Churned
CUST01681,2025-06-07,Basic,25,14,UK,26-35,Referral,5,11,0,2026-06-11,Monthly,0,Not Churned
CUST01682,2025-07-07,Premium,96,13,Canada,46-55,Paid Ads,2,11,1,2026-07-24,Annual,0,Not Churned
CUST01683,2021-12-25,Standard,60,56,India,26-35,Social Media,3,21,1,2026-08-20,Monthly,0,Not Churned
CUST01684,2023-10-16,Premium,102,34,India,36-45,Referral,2,11,1,2026-06-13,Monthly,1,Competitor
CUST01685,2024-12-09,Basic,26,20,USA,26-35,Paid Ads,4,7,1,2026-06-23,Monthly,0,Not Churned
CUST01686,2022-02-23,Premium,101,54,India,26-35,Referral,3,14,1,2026-06-05,Monthly,1,Competitor
CUST01687,2024-08-11,Premium,108,24,Canada,18-25,Referral,3,8,1,2026-06-07,Monthly,1,Competitor
CUST01688,2024-04-13,Standard,62,28,India,56+,Organic,3,6,0,2026-07-08,Annual,0,Not Churned
CUST01689,2025-09-05,Standard,63,11,Australia,46-55,Paid Ads,2,10,1,2026-08-07,Monthly,0,Not Churned
CUST01690,2022-05-24,Standard,60,51,Canada,18-25,Organic,1,8,0,2026-07-28,Annual,0,Not Churned
CUST01691,2024-04-13,Basic,27,28,UK,56+,Partner,4,22,1,2026-06-04,Annual,0,Not Churned
CUST01692,2024-10-10,Standard,57,22,India,36-45,Organic,4,19,0,2026-07-21,Annual,0,Not Churned
CUST01693,2024-02-13,Basic,27,30,USA,46-55,Organic,5,12,0,2026-08-12,Monthly,1,Pricing
CUST01694,2023-06-18,Basic,29,38,USA,18-25,Paid Ads,2,12,0,2026-07-04,Monthly,0,Not Churned
CUST01695,2025-03-09,Basic,27,17,India,26-35,Social Media,3,14,0,2026-07-15,Monthly,0,Not Churned
CUST01696,2024-10-10,Basic,28,22,Australia,36-45,Paid Ads,3,13,0,2026-08-29,Monthly,0,Not Churned
CUST01697,2026-07-02,Basic,32,1,USA,18-25,Social Media,2,11,0,2026-06-24,Monthly,0,Not Churned
CUST01698,2021-11-25,Basic,35,57,Australia,26-35,Referral,2,14,1,2026-08-16,Monthly,0,Not Churned
CUST01699,2024-12-09,Premium,100,20,India,26-35,Referral,2,18,0,2026-07-04,Monthly,0,Not Churned
CUST01700,2026-03-04,Standard,61,5,India,26-35,Social Media,3,14,0,2026-08-11,Monthly,0,Not Churned
CUST01701,2023-11-15,Premium,98,33,Germany,26-35,Organic,4,11,1,2026-08-17,Monthly,0,Not Churned
CUST01702,2022-11-20,Standard,58,45,USA,56+,Partner,2,15,0,2026-06-09,Monthly,1,Competitor
CUST01703,2026-07-02,Basic,36,1,USA,26-35,Social Media,2,9,2,2026-07-25,Monthly,0,Not Churned
CUST01704,2022-12-20,Standard,64,44,USA,26-35,Partner,4,11,1,2026-07-17,Monthly,0,Not Churned
CUST01705,2025-11-04,Standard,60,9,India,36-45,Social Media,2,11,1,2026-07-21,Annual,0,Not Churned
CUST01706,2023-12-15,Basic,34,32,UK,36-45,Social Media,5,11,0,2026-07-20,Annual,0,Not Churned
CUST01707,2022-02-23,Standard,66,54,India,36-45,Organic,4,13,2,2026-06-09,Annual,0,Not Churned
CUST01708,2024-06-12,Basic,37,26,USA,36-45,Paid Ads,4,11,1,2026-07-26,Annual,0,Not Churned
CUST01709,2022-11-20,Standard,65,45,USA,18-25,Paid Ads,3,16,0,2026-07-03,Monthly,0,Not Churned
CUST01710,2023-02-18,Standard,61,42,Australia,26-35,Organic,2,11,0,2026-06-30,Monthly,1,Competitor
CUST01711,2022-08-22,Basic,32,48,USA,36-45,Referral,4,8,0,2026-07-08,Annual,0,Not Churned
CUST01712,2026-02-02,Basic,38,6,India,46-55,Organic,5,6,0,2026-07-04,Annual,0,Not Churned
CUST01713,2022-03-25,Standard,67,53,USA,36-45,Organic,2,12,1,2026-07-25,Annual,0,Not Churned
CUST01714,2022-02-23,Standard,55,54,India,18-25,Social Media,5,14,0,2026-06-30,Annual,0,Not Churned
CUST01715,2024-02-13,Basic,26,30,India,26-35,Partner,8,16,3,2026-06-02,Monthly,0,Not Churned
CUST01716,2023-04-19,Premium,105,40,India,18-25,Social Media,2,11,3,2026-08-16,Annual,0,Not Churned
CUST01717,2024-09-10,Basic,35,23,USA,36-45,Social Media,0,15,2,2026-07-15,Monthly,0,Not Churned
CUST01718,2023-05-19,Standard,55,39,India,18-25,Referral,4,14,0,2026-08-28,Monthly,0,Not Churned
CUST01719,2024-07-12,Premium,103,25,USA,26-35,Social Media,5,8,1,2026-07-05,Monthly,0,Not Churned
CUST01720,2024-07-12,Basic,30,25,Germany,26-35,Paid Ads,2,22,0,2026-06-14,Monthly,0,Not Churned
CUST01721,2025-07-07,Basic,35,13,UK,26-35,Partner,2,13,2,2026-08-05,Monthly,1,Payment Issues
CUST01722,2024-07-12,Basic,25,25,India,26-35,Organic,2,16,0,2026-08-05,Monthly,1,Pricing
CUST01723,2025-03-09,Basic,35,17,India,26-35,Social Media,5,15,0,2026-07-10,Monthly,0,Not Churned
CUST01724,2022-12-20,Basic,37,44,UK,36-45,Referral,1,10,1,2026-08-06,Monthly,0,Not Churned
CUST01725,2024-05-13,Standard,68,27,Australia,26-35,Referral,1,13,0,2026-06-12,Monthly,1,Competitor
CUST01726,2025-09-05,Basic,25,11,India,36-45,Referral,3,17,2,2026-08-03,Annual,0,Not Churned
CUST01727,2026-02-02,Standard,67,6,Canada,26-35,Social Media,5,16,0,2026-07-24,Annual,0,Not Churned
CUST01728,2025-05-08,Premium,107,15,USA,26-35,Social Media,0,9,2,2026-08-06,Monthly,0,Not Churned
CUST01729,2023-07-18,Premium,95,37,USA,36-45,Organic,2,15,0,2026-06-15,Monthly,0,Not Churned
CUST01730,2023-12-15,Standard,68,32,Germany,26-35,Organic,5,11,0,2026-08-21,Monthly,0,Not Churned
CUST01731,2022-08-22,Basic,35,48,Canada,36-45,Organic,2,16,1,2026-06-29,Monthly,0,Not Churned
CUST01732,2024-08-11,Standard,66,24,Australia,36-45,Organic,3,16,0,2026-08-24,Monthly,0,Not Churned
CUST01733,2025-09-05,Standard,57,11,USA,46-55,Organic,3,11,0,2026-08-19,Monthly,0,Not Churned
CUST01734,2023-02-18,Standard,54,42,USA,26-35,Referral,3,16,0,2026-07-13,Annual,0,Not Churned
CUST01735,2024-03-14,Basic,25,29,UK,26-35,Paid Ads,1,14,0,2026-08-31,Monthly,1,Pricing
CUST01736,2025-12-04,Premium,96,8,India,36-45,Social Media,5,14,0,2026-06-28,Monthly,0,Not Churned
CUST01737,2021-12-25,Standard,60,56,USA,26-35,Paid Ads,1,10,0,2026-07-20,Monthly,0,Not Churned
CUST01738,2023-07-18,Basic,33,37,India,26-35,Referral,0,8,0,2026-08-24,Annual,0,Not Churned
CUST01739,2025-10-05,Basic,24,10,India,36-45,Organic,1,4,2,2026-07-30,Monthly,0,Not Churned
CUST01740,2021-09-26,Standard,59,59,USA,18-25,Social Media,1,13,1,2026-07-07,Annual,0,Not Churned
CUST01741,2025-10-05,Premium,96,10,Canada,26-35,Social Media,7,9,0,2026-08-13,Annual,0,Not Churned
CUST01742,2026-07-02,Standard,56,1,Australia,36-45,Paid Ads,1,15,0,2026-08-11,Annual,1,Competitor
CUST01743,2022-11-20,Standard,57,45,USA,56+,Paid Ads,3,16,2,2026-08-10,Annual,0,Not Churned
CUST01744,2022-04-24,Basic,36,52,UK,46-55,Organic,1,19,1,2026-08-10,Monthly,0,Not Churned
CUST01745,2024-09-10,Standard,57,23,India,26-35,Social Media,4,13,0,2026-07-12,Monthly,0,Not Churned
CUST01746,2025-02-07,Standard,60,18,Australia,36-45,Referral,3,15,0,2026-07-14,Annual,1,Competitor
CUST01747,2024-09-10,Basic,26,23,USA,18-25,Referral,5,18,0,2026-08-24,Monthly,0,Not Churned
CUST01748,2026-03-04,Basic,31,5,Canada,26-35,Organic,2,13,0,2026-06-25,Monthly,0,Not Churned
CUST01749,2022-08-22,Standard,61,48,Canada,36-45,Organic,1,23,3,2026-08-25,Monthly,0,Not Churned
CUST01750,2023-06-18,Basic,34,38,India,18-25,Organic,6,15,0,2026-06-13,Annual,0,Not Churned
CUST01751,2022-02-23,Standard,66,54,USA,26-35,Organic,5,12,0,2026-07-02,Monthly,0,Not Churned
CUST01752,2024-01-14,Basic,30,31,Germany,46-55,Organic,2,13,1,2026-06-19,Monthly,0,Not Churned
CUST01753,2022-03-25,Basic,25,53,India,46-55,Organic,7,19,0,2026-06-07,Annual,0,Not Churned
CUST01754,2023-02-18,Basic,28,42,UK,36-45,Referral,1,10,0,2026-08-18,Monthly,0,Not Churned
CUST01755,2023-05-19,Premium,99,39,Germany,46-55,Paid Ads,5,9,0,2026-06-23,Monthly,0,Not Churned
CUST01756,2024-12-09,Premium,105,20,India,36-45,Paid Ads,1,9,1,2026-06-18,Monthly,1,Competitor
CUST01757,2024-03-14,Premium,103,29,Australia,18-25,Referral,0,12,1,2026-07-07,Monthly,0,Not Churned
CUST01758,2022-08-22,Standard,57,48,Germany,36-45,Referral,4,12,0,2026-07-25,Monthly,0,Not Churned
CUST01759,2023-11-15,Basic,36,33,Canada,26-35,Referral,5,7,2,2026-08-01,Monthly,0,Not Churned
CUST01760,2021-11-25,Standard,63,57,India,26-35,Organic,1,7,0,2026-08-10,Annual,0,Not Churned
CUST01761,2023-05-19,Standard,58,39,India,46-55,Social Media,2,15,0,2026-07-13,Annual,0,Not Churned
CUST01762,2023-12-15,Premium,107,32,India,26-35,Partner,5,15,0,2026-06-11,Monthly,1,Competitor
CUST01763,2024-07-12,Basic,32,25,Australia,18-25,Paid Ads,5,14,1,2026-08-31,Annual,1,Pricing
CUST01764,2022-12-20,Standard,64,44,Australia,26-35,Organic,4,12,0,2026-07-21,Monthly,0,Not Churned
CUST01765,2024-05-13,Basic,30,27,UK,26-35,Social Media,3,13,0,2026-07-17,Monthly,0,Not Churned
CUST01766,2021-11-25,Basic,25,57,USA,46-55,Partner,4,13,0,2026-06-28,Annual,0,Not Churned
CUST01767,2024-09-10,Standard,64,23,India,36-45,Organic,2,13,2,2026-08-05,Monthly,0,Not Churned
CUST01768,2022-09-21,Standard,54,47,Canada,36-45,Organic,3,8,0,2026-06-15,Annual,0,Not Churned
CUST01769,2026-06-02,Basic,25,2,Canada,36-45,Social Media,2,8,1,2026-07-14,Monthly,0,Not Churned
CUST01770,2021-09-26,Basic,26,59,Australia,36-45,Paid Ads,2,9,1,2026-07-04,Monthly,0,Not Churned
CUST01771,2022-06-23,Standard,64,50,Canada,36-45,Partner,3,13,0,2026-08-30,Monthly,1,Competitor
CUST01772,2026-04-03,Standard,55,4,Australia,36-45,Organic,2,14,0,2026-08-13,Monthly,0,Not Churned
CUST01773,2024-07-12,Premium,104,25,Canada,46-55,Social Media,2,9,0,2026-06-20,Monthly,0,Not Churned
CUST01774,2022-11-20,Premium,96,45,UK,56+,Organic,4,9,0,2026-08-21,Monthly,0,Not Churned
CUST01775,2024-09-10,Standard,63,23,USA,56+,Organic,4,13,0,2026-07-31,Monthly,0,Not Churned
CUST01776,2023-03-20,Basic,38,41,Australia,36-45,Partner,2,17,4,2026-07-13,Annual,1,Payment Issues
CUST01777,2023-08-17,Standard,64,36,UK,46-55,Organic,1,15,0,2026-06-26,Annual,0,Not Churned
CUST01778,2023-03-20,Standard,64,41,USA,26-35,Organic,4,11,0,2026-08-03,Monthly,0,Not Churned
CUST01779,2024-09-10,Basic,38,23,India,46-55,Social Media,1,10,1,2026-07-07,Monthly,0,Not Churned
CUST01780,2021-12-25,Premium,105,56,India,46-55,Organic,3,11,1,2026-08-13,Monthly,0,Not Churned
CUST01781,2023-11-15,Basic,37,33,USA,46-55,Organic,1,16,1,2026-07-04,Annual,0,Not Churned
CUST01782,2021-11-25,Premium,105,57,India,46-55,Paid Ads,2,13,0,2026-08-01,Monthly,0,Not Churned
CUST01783,2024-04-13,Standard,62,28,India,26-35,Referral,3,10,1,2026-08-31,Monthly,0,Not Churned
CUST01784,2025-12-04,Standard,57,8,USA,26-35,Referral,2,16,1,2026-07-12,Annual,0,Not Churned
CUST01785,2023-11-15,Standard,65,33,India,26-35,Social Media,3,17,0,2026-07-09,Monthly,0,Not Churned
CUST01786,2024-03-14,Premium,102,29,Canada,36-45,Paid Ads,0,16,2,2026-06-06,Monthly,1,Payment Issues
CUST01787,2022-08-22,Standard,64,48,USA,26-35,Paid Ads,0,10,1,2026-07-13,Monthly,0,Not Churned
CUST01788,2021-12-25,Standard,56,56,USA,26-35,Paid Ads,4,15,0,2026-06-25,Annual,0,Not Churned
CUST01789,2025-05-08,Basic,35,15,India,36-45,Social Media,5,18,1,2026-06-22,Monthly,0,Not Churned
CUST01790,2025-05-08,Standard,54,15,India,36-45,Referral,1,9,1,2026-08-08,Annual,0,Not Churned
CUST01791,2023-07-18,Basic,34,37,USA,46-55,Partner,2,10,0,2026-08-08,Monthly,0,Not Churned
CUST01792,2025-01-08,Standard,58,19,Canada,36-45,Partner,2,9,0,2026-08-21,Annual,0,Not Churned
CUST01793,2021-12-25,Standard,63,56,Canada,36-45,Paid Ads,5,14,1,2026-08-01,Monthly,0,Not Churned
CUST01794,2023-01-19,Standard,63,43,India,36-45,Paid Ads,0,13,0,2026-07-17,Monthly,0,Not Churned
CUST01795,2021-09-26,Basic,37,59,UK,46-55,Referral,4,14,0,2026-06-23,Annual,0,Not Churned
CUST01796,2022-05-24,Basic,25,51,India,26-35,Organic,5,8,0,2026-07-09,Monthly,0,Not Churned
CUST01797,2021-12-25,Standard,57,56,Germany,26-35,Organic,10,11,1,2026-08-19,Monthly,1,Poor Support Experience
CUST01798,2024-11-09,Basic,25,21,Germany,46-55,Social Media,4,12,1,2026-06-28,Annual,0,Not Churned
CUST01799,2021-12-25,Basic,25,56,USA,36-45,Paid Ads,1,9,0,2026-06-12,Monthly,0,Not Churned
CUST01800,2023-09-16,Basic,36,35,UK,36-45,Referral,1,8,0,2026-08-06,Annual,0,Not Churned
CUST01801,2024-06-12,Premium,96,26,Canada,26-35,Referral,2,13,0,2026-08-02,Monthly,0,Not Churned
CUST01802,2022-02-23,Standard,58,54,Canada,26-35,Social Media,0,10,1,2026-07-03,Annual,0,Not Churned
CUST01803,2024-04-13,Basic,27,28,UK,36-45,Organic,3,11,1,2026-08-12,Monthly,0,Not Churned
CUST01804,2024-10-10,Basic,25,22,Germany,18-25,Referral,2,13,0,2026-08-18,Annual,0,Not Churned
CUST01805,2023-08-17,Basic,38,36,USA,26-35,Paid Ads,0,12,0,2026-06-06,Monthly,0,Not Churned
CUST01806,2022-03-25,Standard,64,53,UK,26-35,Social Media,4,14,1,2026-07-02,Monthly,0,Not Churned
CUST01807,2025-04-08,Standard,67,16,Australia,36-45,Paid Ads,2,11,0,2026-07-26,Monthly,0,Not Churned
CUST01808,2025-08-06,Basic,37,12,UK,36-45,Partner,3,17,0,2026-08-07,Monthly,0,Not Churned
CUST01809,2024-04-13,Basic,33,28,Canada,56+,Paid Ads,2,11,0,2026-06-19,Monthly,0,Not Churned
CUST01810,2026-01-03,Basic,25,7,India,36-45,Partner,2,11,1,2026-07-20,Monthly,0,Not Churned
CUST01811,2023-11-15,Standard,67,33,USA,46-55,Social Media,3,11,1,2026-06-16,Annual,0,Not Churned
CUST01812,2024-08-11,Standard,59,24,India,36-45,Referral,5,10,2,2026-06-23,Monthly,0,Not Churned
CUST01813,2025-09-05,Basic,30,11,USA,36-45,Paid Ads,0,6,0,2026-06-10,Annual,0,Not Churned
CUST01814,2025-05-08,Basic,35,15,USA,18-25,Paid Ads,3,11,0,2026-07-18,Annual,0,Not Churned
CUST01815,2025-01-08,Basic,33,19,Germany,18-25,Social Media,4,8,0,2026-06-15,Monthly,0,Not Churned
CUST01816,2022-01-24,Premium,99,55,UK,36-45,Referral,3,12,1,2026-07-26,Monthly,0,Not Churned
CUST01817,2025-05-08,Basic,30,15,Canada,26-35,Paid Ads,3,14,0,2026-07-19,Annual,0,Not Churned
CUST01818,2025-11-04,Standard,54,9,India,36-45,Referral,1,10,1,2026-08-13,Monthly,0,Not Churned
CUST01819,2025-07-07,Standard,59,13,Australia,36-45,Referral,4,18,0,2026-06-06,Annual,1,Competitor
CUST01820,2022-06-23,Basic,34,50,UK,46-55,Organic,0,9,2,2026-06-07,Monthly,0,Not Churned
CUST01821,2024-03-14,Basic,26,29,UK,56+,Organic,3,14,0,2026-08-06,Monthly,0,Not Churned
CUST01822,2021-10-26,Basic,24,58,India,18-25,Organic,5,6,0,2026-06-21,Monthly,0,Not Churned
CUST01823,2024-06-12,Standard,61,26,USA,26-35,Organic,0,16,0,2026-07-13,Annual,0,Not Churned
CUST01824,2024-09-10,Standard,57,23,UK,36-45,Paid Ads,6,12,0,2026-08-30,Annual,0,Not Churned
CUST01825,2025-03-09,Standard,63,17,USA,26-35,Social Media,2,8,1,2026-08-22,Monthly,0,Not Churned
CUST01826,2026-03-04,Standard,61,5,Australia,26-35,Paid Ads,3,13,0,2026-07-29,Annual,0,Not Churned
CUST01827,2021-09-26,Basic,33,59,Australia,46-55,Organic,3,11,0,2026-06-23,Monthly,0,Not Churned
CUST01828,2025-04-08,Premium,107,16,Germany,56+,Paid Ads,1,11,1,2026-08-03,Annual,0,Not Churned
CUST01829,2023-05-19,Standard,64,39,UK,36-45,Partner,2,15,0,2026-07-16,Annual,0,Not Churned
CUST01830,2024-02-13,Basic,27,30,Germany,36-45,Paid Ads,3,11,0,2026-06-02,Annual,0,Not Churned
CUST01831,2024-11-09,Premium,97,21,Australia,26-35,Partner,3,14,0,2026-08-14,Monthly,1,Competitor
CUST01832,2026-03-04,Standard,65,5,India,36-45,Organic,3,18,0,2026-06-23,Monthly,0,Not Churned
CUST01833,2022-02-23,Standard,67,54,USA,26-35,Organic,4,7,1,2026-06-12,Monthly,0,Not Churned
CUST01834,2021-10-26,Standard,63,58,India,36-45,Referral,3,6,0,2026-06-15,Monthly,0,Not Churned
CUST01835,2024-06-12,Premium,97,26,India,26-35,Paid Ads,2,8,0,2026-08-08,Monthly,0,Not Churned
CUST01836,2023-01-19,Standard,59,43,India,46-55,Social Media,3,13,0,2026-06-11,Annual,0,Not Churned
CUST01837,2022-08-22,Basic,37,48,India,36-45,Social Media,1,6,0,2026-08-12,Monthly,0,Not Churned
CUST01838,2024-02-13,Basic,32,30,UK,36-45,Organic,5,10,0,2026-06-18,Monthly,0,Not Churned
CUST01839,2021-09-26,Premium,98,59,USA,46-55,Referral,2,11,0,2026-07-31,Monthly,0,Not Churned
CUST01840,2024-10-10,Basic,35,22,India,26-35,Referral,2,8,1,2026-08-06,Monthly,0,Not Churned
CUST01841,2021-10-26,Basic,36,58,Canada,18-25,Social Media,1,13,1,2026-07-20,Annual,0,Not Churned
CUST01842,2022-11-20,Standard,63,45,Australia,46-55,Paid Ads,3,14,0,2026-06-29,Annual,0,Not Churned
CUST01843,2026-06-02,Standard,67,2,Germany,56+,Organic,3,12,1,2026-08-29,Annual,0,Not Churned
CUST01844,2022-12-20,Standard,68,44,UK,36-45,Referral,4,15,0,2026-08-04,Annual,0,Not Churned
CUST01845,2025-08-06,Premium,101,12,USA,18-25,Partner,1,8,0,2026-08-25,Annual,0,Not Churned
CUST01846,2023-02-18,Basic,31,42,India,36-45,Organic,4,7,1,2026-07-23,Monthly,0,Not Churned
CUST01847,2024-05-13,Basic,27,27,India,18-25,Organic,3,12,0,2026-06-15,Monthly,1,Pricing
CUST01848,2024-06-12,Basic,38,26,India,36-45,Paid Ads,3,17,3,2026-06-25,Annual,0,Not Churned
CUST01849,2022-11-20,Premium,104,45,USA,26-35,Social Media,0,10,0,2026-08-01,Monthly,1,Competitor
CUST01850,2022-12-20,Standard,63,44,Germany,46-55,Paid Ads,0,14,1,2026-08-04,Annual,0,Not Churned
CUST01851,2024-07-12,Basic,32,25,India,26-35,Organic,3,14,2,2026-07-26,Annual,0,Not Churned
CUST01852,2025-01-08,Premium,102,19,India,46-55,Referral,4,12,0,2026-06-18,Monthly,0,Not Churned
CUST01853,2022-07-23,Premium,98,49,India,26-35,Organic,3,17,0,2026-06-11,Monthly,0,Not Churned
CUST01854,2024-05-13,Premium,99,27,UK,26-35,Organic,3,11,0,2026-08-25,Monthly,0,Not Churned
CUST01855,2022-08-22,Premium,98,48,USA,46-55,Paid Ads,5,13,0,2026-06-16,Annual,0,Not Churned
CUST01856,2025-03-09,Basic,26,17,USA,26-35,Paid Ads,1,17,0,2026-07-15,Annual,0,Not Churned
CUST01857,2021-11-25,Standard,64,57,India,36-45,Paid Ads,3,9,0,2026-07-22,Monthly,0,Not Churned
CUST01858,2026-02-02,Standard,61,6,USA,26-35,Organic,8,17,0,2026-07-20,Annual,0,Not Churned
CUST01859,2024-09-10,Premium,102,23,India,36-45,Paid Ads,4,10,0,2026-06-22,Monthly,1,Competitor
CUST01860,2025-02-07,Standard,68,18,USA,18-25,Social Media,6,15,0,2026-07-04,Monthly,0,Not Churned
CUST01861,2023-01-19,Standard,57,43,India,26-35,Paid Ads,4,5,0,2026-07-26,Monthly,0,Not Churned
CUST01862,2022-12-20,Standard,62,44,Canada,36-45,Referral,5,14,2,2026-08-28,Monthly,0,Not Churned
CUST01863,2022-07-23,Basic,32,49,USA,26-35,Organic,0,8,0,2026-07-18,Monthly,0,Not Churned
CUST01864,2026-06-02,Standard,60,2,Canada,18-25,Organic,2,14,0,2026-07-28,Monthly,0,Not Churned
CUST01865,2022-11-20,Premium,101,45,USA,36-45,Social Media,2,19,0,2026-08-12,Monthly,0,Not Churned
CUST01866,2025-01-08,Premium,108,19,USA,36-45,Paid Ads,3,10,1,2026-08-01,Annual,0,Not Churned
CUST01867,2022-05-24,Basic,26,51,India,18-25,Paid Ads,3,7,0,2026-08-31,Monthly,0,Not Churned
CUST01868,2021-12-25,Basic,38,56,USA,36-45,Social Media,2,16,0,2026-06-04,Monthly,0,Not Churned
CUST01869,2026-04-03,Basic,28,4,USA,46-55,Referral,2,13,0,2026-07-17,Monthly,0,Not Churned
CUST01870,2023-11-15,Standard,56,33,USA,18-25,Social Media,3,12,0,2026-06-22,Annual,0,Not Churned
CUST01871,2023-10-16,Premium,100,34,Canada,36-45,Referral,2,8,0,2026-07-07,Annual,0,Not Churned
CUST01872,2023-12-15,Basic,29,32,Australia,36-45,Organic,3,10,1,2026-07-10,Annual,0,Not Churned
CUST01873,2021-11-25,Standard,64,57,Canada,18-25,Partner,4,9,0,2026-06-14,Monthly,0,Not Churned
CUST01874,2025-02-07,Premium,96,18,India,18-25,Partner,4,22,0,2026-07-17,Monthly,0,Not Churned
CUST01875,2022-12-20,Standard,62,44,UK,26-35,Organic,1,11,1,2026-08-23,Monthly,0,Not Churned
CUST01876,2025-11-04,Standard,65,9,India,36-45,Social Media,1,7,0,2026-06-08,Monthly,0,Not Churned
CUST01877,2023-07-18,Standard,54,37,UK,26-35,Paid Ads,4,11,0,2026-07-08,Monthly,1,Competitor
CUST01878,2022-08-22,Standard,63,48,USA,46-55,Referral,3,12,0,2026-06-22,Annual,0,Not Churned
CUST01879,2023-08-17,Basic,26,36,India,36-45,Organic,4,13,1,2026-06-24,Monthly,0,Not Churned
CUST01880,2022-04-24,Standard,68,52,Australia,26-35,Paid Ads,2,10,1,2026-07-23,Annual,0,Not Churned
CUST01881,2026-05-03,Standard,68,3,UK,36-45,Organic,4,10,1,2026-07-14,Monthly,0,Not Churned
CUST01882,2025-02-07,Premium,108,18,USA,56+,Paid Ads,2,15,0,2026-08-05,Monthly,0,Not Churned
CUST01883,2023-04-19,Standard,64,40,India,26-35,Organic,4,11,1,2026-08-30,Monthly,0,Not Churned
CUST01884,2022-02-23,Standard,68,54,USA,26-35,Paid Ads,6,11,2,2026-08-17,Annual,1,Payment Issues
CUST01885,2024-07-12,Basic,33,25,Germany,36-45,Referral,2,14,1,2026-07-04,Monthly,0,Not Churned
CUST01886,2026-06-02,Standard,64,2,USA,18-25,Social Media,2,14,0,2026-08-28,Monthly,0,Not Churned
CUST01887,2022-12-20,Basic,30,44,Germany,18-25,Organic,1,13,3,2026-06-30,Monthly,0,Not Churned
CUST01888,2026-07-02,Basic,26,1,India,18-25,Social Media,4,11,0,2026-06-20,Monthly,0,Not Churned
CUST01889,2024-08-11,Standard,67,24,USA,26-35,Paid Ads,5,16,0,2026-06-08,Monthly,1,Competitor
CUST01890,2024-08-11,Premium,96,24,Canada,18-25,Social Media,2,9,0,2026-08-13,Monthly,0,Not Churned
CUST01891,2022-03-25,Basic,25,53,USA,46-55,Paid Ads,4,10,0,2026-08-01,Annual,0,Not Churned
CUST01892,2022-06-23,Standard,62,50,India,56+,Social Media,3,16,0,2026-06-07,Annual,0,Not Churned
CUST01893,2023-02-18,Premium,104,42,USA,18-25,Referral,2,19,0,2026-07-09,Monthly,0,Not Churned
CUST01894,2022-03-25,Basic,27,53,UK,26-35,Paid Ads,2,9,0,2026-08-20,Monthly,0,Not Churned
CUST01895,2023-04-19,Standard,63,40,Canada,18-25,Paid Ads,1,7,1,2026-07-09,Monthly,0,Not Churned
CUST01896,2026-04-03,Standard,66,4,Canada,18-25,Partner,0,6,0,2026-07-28,Monthly,1,Competitor
CUST01897,2022-06-23,Standard,59,50,Canada,26-35,Social Media,4,16,1,2026-06-15,Annual,0,Not Churned
CUST01898,2023-09-16,Basic,25,35,UK,26-35,Paid Ads,3,11,2,2026-07-10,Monthly,0,Not Churned
CUST01899,2023-09-16,Basic,32,35,India,46-55,Organic,3,10,1,2026-06-29,Annual,0,Not Churned
CUST01900,2021-11-25,Standard,68,57,USA,26-35,Social Media,2,17,0,2026-08-16,Monthly,0,Not Churned
CUST01901,2025-08-06,Standard,60,12,Canada,26-35,Partner,2,18,1,2026-07-02,Monthly,0,Not Churned
CUST01902,2022-05-24,Basic,33,51,Germany,26-35,Organic,2,10,0,2026-07-31,Annual,0,Not Churned
CUST01903,2022-07-23,Standard,58,49,India,18-25,Partner,1,12,0,2026-08-24,Monthly,0,Not Churned
CUST01904,2024-09-10,Basic,30,23,USA,46-55,Organic,4,12,0,2026-07-27,Monthly,1,Pricing
CUST01905,2022-07-23,Standard,67,49,India,18-25,Partner,2,12,2,2026-08-23,Monthly,0,Not Churned
CUST01906,2024-10-10,Basic,27,22,India,56+,Referral,8,14,0,2026-07-08,Monthly,1,Poor Support Experience
CUST01907,2024-06-12,Premium,106,26,USA,18-25,Paid Ads,1,8,1,2026-06-20,Monthly,0,Not Churned
CUST01908,2026-04-03,Basic,33,4,UK,36-45,Paid Ads,4,13,1,2026-06-29,Annual,1,Pricing
CUST01909,2026-01-03,Basic,36,7,India,56+,Referral,3,7,0,2026-06-02,Annual,0,Not Churned
CUST01910,2024-09-10,Basic,38,23,Canada,18-25,Referral,3,11,0,2026-07-12,Annual,0,Not Churned
CUST01911,2024-01-14,Basic,30,31,Canada,26-35,Partner,8,11,0,2026-06-08,Monthly,0,Not Churned
CUST01912,2026-01-03,Premium,95,7,Germany,36-45,Social Media,5,7,0,2026-08-01,Annual,0,Not Churned
CUST01913,2024-10-10,Premium,100,22,India,18-25,Paid Ads,1,9,1,2026-06-15,Annual,0,Not Churned
CUST01914,2023-05-19,Basic,38,39,USA,36-45,Partner,1,13,0,2026-06-04,Monthly,0,Not Churned
CUST01915,2023-04-19,Standard,57,40,USA,18-25,Referral,3,9,0,2026-08-25,Monthly,0,Not Churned
CUST01916,2025-01-08,Standard,57,19,India,26-35,Social Media,7,12,0,2026-06-16,Annual,0,Not Churned
CUST01917,2022-03-25,Premium,94,53,USA,26-35,Social Media,3,11,0,2026-08-30,Annual,0,Not Churned
CUST01918,2024-02-13,Standard,65,30,Canada,46-55,Partner,5,14,1,2026-07-08,Monthly,0,Not Churned
CUST01919,2024-06-12,Basic,26,26,India,26-35,Organic,4,13,1,2026-08-23,Monthly,0,Not Churned
CUST01920,2021-09-26,Standard,58,59,Germany,18-25,Referral,2,10,0,2026-08-20,Annual,0,Not Churned
CUST01921,2023-03-20,Standard,58,41,Canada,36-45,Paid Ads,5,13,0,2026-07-10,Monthly,0,Not Churned
CUST01922,2021-12-25,Basic,25,56,Canada,26-35,Paid Ads,4,9,0,2026-06-18,Monthly,0,Not Churned
CUST01923,2024-10-10,Standard,57,22,Canada,26-35,Paid Ads,4,13,2,2026-08-16,Annual,0,Not Churned
CUST01924,2025-11-04,Basic,24,9,USA,18-25,Social Media,0,9,1,2026-06-27,Monthly,0,Not Churned
CUST01925,2022-10-21,Standard,68,46,Canada,36-45,Paid Ads,1,9,1,2026-07-26,Annual,1,Competitor
CUST01926,2021-10-26,Basic,32,58,USA,36-45,Paid Ads,2,13,0,2026-08-26,Annual,0,Not Churned
CUST01927,2024-03-14,Standard,54,29,Australia,26-35,Organic,6,10,2,2026-07-14,Monthly,1,Payment Issues
CUST01928,2023-12-15,Standard,59,32,India,26-35,Organic,3,8,1,2026-08-21,Monthly,1,Competitor
CUST01929,2022-03-25,Standard,60,53,India,36-45,Referral,5,11,0,2026-08-16,Monthly,0,Not Churned
CUST01930,2025-02-07,Basic,26,18,USA,36-45,Organic,2,11,0,2026-06-22,Monthly,0,Not Churned
CUST01931,2024-01-14,Standard,65,31,India,26-35,Organic,6,9,2,2026-08-10,Annual,0,Not Churned
CUST01932,2023-12-15,Standard,68,32,USA,18-25,Paid Ads,2,16,0,2026-07-03,Monthly,0,Not Churned
CUST01933,2025-11-04,Standard,54,9,USA,26-35,Organic,4,11,0,2026-08-24,Annual,0,Not Churned
CUST01934,2024-02-13,Standard,60,30,Australia,36-45,Organic,4,13,1,2026-08-26,Annual,0,Not Churned
CUST01935,2023-07-18,Standard,56,37,USA,56+,Social Media,6,11,2,2026-07-28,Monthly,0,Not Churned
CUST01936,2023-12-15,Premium,106,32,USA,18-25,Social Media,2,20,1,2026-08-12,Annual,0,Not Churned
CUST01937,2025-12-04,Basic,33,8,India,26-35,Paid Ads,2,9,2,2026-07-02,Annual,0,Not Churned
CUST01938,2024-08-11,Premium,105,24,USA,18-25,Paid Ads,6,10,0,2026-07-27,Annual,0,Not Churned
CUST01939,2026-04-03,Standard,65,4,USA,26-35,Partner,3,12,0,2026-07-17,Monthly,0,Not Churned
CUST01940,2022-04-24,Basic,29,52,Canada,26-35,Organic,4,9,0,2026-08-21,Annual,0,Not Churned
CUST01941,2022-10-21,Basic,36,46,India,46-55,Referral,3,12,0,2026-06-14,Monthly,0,Not Churned
CUST01942,2025-03-09,Basic,35,17,India,18-25,Referral,4,6,0,2026-08-13,Annual,0,Not Churned
CUST01943,2024-11-09,Standard,67,21,USA,36-45,Social Media,3,10,0,2026-07-27,Monthly,1,Competitor
CUST01944,2022-08-22,Standard,59,48,USA,26-35,Partner,3,17,0,2026-08-17,Monthly,0,Not Churned
CUST01945,2025-11-04,Standard,67,9,USA,46-55,Paid Ads,3,17,0,2026-06-27,Monthly,0,Not Churned
CUST01946,2021-08-27,Standard,65,60,Canada,36-45,Paid Ads,4,8,0,2026-08-26,Monthly,0,Not Churned
CUST01947,2026-03-04,Standard,57,5,India,18-25,Referral,0,13,1,2026-07-17,Monthly,0,Not Churned
CUST01948,2026-03-04,Basic,35,5,USA,46-55,Partner,4,14,0,2026-08-20,Monthly,1,Pricing
CUST01949,2024-02-13,Basic,34,30,UK,18-25,Social Media,1,16,1,2026-07-21,Annual,0,Not Churned
CUST01950,2026-02-02,Standard,59,6,India,36-45,Referral,4,9,0,2026-08-19,Monthly,0,Not Churned
CUST01951,2023-06-18,Basic,34,38,UK,46-55,Social Media,3,7,1,2026-07-20,Monthly,0,Not Churned
CUST01952,2025-12-04,Basic,33,8,USA,18-25,Organic,5,15,0,2026-07-10,Annual,0,Not Churned
CUST01953,2022-08-22,Standard,57,48,USA,36-45,Paid Ads,5,18,0,2026-08-10,Monthly,0,Not Churned
CUST01954,2022-10-21,Standard,68,46,Canada,46-55,Organic,4,14,0,2026-06-17,Annual,0,Not Churned
CUST01955,2023-11-15,Premium,106,33,India,56+,Organic,1,9,2,2026-07-27,Monthly,0,Not Churned
CUST01956,2022-08-22,Premium,101,48,Australia,36-45,Referral,0,12,0,2026-08-26,Monthly,0,Not Churned
CUST01957,2025-05-08,Standard,62,15,USA,26-35,Social Media,3,13,0,2026-06-19,Monthly,0,Not Churned
CUST01958,2023-07-18,Standard,55,37,UK,36-45,Referral,3,11,1,2026-08-26,Annual,0,Not Churned
CUST01959,2025-11-04,Standard,60,9,Australia,36-45,Referral,6,7,2,2026-07-16,Annual,0,Not Churned
CUST01960,2026-05-03,Standard,62,3,Canada,36-45,Organic,2,8,2,2026-06-23,Annual,0,Not Churned
CUST01961,2024-01-14,Basic,32,31,UK,46-55,Referral,5,7,0,2026-07-21,Monthly,0,Not Churned
CUST01962,2021-09-26,Standard,65,59,Canada,18-25,Paid Ads,4,20,2,2026-07-09,Annual,0,Not Churned
CUST01963,2023-05-19,Premium,98,39,USA,18-25,Referral,1,18,1,2026-06-14,Annual,0,Not Churned
CUST01964,2026-01-03,Basic,24,7,USA,36-45,Paid Ads,0,14,0,2026-06-23,Monthly,0,Not Churned
CUST01965,2025-04-08,Standard,59,16,India,56+,Referral,4,13,0,2026-06-27,Annual,0,Not Churned
CUST01966,2021-08-27,Standard,68,60,India,26-35,Paid Ads,4,13,0,2026-07-28,Annual,0,Not Churned
CUST01967,2024-04-13,Basic,31,28,Australia,56+,Referral,1,10,0,2026-08-19,Monthly,0,Not Churned
CUST01968,2021-10-26,Basic,24,58,India,46-55,Organic,4,12,0,2026-06-09,Monthly,0,Not Churned
CUST01969,2023-09-16,Basic,25,35,India,46-55,Paid Ads,4,6,0,2026-07-16,Annual,0,Not Churned
CUST01970,2025-05-08,Basic,36,15,Canada,46-55,Paid Ads,3,14,0,2026-07-09,Monthly,0,Not Churned
CUST01971,2026-01-03,Basic,36,7,India,46-55,Referral,6,13,0,2026-06-27,Annual,0,Not Churned
CUST01972,2023-09-16,Premium,94,35,India,46-55,Referral,2,17,0,2026-07-21,Monthly,0,Not Churned
CUST01973,2022-08-22,Basic,28,48,USA,36-45,Partner,1,6,1,2026-07-24,Monthly,0,Not Churned
CUST01974,2024-01-14,Standard,55,31,USA,18-25,Referral,3,14,1,2026-08-02,Monthly,0,Not Churned
CUST01975,2023-06-18,Basic,38,38,Canada,18-25,Paid Ads,3,15,0,2026-08-21,Annual,0,Not Churned
CUST01976,2025-12-04,Premium,103,8,USA,18-25,Social Media,2,11,0,2026-06-07,Monthly,0,Not Churned
CUST01977,2022-08-22,Basic,33,48,USA,18-25,Paid Ads,0,10,1,2026-07-04,Monthly,0,Not Churned
CUST01978,2021-12-25,Standard,67,56,Canada,18-25,Organic,0,14,1,2026-06-12,Monthly,0,Not Churned
CUST01979,2023-06-18,Premium,97,38,USA,46-55,Referral,2,11,0,2026-07-29,Monthly,0,Not Churned
CUST01980,2025-04-08,Premium,94,16,UK,36-45,Organic,2,9,0,2026-07-08,Annual,0,Not Churned
CUST01981,2023-10-16,Basic,30,34,Australia,26-35,Organic,3,7,1,2026-07-31,Monthly,0,Not Churned
CUST01982,2026-07-02,Premium,101,1,USA,36-45,Social Media,5,11,0,2026-08-12,Annual,0,Not Churned
CUST01983,2025-01-08,Standard,58,19,USA,26-35,Social Media,1,12,1,2026-07-09,Monthly,0,Not Churned
CUST01984,2025-06-07,Standard,55,14,India,18-25,Social Media,4,8,2,2026-08-29,Monthly,0,Not Churned
CUST01985,2025-01-08,Basic,31,19,UK,46-55,Organic,3,7,0,2026-08-21,Monthly,0,Not Churned
CUST01986,2024-09-10,Basic,24,23,India,26-35,Social Media,6,13,0,2026-06-06,Annual,0,Not Churned
CUST01987,2026-04-03,Standard,68,4,USA,36-45,Referral,4,17,1,2026-06-20,Annual,0,Not Churned
CUST01988,2023-10-16,Standard,60,34,Canada,26-35,Social Media,5,13,0,2026-06-08,Annual,1,Competitor
CUST01989,2026-06-02,Standard,54,2,USA,36-45,Referral,2,12,0,2026-06-27,Annual,0,Not Churned
CUST01990,2025-08-06,Standard,65,12,India,46-55,Referral,2,17,1,2026-07-12,Annual,0,Not Churned
CUST01991,2024-09-10,Standard,59,23,Canada,26-35,Organic,5,10,2,2026-07-09,Monthly,0,Not Churned
CUST01992,2021-12-25,Basic,36,56,India,56+,Referral,4,6,1,2026-07-30,Monthly,0,Not Churned
CUST01993,2023-01-19,Standard,59,43,Canada,18-25,Referral,4,11,0,2026-06-11,Annual,0,Not Churned
CUST01994,2022-03-25,Basic,38,53,UK,36-45,Paid Ads,3,13,2,2026-07-30,Annual,0,Not Churned
CUST01995,2025-02-07,Standard,58,18,India,46-55,Referral,3,19,0,2026-08-16,Monthly,0,Not Churned
CUST01996,2023-12-15,Standard,68,32,Australia,46-55,Referral,3,14,0,2026-07-19,Annual,0,Not Churned
CUST01997,2022-05-24,Premium,95,51,India,26-35,Referral,2,9,0,2026-06-03,Monthly,0,Not Churned
CUST01998,2025-03-09,Basic,25,17,Germany,18-25,Paid Ads,2,10,0,2026-08-13,Monthly,0,Not Churned
CUST01999,2024-01-14,Basic,32,31,India,36-45,Organic,3,11,1,2026-06-21,Annual,0,Not Churned
CUST02000,2021-10-26,Basic,28,58,India,18-25,Organic,3,9,0,2026-08-12,Annual,0,Not Churned
CUST02001,2023-08-17,Basic,28,36,India,26-35,Social Media,4,10,1,2026-07-20,Monthly,0,Not Churned
CUST02002,2022-01-24,Basic,30,55,India,36-45,Organic,5,13,0,2026-08-09,Monthly,1,Pricing
CUST02003,2024-06-12,Premium,99,26,Canada,36-45,Organic,2,12,0,2026-06-15,Annual,0,Not Churned
CUST02004,2025-08-06,Basic,25,12,UK,26-35,Partner,2,16,0,2026-08-05,Monthly,0,Not Churned
CUST02005,2021-11-25,Basic,34,57,Canada,26-35,Organic,3,13,2,2026-08-11,Monthly,0,Not Churned
CUST02006,2023-09-16,Standard,54,35,India,46-55,Referral,3,14,0,2026-08-28,Monthly,0,Not Churned
CUST02007,2025-04-08,Standard,58,16,USA,36-45,Partner,0,12,0,2026-08-17,Monthly,0,Not Churned
CUST02008,2026-04-03,Standard,57,4,UK,36-45,Referral,4,6,0,2026-06-20,Annual,0,Not Churned
CUST02009,2024-04-13,Basic,35,28,USA,26-35,Social Media,3,11,1,2026-07-26,Monthly,0,Not Churned
CUST02010,2023-06-18,Standard,56,38,UK,26-35,Partner,3,9,0,2026-07-06,Monthly,0,Not Churned
CUST02011,2023-11-15,Basic,25,33,UK,26-35,Social Media,0,14,3,2026-06-03,Annual,0,Not Churned
CUST02012,2023-07-18,Basic,33,37,India,36-45,Referral,2,12,0,2026-07-11,Annual,0,Not Churned
CUST02013,2025-10-05,Premium,95,10,Canada,26-35,Paid Ads,1,11,3,2026-06-19,Monthly,1,Payment Issues
CUST02014,2024-01-14,Basic,37,31,Canada,36-45,Paid Ads,4,13,0,2026-08-22,Monthly,0,Not Churned
CUST02015,2025-06-07,Standard,68,14,UK,36-45,Social Media,4,12,0,2026-06-04,Monthly,0,Not Churned
CUST02016,2026-03-04,Standard,57,5,India,36-45,Social Media,3,15,0,2026-06-19,Monthly,0,Not Churned
CUST02017,2025-10-05,Basic,25,10,India,26-35,Social Media,2,19,0,2026-07-18,Monthly,0,Not Churned
CUST02018,2024-07-12,Premium,97,25,USA,36-45,Referral,6,14,1,2026-07-24,Monthly,1,Competitor
CUST02019,2023-03-20,Basic,26,41,India,36-45,Paid Ads,3,16,1,2026-06-15,Annual,1,Pricing
CUST02020,2022-11-20,Standard,62,45,India,18-25,Paid Ads,0,11,1,2026-06-20,Annual,0,Not Churned
CUST02021,2025-03-09,Premium,100,17,Canada,18-25,Organic,4,11,1,2026-07-11,Annual,1,Competitor
CUST02022,2022-05-24,Standard,67,51,UK,36-45,Social Media,6,11,0,2026-07-05,Annual,0,Not Churned
CUST02023,2024-12-09,Premium,106,20,USA,26-35,Organic,3,13,1,2026-07-18,Annual,0,Not Churned
CUST02024,2021-08-27,Basic,34,60,India,18-25,Paid Ads,4,10,1,2026-08-25,Monthly,0,Not Churned
CUST02025,2023-11-15,Standard,68,33,Australia,18-25,Social Media,4,14,1,2026-07-28,Monthly,0,Not Churned
CUST02026,2025-11-04,Basic,35,9,India,26-35,Organic,1,15,1,2026-08-22,Monthly,0,Not Churned
CUST02027,2022-06-23,Standard,56,50,Canada,56+,Partner,1,9,0,2026-08-05,Annual,0,Not Churned
CUST02028,2024-01-14,Premium,106,31,Germany,36-45,Organic,2,18,3,2026-08-29,Monthly,0,Not Churned
CUST02029,2026-03-04,Basic,38,5,Canada,36-45,Partner,3,19,0,2026-07-05,Monthly,0,Not Churned
CUST02030,2022-10-21,Standard,67,46,Germany,46-55,Paid Ads,3,11,2,2026-06-19,Annual,0,Not Churned
CUST02031,2024-03-14,Basic,31,29,UK,36-45,Organic,2,11,1,2026-06-10,Monthly,0,Not Churned
CUST02032,2022-05-24,Standard,62,51,India,36-45,Referral,2,17,2,2026-06-10,Monthly,0,Not Churned
CUST02033,2022-09-21,Standard,66,47,India,26-35,Social Media,3,9,0,2026-07-11,Monthly,0,Not Churned
CUST02034,2026-04-03,Premium,100,4,India,36-45,Paid Ads,2,14,0,2026-07-21,Monthly,0,Not Churned
CUST02035,2024-01-14,Standard,59,31,India,18-25,Referral,2,11,0,2026-06-17,Monthly,0,Not Churned
CUST02036,2026-04-03,Basic,27,4,UK,26-35,Partner,3,8,0,2026-07-13,Monthly,1,Pricing
CUST02037,2021-09-26,Basic,28,59,India,18-25,Organic,4,12,0,2026-07-09,Monthly,0,Not Churned
CUST02038,2025-02-07,Basic,31,18,Canada,26-35,Social Media,3,9,1,2026-07-22,Monthly,1,Pricing
CUST02039,2021-09-26,Basic,26,59,USA,18-25,Organic,5,13,0,2026-07-08,Monthly,0,Not Churned
CUST02040,2025-02-07,Basic,25,18,USA,26-35,Paid Ads,1,11,1,2026-08-04,Monthly,0,Not Churned
CUST02041,2023-04-19,Premium,96,40,Germany,46-55,Organic,4,16,1,2026-06-27,Monthly,0,Not Churned
CUST02042,2023-10-16,Standard,65,34,India,26-35,Paid Ads,3,12,0,2026-07-05,Annual,0,Not Churned
CUST02043,2022-08-22,Standard,60,48,Canada,46-55,Organic,4,16,0,2026-06-14,Annual,0,Not Churned
CUST02044,2025-06-07,Basic,31,14,Canada,36-45,Paid Ads,1,16,2,2026-07-18,Annual,0,Not Churned
CUST02045,2024-06-12,Premium,94,26,India,36-45,Paid Ads,3,16,0,2026-06-04,Monthly,0,Not Churned
CUST02046,2024-09-10,Standard,66,23,USA,26-35,Referral,3,7,1,2026-06-09,Monthly,0,Not Churned
CUST02047,2023-11-15,Basic,30,33,USA,46-55,Referral,2,10,0,2026-08-10,Annual,0,Not Churned
CUST02048,2025-03-09,Standard,62,17,Canada,18-25,Referral,5,17,0,2026-07-11,Monthly,0,Not Churned
CUST02049,2023-02-18,Standard,65,42,UK,36-45,Organic,2,6,0,2026-08-05,Annual,0,Not Churned
CUST02050,2023-12-15,Basic,36,32,USA,36-45,Partner,4,10,0,2026-08-29,Monthly,1,Pricing
CUST02051,2022-08-22,Standard,67,48,Canada,26-35,Paid Ads,3,16,1,2026-06-27,Annual,0,Not Churned
CUST02052,2023-09-16,Standard,67,35,India,26-35,Organic,2,18,0,2026-07-18,Monthly,0,Not Churned
CUST02053,2022-05-24,Basic,38,51,Canada,26-35,Referral,3,8,0,2026-07-04,Monthly,1,Pricing
CUST02054,2023-01-19,Premium,96,43,Australia,46-55,Referral,4,15,1,2026-08-21,Monthly,0,Not Churned
CUST02055,2021-11-25,Premium,108,57,Australia,46-55,Organic,3,7,0,2026-08-23,Annual,0,Not Churned
CUST02056,2024-02-13,Standard,56,30,Canada,46-55,Organic,4,13,0,2026-06-16,Annual,0,Not Churned
CUST02057,2025-05-08,Standard,61,15,USA,26-35,Social Media,1,13,0,2026-07-29,Monthly,0,Not Churned
CUST02058,2022-06-23,Standard,57,50,Germany,26-35,Paid Ads,3,15,0,2026-08-11,Monthly,0,Not Churned
CUST02059,2022-04-24,Standard,67,52,USA,18-25,Paid Ads,6,10,0,2026-07-29,Monthly,0,Not Churned
CUST02060,2022-05-24,Standard,61,51,UK,46-55,Partner,5,12,0,2026-06-12,Monthly,0,Not Churned
CUST02061,2026-01-03,Basic,28,7,India,26-35,Organic,2,9,0,2026-07-04,Monthly,1,Pricing
CUST02062,2026-02-02,Standard,67,6,Germany,26-35,Referral,4,14,0,2026-06-21,Annual,0,Not Churned
CUST02063,2025-11-04,Premium,96,9,UK,46-55,Paid Ads,3,8,0,2026-06-27,Monthly,0,Not Churned
CUST02064,2025-07-07,Standard,68,13,Canada,36-45,Organic,2,12,0,2026-07-05,Annual,0,Not Churned
CUST02065,2023-04-19,Basic,27,40,India,36-45,Organic,5,17,0,2026-06-03,Annual,1,Pricing
CUST02066,2025-02-07,Standard,67,18,Canada,26-35,Referral,3,17,0,2026-07-18,Monthly,1,Competitor
CUST02067,2023-09-16,Basic,27,35,Canada,26-35,Organic,2,10,0,2026-07-15,Monthly,1,Pricing
CUST02068,2026-07-02,Basic,31,1,UK,46-55,Referral,1,12,0,2026-08-03,Annual,0,Not Churned
CUST02069,2024-08-11,Basic,29,24,India,36-45,Partner,1,13,0,2026-06-09,Monthly,0,Not Churned
CUST02070,2022-06-23,Basic,30,50,USA,26-35,Social Media,2,12,1,2026-06-18,Monthly,0,Not Churned
CUST02071,2023-08-17,Standard,62,36,India,18-25,Paid Ads,6,7,0,2026-06-15,Annual,0,Not Churned
CUST02072,2022-06-23,Standard,68,50,USA,26-35,Organic,1,11,0,2026-07-21,Monthly,0,Not Churned
CUST02073,2025-04-08,Basic,29,16,India,36-45,Paid Ads,2,12,0,2026-08-24,Monthly,0,Not Churned
CUST02074,2025-02-07,Premium,96,18,India,18-25,Paid Ads,2,18,0,2026-07-27,Monthly,0,Not Churned
CUST02075,2026-05-03,Premium,108,3,India,36-45,Partner,4,7,0,2026-07-27,Annual,1,Competitor
CUST02076,2022-10-21,Premium,106,46,India,36-45,Partner,4,7,0,2026-07-21,Monthly,0,Not Churned
CUST02077,2023-02-18,Basic,26,42,India,36-45,Paid Ads,1,11,0,2026-06-13,Monthly,0,Not Churned
CUST02078,2023-07-18,Standard,64,37,Australia,18-25,Organic,4,13,0,2026-07-12,Monthly,0,Not Churned
CUST02079,2025-12-04,Premium,96,8,USA,36-45,Partner,2,7,0,2026-08-08,Annual,0,Not Churned
CUST02080,2021-10-26,Standard,65,58,USA,36-45,Social Media,2,13,2,2026-08-31,Annual,1,Payment Issues
CUST02081,2025-02-07,Basic,33,18,USA,26-35,Paid Ads,3,9,1,2026-08-15,Monthly,0,Not Churned
CUST02082,2024-03-14,Basic,25,29,UK,56+,Paid Ads,0,13,0,2026-06-17,Annual,0,Not Churned
CUST02083,2023-07-18,Standard,54,37,Germany,26-35,Paid Ads,3,11,0,2026-08-18,Monthly,1,Competitor
CUST02084,2024-05-13,Premium,104,27,India,36-45,Partner,4,11,0,2026-06-12,Monthly,0,Not Churned
CUST02085,2022-12-20,Standard,63,44,India,26-35,Organic,3,9,0,2026-08-11,Annual,0,Not Churned
CUST02086,2024-03-14,Standard,54,29,Germany,36-45,Social Media,3,11,0,2026-06-05,Monthly,0,Not Churned
CUST02087,2026-04-03,Basic,27,4,USA,36-45,Organic,4,16,0,2026-06-02,Annual,0,Not Churned
CUST02088,2025-08-06,Standard,56,12,India,18-25,Partner,2,3,0,2026-06-15,Annual,0,Not Churned
CUST02089,2025-07-07,Premium,98,13,India,36-45,Paid Ads,2,13,0,2026-07-07,Monthly,0,Not Churned
CUST02090,2025-06-07,Basic,35,14,India,36-45,Organic,1,13,1,2026-08-11,Annual,0,Not Churned
CUST02091,2025-06-07,Standard,62,14,Germany,36-45,Organic,0,6,0,2026-08-15,Monthly,0,Not Churned
CUST02092,2022-05-24,Premium,105,51,India,18-25,Referral,6,12,1,2026-08-13,Monthly,0,Not Churned
CUST02093,2025-10-05,Basic,36,10,Germany,26-35,Organic,4,13,1,2026-08-25,Monthly,0,Not Churned
CUST02094,2024-10-10,Standard,61,22,Germany,36-45,Referral,1,9,0,2026-06-24,Annual,0,Not Churned
CUST02095,2025-11-04,Basic,35,9,USA,18-25,Organic,3,8,1,2026-08-16,Monthly,0,Not Churned
CUST02096,2024-08-11,Standard,62,24,India,36-45,Organic,2,9,0,2026-07-04,Annual,0,Not Churned
CUST02097,2022-06-23,Standard,66,50,India,18-25,Paid Ads,2,15,0,2026-07-05,Annual,1,Competitor
CUST02098,2025-03-09,Standard,58,17,USA,26-35,Referral,4,11,1,2026-06-23,Monthly,0,Not Churned
CUST02099,2024-08-11,Standard,61,24,USA,46-55,Paid Ads,3,15,0,2026-08-18,Annual,0,Not Churned
CUST02100,2026-03-04,Basic,27,5,UK,36-45,Paid Ads,2,14,1,2026-08-23,Monthly,0,Not Churned
CUST02101,2023-10-16,Premium,98,34,USA,36-45,Referral,4,14,0,2026-06-19,Monthly,0,Not Churned
CUST02102,2023-02-18,Standard,68,42,Germany,46-55,Paid Ads,3,15,1,2026-06-02,Annual,0,Not Churned
CUST02103,2026-07-02,Basic,35,1,USA,36-45,Organic,2,8,0,2026-08-31,Monthly,1,Pricing
CUST02104,2024-05-13,Standard,56,27,UK,36-45,Organic,2,13,1,2026-07-06,Monthly,0,Not Churned
CUST02105,2023-04-19,Standard,58,40,Australia,56+,Organic,4,9,0,2026-08-10,Monthly,1,Competitor
CUST02106,2025-12-04,Basic,35,8,India,36-45,Referral,1,15,0,2026-08-12,Monthly,1,Pricing
CUST02107,2026-02-02,Premium,96,6,India,36-45,Paid Ads,3,13,0,2026-08-01,Annual,0,Not Churned
CUST02108,2022-03-25,Premium,98,53,India,26-35,Paid Ads,2,11,0,2026-06-11,Monthly,0,Not Churned
CUST02109,2026-03-04,Basic,34,5,India,46-55,Social Media,3,16,0,2026-07-15,Monthly,0,Not Churned
CUST02110,2022-02-23,Premium,107,54,USA,26-35,Paid Ads,2,15,0,2026-06-04,Annual,0,Not Churned
CUST02111,2022-03-25,Basic,28,53,India,18-25,Referral,4,12,0,2026-06-29,Annual,0,Not Churned
CUST02112,2025-02-07,Basic,29,18,USA,26-35,Organic,2,10,1,2026-08-28,Monthly,0,Not Churned
CUST02113,2026-01-03,Basic,32,7,Germany,18-25,Referral,4,16,1,2026-08-04,Monthly,0,Not Churned
CUST02114,2023-08-17,Premium,94,36,India,26-35,Referral,3,16,1,2026-08-24,Monthly,0,Not Churned
CUST02115,2022-01-24,Standard,65,55,USA,46-55,Social Media,2,11,1,2026-06-23,Annual,0,Not Churned
CUST02116,2023-11-15,Basic,33,33,India,36-45,Social Media,4,13,0,2026-06-17,Monthly,0,Not Churned
CUST02117,2022-02-23,Standard,67,54,India,26-35,Social Media,3,15,0,2026-06-21,Monthly,0,Not Churned
CUST02118,2023-10-16,Standard,59,34,USA,36-45,Social Media,2,11,0,2026-07-12,Annual,1,Competitor
CUST02119,2023-12-15,Basic,24,32,Germany,36-45,Paid Ads,4,13,0,2026-06-25,Monthly,0,Not Churned
CUST02120,2022-05-24,Premium,99,51,USA,36-45,Paid Ads,3,10,0,2026-08-25,Monthly,0,Not Churned
CUST02121,2026-05-03,Premium,95,3,India,26-35,Partner,3,11,0,2026-08-26,Monthly,0,Not Churned
CUST02122,2021-10-26,Standard,61,58,USA,46-55,Partner,1,10,0,2026-07-16,Annual,0,Not Churned
CUST02123,2026-07-02,Premium,104,1,India,26-35,Paid Ads,3,10,1,2026-08-11,Monthly,0,Not Churned
CUST02124,2024-11-09,Standard,56,21,India,18-25,Paid Ads,4,7,0,2026-08-05,Monthly,1,Competitor
CUST02125,2025-07-07,Premium,103,13,UK,26-35,Social Media,4,9,0,2026-06-11,Annual,1,Competitor
CUST02126,2025-12-04,Standard,67,8,India,36-45,Paid Ads,1,9,2,2026-06-21,Annual,1,Payment Issues
CUST02127,2022-12-20,Standard,59,44,USA,36-45,Organic,6,16,0,2026-06-05,Monthly,0,Not Churned
CUST02128,2024-02-13,Basic,29,30,UK,26-35,Referral,3,10,2,2026-08-09,Monthly,0,Not Churned
CUST02129,2025-12-04,Premium,108,8,USA,18-25,Organic,3,11,2,2026-08-15,Monthly,0,Not Churned
CUST02130,2021-10-26,Standard,57,58,India,36-45,Paid Ads,3,8,1,2026-06-14,Monthly,0,Not Churned
CUST02131,2021-08-27,Basic,28,60,Germany,36-45,Social Media,5,11,0,2026-08-21,Monthly,0,Not Churned
CUST02132,2024-05-13,Basic,25,27,USA,26-35,Organic,1,19,0,2026-06-13,Monthly,0,Not Churned
CUST02133,2023-05-19,Standard,63,39,Canada,46-55,Partner,5,13,0,2026-08-11,Monthly,0,Not Churned
CUST02134,2024-09-10,Standard,68,23,India,56+,Partner,1,9,0,2026-08-07,Monthly,0,Not Churned
CUST02135,2025-12-04,Standard,63,8,USA,26-35,Social Media,3,9,1,2026-08-22,Monthly,1,Competitor
CUST02136,2021-12-25,Premium,101,56,USA,36-45,Partner,4,12,0,2026-07-30,Monthly,0,Not Churned
CUST02137,2025-05-08,Basic,33,15,India,18-25,Paid Ads,3,11,3,2026-08-26,Annual,0,Not Churned
CUST02138,2022-03-25,Standard,60,53,India,36-45,Referral,6,15,0,2026-08-07,Monthly,0,Not Churned
CUST02139,2026-01-03,Basic,33,7,USA,26-35,Social Media,2,10,0,2026-06-19,Monthly,0,Not Churned
CUST02140,2025-08-06,Premium,99,12,Australia,26-35,Paid Ads,1,21,0,2026-06-29,Monthly,0,Not Churned
CUST02141,2022-06-23,Premium,100,50,UK,36-45,Paid Ads,2,11,0,2026-06-08,Annual,0,Not Churned
CUST02142,2023-08-17,Standard,65,36,India,46-55,Referral,6,13,0,2026-06-13,Monthly,0,Not Churned
CUST02143,2023-06-18,Standard,54,38,USA,18-25,Referral,5,12,0,2026-07-24,Monthly,0,Not Churned
CUST02144,2023-01-19,Basic,37,43,Australia,18-25,Social Media,3,15,1,2026-07-25,Monthly,0,Not Churned
CUST02145,2024-02-13,Standard,67,30,UK,26-35,Referral,5,11,0,2026-07-06,Monthly,0,Not Churned
CUST02146,2025-10-05,Premium,98,10,India,36-45,Referral,1,12,1,2026-06-28,Monthly,0,Not Churned
CUST02147,2025-01-08,Standard,60,19,Australia,36-45,Referral,2,10,0,2026-08-05,Monthly,0,Not Churned
CUST02148,2025-02-07,Basic,24,18,India,36-45,Paid Ads,2,17,0,2026-06-12,Monthly,0,Not Churned
CUST02149,2022-12-20,Standard,55,44,USA,36-45,Organic,5,13,0,2026-06-08,Annual,0,Not Churned
CUST02150,2022-07-23,Premium,102,49,USA,36-45,Social Media,5,6,0,2026-07-02,Monthly,0,Not Churned
CUST02151,2024-12-09,Basic,35,20,Australia,36-45,Organic,0,10,0,2026-07-07,Monthly,0,Not Churned
CUST02152,2026-06-02,Basic,26,2,Germany,36-45,Partner,1,9,2,2026-07-17,Monthly,1,Payment Issues
CUST02153,2024-02-13,Standard,59,30,Germany,36-45,Social Media,1,6,0,2026-08-27,Monthly,0,Not Churned
CUST02154,2022-05-24,Premium,108,51,India,46-55,Referral,0,10,0,2026-06-18,Monthly,0,Not Churned
CUST02155,2022-12-20,Basic,30,44,Germany,26-35,Partner,3,18,1,2026-07-27,Monthly,0,Not Churned
CUST02156,2021-10-26,Basic,32,58,India,26-35,Referral,2,11,0,2026-06-15,Monthly,0,Not Churned
CUST02157,2023-01-19,Basic,28,43,India,18-25,Organic,2,12,2,2026-06-24,Annual,0,Not Churned
CUST02158,2022-09-21,Basic,27,47,USA,46-55,Referral,1,15,0,2026-08-24,Monthly,0,Not Churned
CUST02159,2023-01-19,Standard,64,43,USA,26-35,Organic,1,13,1,2026-08-21,Annual,0,Not Churned
CUST02160,2025-09-05,Standard,65,11,UK,26-35,Paid Ads,3,6,0,2026-06-24,Annual,0,Not Churned
CUST02161,2024-10-10,Standard,68,22,USA,56+,Paid Ads,5,16,0,2026-06-14,Monthly,0,Not Churned
CUST02162,2023-02-18,Standard,55,42,Germany,46-55,Social Media,7,12,1,2026-06-14,Monthly,0,Not Churned
CUST02163,2025-01-08,Basic,26,19,India,56+,Paid Ads,3,12,1,2026-06-22,Monthly,0,Not Churned
CUST02164,2026-05-03,Premium,108,3,India,18-25,Paid Ads,5,13,0,2026-07-25,Monthly,1,Competitor
CUST02165,2026-04-03,Standard,58,4,Germany,46-55,Paid Ads,6,9,0,2026-06-02,Annual,0,Not Churned
CUST02166,2023-09-16,Premium,104,35,India,26-35,Paid Ads,3,10,0,2026-08-11,Monthly,0,Not Churned
CUST02167,2022-09-21,Standard,68,47,UK,18-25,Organic,3,19,0,2026-06-18,Monthly,0,Not Churned
CUST02168,2023-06-18,Basic,36,38,UK,26-35,Organic,3,9,3,2026-06-30,Monthly,0,Not Churned
CUST02169,2025-11-04,Standard,55,9,USA,36-45,Social Media,2,15,0,2026-08-05,Annual,0,Not Churned
CUST02170,2025-12-04,Basic,36,8,UK,18-25,Paid Ads,2,8,0,2026-06-16,Monthly,0,Not Churned
CUST02171,2023-10-16,Standard,57,34,India,36-45,Organic,4,8,2,2026-08-08,Annual,0,Not Churned
CUST02172,2022-05-24,Basic,24,51,Australia,46-55,Paid Ads,1,8,0,2026-07-31,Monthly,0,Not Churned
CUST02173,2022-09-21,Basic,27,47,India,26-35,Referral,5,12,1,2026-08-13,Monthly,0,Not Churned
CUST02174,2024-01-14,Premium,100,31,USA,26-35,Social Media,2,12,0,2026-07-28,Annual,0,Not Churned
CUST02175,2023-04-19,Basic,38,40,India,26-35,Partner,2,17,1,2026-06-24,Monthly,0,Not Churned
CUST02176,2025-01-08,Premium,107,19,USA,46-55,Referral,3,13,0,2026-07-10,Annual,0,Not Churned
CUST02177,2023-07-18,Basic,35,37,UK,18-25,Paid Ads,3,18,0,2026-07-10,Monthly,0,Not Churned
CUST02178,2023-12-15,Standard,56,32,Germany,26-35,Organic,5,8,1,2026-07-07,Annual,0,Not Churned
CUST02179,2022-12-20,Standard,63,44,Canada,26-35,Organic,0,13,1,2026-08-09,Annual,1,Competitor
CUST02180,2021-09-26,Standard,61,59,USA,46-55,Referral,5,11,0,2026-08-17,Monthly,0,Not Churned
CUST02181,2022-12-20,Basic,29,44,Germany,18-25,Paid Ads,4,13,0,2026-07-01,Monthly,0,Not Churned
CUST02182,2024-04-13,Basic,29,28,USA,26-35,Referral,0,13,0,2026-06-28,Monthly,0,Not Churned
CUST02183,2023-03-20,Basic,37,41,USA,26-35,Organic,5,13,1,2026-06-06,Annual,0,Not Churned
CUST02184,2025-02-07,Basic,38,18,USA,46-55,Paid Ads,3,14,1,2026-08-05,Monthly,0,Not Churned
CUST02185,2024-07-12,Standard,54,25,USA,26-35,Organic,1,16,0,2026-08-26,Annual,0,Not Churned
CUST02186,2025-10-05,Premium,98,10,Australia,36-45,Social Media,3,12,1,2026-08-16,Monthly,0,Not Churned
CUST02187,2026-03-04,Premium,96,5,India,18-25,Organic,5,10,1,2026-08-09,Annual,0,Not Churned
CUST02188,2025-05-08,Standard,68,15,USA,56+,Referral,3,8,1,2026-06-02,Monthly,0,Not Churned
CUST02189,2024-07-12,Standard,63,25,Canada,36-45,Organic,4,9,2,2026-07-26,Monthly,1,Payment Issues
CUST02190,2024-12-09,Standard,68,20,Australia,36-45,Paid Ads,3,10,0,2026-08-01,Monthly,0,Not Churned
CUST02191,2021-12-25,Basic,24,56,Australia,26-35,Organic,4,9,0,2026-07-11,Annual,0,Not Churned
CUST02192,2021-12-25,Premium,101,56,USA,26-35,Organic,1,12,1,2026-07-05,Monthly,0,Not Churned
CUST02193,2022-05-24,Standard,60,51,UK,26-35,Organic,4,14,1,2026-07-23,Annual,0,Not Churned
CUST02194,2022-03-25,Standard,60,53,USA,36-45,Paid Ads,5,11,1,2026-07-06,Annual,0,Not Churned
CUST02195,2025-10-05,Basic,35,10,USA,56+,Paid Ads,3,12,1,2026-08-25,Annual,0,Not Churned
CUST02196,2022-07-23,Standard,63,49,Australia,26-35,Social Media,5,17,0,2026-08-03,Monthly,0,Not Churned
CUST02197,2023-06-18,Standard,67,38,Germany,46-55,Organic,1,9,1,2026-06-23,Monthly,0,Not Churned
CUST02198,2023-03-20,Premium,103,41,Australia,18-25,Organic,2,9,0,2026-06-27,Monthly,0,Not Churned
CUST02199,2024-04-13,Standard,63,28,India,46-55,Referral,4,11,0,2026-06-06,Annual,0,Not Churned
CUST02200,2022-07-23,Basic,27,49,Australia,26-35,Referral,5,15,0,2026-08-29,Monthly,0,Not Churned
CUST02201,2022-06-23,Premium,106,50,Germany,26-35,Organic,3,6,0,2026-07-02,Monthly,0,Not Churned
CUST02202,2022-10-21,Basic,38,46,USA,26-35,Referral,5,12,2,2026-06-03,Monthly,0,Not Churned
CUST02203,2022-01-24,Standard,64,55,USA,36-45,Social Media,1,11,0,2026-06-07,Annual,0,Not Churned
CUST02204,2026-02-02,Basic,29,6,Canada,36-45,Paid Ads,5,5,0,2026-07-03,Monthly,0,Not Churned
CUST02205,2021-10-26,Standard,66,58,USA,26-35,Paid Ads,3,10,0,2026-08-19,Annual,0,Not Churned
CUST02206,2025-09-05,Premium,102,11,Germany,36-45,Organic,2,10,1,2026-06-24,Monthly,0,Not Churned
CUST02207,2025-01-08,Basic,38,19,USA,18-25,Organic,1,14,0,2026-07-27,Monthly,0,Not Churned
CUST02208,2025-04-08,Premium,107,16,UK,26-35,Partner,3,9,1,2026-06-12,Annual,0,Not Churned
CUST02209,2023-12-15,Basic,26,32,Canada,26-35,Organic,4,15,1,2026-07-09,Monthly,0,Not Churned
CUST02210,2026-06-02,Premium,108,2,USA,36-45,Organic,5,15,1,2026-08-01,Annual,0,Not Churned
CUST02211,2023-05-19,Standard,62,39,Australia,36-45,Partner,4,13,0,2026-08-14,Monthly,0,Not Churned
CUST02212,2021-10-26,Premium,97,58,USA,36-45,Referral,3,11,1,2026-08-27,Monthly,0,Not Churned
CUST02213,2024-06-12,Basic,28,26,USA,36-45,Referral,1,16,0,2026-08-23,Monthly,0,Not Churned
CUST02214,2024-11-09,Premium,100,21,India,26-35,Referral,2,16,1,2026-06-04,Annual,0,Not Churned
CUST02215,2023-06-18,Standard,59,38,USA,36-45,Referral,3,9,0,2026-08-13,Annual,0,Not Churned
CUST02216,2025-05-08,Basic,33,15,Canada,18-25,Social Media,7,8,3,2026-08-21,Monthly,0,Not Churned
CUST02217,2021-11-25,Premium,101,57,Germany,36-45,Organic,5,20,0,2026-06-03,Monthly,0,Not Churned
CUST02218,2025-07-07,Basic,31,13,India,18-25,Paid Ads,3,14,0,2026-08-20,Annual,0,Not Churned
CUST02219,2026-01-03,Premium,101,7,USA,36-45,Organic,4,7,0,2026-07-18,Annual,0,Not Churned
CUST02220,2022-04-24,Basic,26,52,India,36-45,Organic,2,12,0,2026-07-27,Annual,0,Not Churned
CUST02221,2021-09-26,Standard,68,59,UK,26-35,Paid Ads,5,8,0,2026-06-29,Annual,0,Not Churned
CUST02222,2021-11-25,Standard,67,57,Germany,36-45,Referral,4,15,0,2026-07-30,Monthly,0,Not Churned
CUST02223,2026-05-03,Basic,33,3,UK,18-25,Organic,1,8,0,2026-08-25,Monthly,0,Not Churned
CUST02224,2025-05-08,Basic,29,15,UK,26-35,Paid Ads,3,8,1,2026-08-30,Annual,0,Not Churned
CUST02225,2024-12-09,Basic,30,20,USA,36-45,Referral,3,14,0,2026-08-28,Monthly,0,Not Churned
CUST02226,2021-10-26,Standard,62,58,India,46-55,Referral,2,14,0,2026-06-10,Annual,0,Not Churned
CUST02227,2026-05-03,Basic,33,3,Canada,26-35,Social Media,0,10,0,2026-06-24,Annual,0,Not Churned
CUST02228,2021-10-26,Standard,63,58,UK,26-35,Social Media,3,12,0,2026-07-20,Annual,0,Not Churned
CUST02229,2024-05-13,Basic,37,27,UK,36-45,Partner,4,15,0,2026-07-12,Monthly,0,Not Churned
CUST02230,2025-05-08,Basic,35,15,Australia,36-45,Referral,2,12,0,2026-07-01,Monthly,0,Not Churned
CUST02231,2021-08-27,Standard,68,60,Canada,26-35,Referral,3,8,1,2026-07-04,Monthly,0,Not Churned
CUST02232,2026-05-03,Basic,27,3,Canada,46-55,Social Media,5,10,0,2026-06-27,Monthly,1,Pricing
CUST02233,2024-04-13,Premium,98,28,Germany,36-45,Social Media,4,11,0,2026-08-04,Annual,0,Not Churned
CUST02234,2022-09-21,Premium,101,47,Germany,18-25,Referral,3,18,1,2026-07-02,Monthly,0,Not Churned
CUST02235,2026-07-02,Standard,54,1,USA,26-35,Paid Ads,2,13,0,2026-06-02,Annual,0,Not Churned
CUST02236,2022-03-25,Standard,65,53,India,26-35,Organic,0,11,1,2026-06-10,Monthly,1,Competitor
CUST02237,2024-12-09,Premium,99,20,USA,36-45,Social Media,4,14,0,2026-08-26,Monthly,0,Not Churned
CUST02238,2025-09-05,Basic,38,11,Canada,26-35,Social Media,1,9,0,2026-08-10,Monthly,0,Not Churned
CUST02239,2024-07-12,Basic,27,25,India,56+,Social Media,2,9,0,2026-07-20,Monthly,0,Not Churned
CUST02240,2026-04-03,Basic,28,4,India,26-35,Organic,3,11,5,2026-06-13,Monthly,0,Not Churned
CUST02241,2025-01-08,Standard,64,19,India,36-45,Paid Ads,1,11,0,2026-08-15,Annual,0,Not Churned
CUST02242,2022-02-23,Basic,28,54,Canada,18-25,Paid Ads,4,11,1,2026-06-13,Annual,0,Not Churned
CUST02243,2021-08-27,Standard,55,60,USA,46-55,Social Media,1,7,0,2026-07-30,Monthly,0,Not Churned
CUST02244,2024-04-13,Premium,101,28,USA,36-45,Social Media,4,11,1,2026-08-05,Monthly,0,Not Churned
CUST02245,2025-10-05,Premium,108,10,India,26-35,Organic,3,6,0,2026-06-14,Annual,0,Not Churned
CUST02246,2021-09-26,Standard,55,59,Canada,46-55,Referral,2,13,1,2026-07-09,Annual,0,Not Churned
CUST02247,2024-11-09,Basic,27,21,India,26-35,Organic,9,13,0,2026-08-25,Monthly,0,Not Churned
CUST02248,2023-08-17,Premium,105,36,India,36-45,Paid Ads,2,18,0,2026-06-20,Monthly,0,Not Churned
CUST02249,2025-04-08,Standard,66,16,UK,46-55,Paid Ads,2,19,1,2026-07-13,Monthly,0,Not Churned
CUST02250,2023-11-15,Basic,28,33,USA,36-45,Social Media,5,16,0,2026-08-24,Monthly,1,Pricing
CUST02251,2021-09-26,Basic,37,59,USA,46-55,Social Media,4,14,0,2026-06-17,Monthly,1,Pricing
CUST02252,2022-11-20,Premium,94,45,UK,46-55,Paid Ads,1,11,1,2026-07-04,Monthly,0,Not Churned
CUST02253,2022-05-24,Standard,59,51,India,56+,Paid Ads,3,10,0,2026-07-03,Annual,0,Not Churned
CUST02254,2022-10-21,Premium,95,46,Canada,26-35,Referral,1,11,0,2026-08-28,Monthly,0,Not Churned
CUST02255,2025-07-07,Premium,107,13,India,26-35,Paid Ads,5,12,0,2026-08-13,Annual,0,Not Churned
CUST02256,2024-03-14,Standard,58,29,India,36-45,Partner,6,8,2,2026-08-20,Monthly,1,Payment Issues
CUST02257,2026-04-03,Standard,68,4,Canada,36-45,Social Media,4,10,0,2026-07-28,Annual,1,Competitor
CUST02258,2023-02-18,Standard,59,42,UK,36-45,Organic,1,16,0,2026-07-02,Annual,0,Not Churned
CUST02259,2024-05-13,Basic,34,27,India,18-25,Paid Ads,2,14,0,2026-08-20,Annual,0,Not Churned
CUST02260,2025-12-04,Standard,61,8,India,46-55,Organic,8,9,1,2026-07-05,Monthly,0,Not Churned
CUST02261,2023-03-20,Standard,62,41,Australia,56+,Paid Ads,2,9,0,2026-08-02,Annual,0,Not Churned
CUST02262,2022-10-21,Standard,66,46,Canada,26-35,Referral,1,12,0,2026-08-18,Monthly,0,Not Churned
CUST02263,2025-12-04,Premium,108,8,India,26-35,Organic,7,17,0,2026-07-19,Monthly,0,Not Churned
CUST02264,2024-07-12,Standard,65,25,UK,18-25,Social Media,1,20,1,2026-07-13,Annual,0,Not Churned
CUST02265,2024-06-12,Standard,59,26,India,26-35,Referral,2,13,0,2026-08-02,Annual,0,Not Churned
CUST02266,2026-07-02,Standard,58,1,USA,36-45,Partner,3,9,0,2026-08-23,Monthly,0,Not Churned
CUST02267,2023-01-19,Standard,65,43,India,46-55,Organic,8,10,0,2026-08-02,Annual,0,Not Churned
CUST02268,2022-08-22,Standard,57,48,USA,18-25,Social Media,3,7,0,2026-08-18,Monthly,0,Not Churned
CUST02269,2023-11-15,Basic,25,33,India,36-45,Social Media,3,3,0,2026-07-19,Monthly,0,Not Churned
CUST02270,2025-01-08,Standard,55,19,USA,36-45,Organic,1,14,1,2026-08-28,Monthly,0,Not Churned
CUST02271,2024-12-09,Basic,30,20,USA,26-35,Paid Ads,4,11,0,2026-07-29,Monthly,0,Not Churned
CUST02272,2025-02-07,Basic,28,18,USA,36-45,Social Media,0,12,0,2026-06-06,Monthly,0,Not Churned
CUST02273,2024-06-12,Standard,60,26,India,36-45,Paid Ads,2,13,1,2026-06-28,Monthly,0,Not Churned
CUST02274,2023-05-19,Standard,66,39,USA,46-55,Paid Ads,4,25,0,2026-06-28,Annual,0,Not Churned
CUST02275,2025-11-04,Premium,104,9,Canada,26-35,Partner,5,10,0,2026-08-15,Annual,0,Not Churned
CUST02276,2024-05-13,Standard,54,27,USA,36-45,Organic,2,13,0,2026-07-12,Monthly,0,Not Churned
CUST02277,2026-02-02,Standard,54,6,UK,26-35,Paid Ads,2,8,0,2026-08-28,Monthly,0,Not Churned
CUST02278,2024-12-09,Standard,58,20,USA,26-35,Referral,5,22,0,2026-06-30,Monthly,0,Not Churned
CUST02279,2023-06-18,Standard,55,38,USA,26-35,Referral,1,14,1,2026-07-19,Annual,0,Not Churned
CUST02280,2026-07-02,Basic,31,1,USA,26-35,Organic,2,14,0,2026-08-22,Annual,0,Not Churned
CUST02281,2023-06-18,Basic,37,38,Germany,18-25,Referral,0,11,0,2026-08-13,Monthly,0,Not Churned
CUST02282,2025-04-08,Basic,38,16,India,26-35,Referral,3,16,1,2026-06-28,Annual,0,Not Churned
CUST02283,2026-04-03,Standard,56,4,India,36-45,Referral,5,19,1,2026-08-31,Annual,0,Not Churned
CUST02284,2026-05-03,Basic,24,3,UK,36-45,Referral,3,10,0,2026-07-30,Monthly,0,Not Churned
CUST02285,2024-10-10,Basic,36,22,Germany,18-25,Organic,4,8,0,2026-07-04,Monthly,0,Not Churned
CUST02286,2025-11-04,Basic,25,9,Germany,26-35,Social Media,1,13,0,2026-08-13,Monthly,1,Pricing
CUST02287,2021-12-25,Premium,103,56,USA,36-45,Paid Ads,6,14,0,2026-08-15,Monthly,0,Not Churned
CUST02288,2021-12-25,Basic,33,56,USA,26-35,Partner,7,14,0,2026-07-30,Monthly,1,Poor Support Experience
CUST02289,2021-11-25,Standard,60,57,UK,26-35,Organic,3,10,1,2026-06-02,Monthly,0,Not Churned
CUST02290,2022-02-23,Basic,29,54,USA,36-45,Paid Ads,3,10,1,2026-06-18,Monthly,1,Pricing
CUST02291,2025-12-04,Standard,65,8,UK,18-25,Organic,5,12,0,2026-08-19,Monthly,0,Not Churned
CUST02292,2026-01-03,Basic,31,7,Australia,26-35,Referral,4,6,0,2026-07-13,Monthly,1,Pricing
CUST02293,2025-08-06,Basic,30,12,Canada,18-25,Organic,7,16,0,2026-06-19,Annual,1,Poor Support Experience
CUST02294,2026-07-02,Standard,67,1,USA,18-25,Referral,7,14,0,2026-07-18,Annual,0,Not Churned
CUST02295,2022-02-23,Basic,33,54,USA,56+,Social Media,4,7,1,2026-06-16,Annual,0,Not Churned
CUST02296,2025-08-06,Basic,36,12,UK,26-35,Organic,7,5,2,2026-08-22,Annual,0,Not Churned
CUST02297,2025-04-08,Basic,31,16,USA,36-45,Organic,3,14,0,2026-08-22,Monthly,1,Pricing
CUST02298,2025-06-07,Basic,26,14,USA,36-45,Social Media,1,12,3,2026-07-09,Monthly,0,Not Churned
CUST02299,2024-02-13,Basic,29,30,India,18-25,Paid Ads,2,10,0,2026-08-18,Monthly,0,Not Churned
CUST02300,2023-01-19,Basic,36,43,India,26-35,Paid Ads,2,13,0,2026-08-29,Monthly,1,Pricing
CUST02301,2022-04-24,Premium,100,52,USA,46-55,Organic,2,13,2,2026-06-23,Monthly,0,Not Churned
CUST02302,2025-01-08,Standard,68,19,Australia,46-55,Paid Ads,1,11,0,2026-08-05,Monthly,0,Not Churned
CUST02303,2025-01-08,Standard,63,19,India,26-35,Organic,0,8,0,2026-08-24,Annual,0,Not Churned
CUST02304,2025-07-07,Basic,34,13,USA,26-35,Referral,6,12,1,2026-08-05,Monthly,0,Not Churned
CUST02305,2022-12-20,Premium,94,44,India,36-45,Paid Ads,2,15,1,2026-06-13,Monthly,0,Not Churned
CUST02306,2025-10-05,Basic,24,10,India,26-35,Social Media,5,9,0,2026-07-06,Annual,0,Not Churned
CUST02307,2022-09-21,Basic,30,47,Germany,18-25,Paid Ads,0,11,0,2026-07-30,Monthly,0,Not Churned
CUST02308,2024-03-14,Standard,66,29,Australia,26-35,Paid Ads,3,9,0,2026-08-20,Monthly,0,Not Churned
CUST02309,2024-04-13,Basic,34,28,India,26-35,Organic,2,13,1,2026-07-19,Monthly,0,Not Churned
CUST02310,2025-07-07,Basic,36,13,UK,18-25,Partner,1,20,0,2026-07-10,Monthly,0,Not Churned
CUST02311,2022-11-20,Standard,56,45,India,26-35,Paid Ads,2,13,0,2026-07-01,Monthly,0,Not Churned
CUST02312,2021-12-25,Premium,96,56,Germany,36-45,Organic,1,10,0,2026-07-09,Monthly,0,Not Churned
CUST02313,2025-05-08,Standard,68,15,India,36-45,Organic,4,14,0,2026-08-16,Monthly,0,Not Churned
CUST02314,2025-03-09,Standard,58,17,India,18-25,Organic,3,14,0,2026-08-07,Annual,1,Competitor
CUST02315,2024-09-10,Premium,108,23,USA,26-35,Organic,4,10,0,2026-06-11,Annual,0,Not Churned
CUST02316,2023-01-19,Basic,34,43,Australia,36-45,Paid Ads,1,7,1,2026-07-20,Monthly,1,Pricing
CUST02317,2025-10-05,Basic,29,10,India,18-25,Paid Ads,0,10,1,2026-08-20,Monthly,0,Not Churned
CUST02318,2023-08-17,Basic,25,36,UK,18-25,Partner,3,9,1,2026-07-09,Annual,0,Not Churned
CUST02319,2022-07-23,Standard,56,49,India,26-35,Organic,3,11,0,2026-06-13,Annual,0,Not Churned
CUST02320,2025-06-07,Standard,59,14,Australia,26-35,Social Media,4,17,0,2026-08-24,Monthly,0,Not Churned
CUST02321,2023-12-15,Premium,96,32,India,46-55,Paid Ads,4,14,0,2026-08-15,Monthly,0,Not Churned
CUST02322,2023-10-16,Standard,67,34,Australia,36-45,Organic,4,11,0,2026-06-09,Monthly,0,Not Churned
CUST02323,2024-01-14,Standard,58,31,USA,26-35,Partner,6,16,0,2026-07-29,Monthly,0,Not Churned
CUST02324,2023-05-19,Basic,32,39,USA,36-45,Social Media,3,15,0,2026-06-27,Monthly,0,Not Churned
CUST02325,2023-12-15,Premium,105,32,Germany,26-35,Referral,4,22,0,2026-06-02,Annual,0,Not Churned
CUST02326,2025-04-08,Premium,96,16,Germany,18-25,Referral,1,10,0,2026-07-01,Annual,1,Competitor
CUST02327,2024-06-12,Premium,105,26,UK,26-35,Partner,0,16,1,2026-06-23,Annual,0,Not Churned
CUST02328,2025-03-09,Basic,34,17,India,36-45,Referral,5,8,0,2026-07-09,Monthly,0,Not Churned
CUST02329,2024-10-10,Standard,66,22,USA,18-25,Organic,4,11,0,2026-07-28,Monthly,0,Not Churned
CUST02330,2023-08-17,Basic,36,36,USA,26-35,Organic,2,15,0,2026-07-25,Monthly,0,Not Churned
CUST02331,2023-09-16,Basic,29,35,USA,26-35,Referral,4,13,1,2026-08-04,Monthly,0,Not Churned
CUST02332,2024-09-10,Basic,34,23,USA,26-35,Referral,1,12,1,2026-06-29,Monthly,0,Not Churned
CUST02333,2024-07-12,Standard,58,25,India,36-45,Referral,3,9,0,2026-07-04,Monthly,1,Competitor
CUST02334,2026-03-04,Standard,58,5,UK,46-55,Organic,0,10,0,2026-07-10,Monthly,1,Competitor
CUST02335,2026-02-02,Basic,34,6,UK,36-45,Partner,3,10,0,2026-06-22,Annual,0,Not Churned
CUST02336,2022-01-24,Basic,37,55,India,36-45,Referral,2,13,2,2026-08-21,Monthly,1,Payment Issues
CUST02337,2024-06-12,Standard,67,26,USA,46-55,Referral,7,9,0,2026-07-14,Monthly,1,Poor Support Experience
CUST02338,2021-08-27,Basic,29,60,USA,18-25,Organic,1,15,0,2026-06-26,Annual,1,Pricing
CUST02339,2023-06-18,Basic,29,38,UK,26-35,Partner,3,10,0,2026-08-15,Annual,0,Not Churned
CUST02340,2026-02-02,Standard,54,6,India,26-35,Referral,2,13,0,2026-08-25,Monthly,1,Competitor
CUST02341,2025-01-08,Standard,64,19,UK,26-35,Referral,4,12,0,2026-08-16,Monthly,0,Not Churned
CUST02342,2023-01-19,Basic,38,43,India,26-35,Partner,2,14,0,2026-08-27,Annual,0,Not Churned
CUST02343,2025-01-08,Basic,32,19,USA,26-35,Partner,1,13,3,2026-06-24,Monthly,1,Payment Issues
CUST02344,2022-10-21,Basic,28,46,Canada,18-25,Organic,1,17,0,2026-07-20,Annual,0,Not Churned
CUST02345,2022-09-21,Premium,94,47,UK,36-45,Partner,4,9,0,2026-06-28,Monthly,1,Competitor
CUST02346,2024-01-14,Standard,61,31,India,46-55,Referral,4,11,1,2026-08-26,Monthly,0,Not Churned
CUST02347,2023-07-18,Standard,60,37,USA,26-35,Organic,1,17,1,2026-08-19,Monthly,0,Not Churned
CUST02348,2024-09-10,Basic,30,23,Germany,18-25,Organic,2,10,1,2026-07-22,Annual,0,Not Churned
CUST02349,2025-08-06,Standard,68,12,India,36-45,Paid Ads,5,19,0,2026-06-06,Annual,0,Not Churned
CUST02350,2025-07-07,Basic,37,13,Australia,26-35,Referral,4,13,0,2026-08-09,Monthly,0,Not Churned
CUST02351,2024-10-10,Standard,58,22,UK,26-35,Referral,3,13,1,2026-08-04,Monthly,0,Not Churned
CUST02352,2022-06-23,Premium,94,50,Canada,26-35,Organic,1,15,0,2026-08-24,Monthly,0,Not Churned
CUST02353,2026-05-03,Standard,62,3,India,36-45,Social Media,6,13,0,2026-08-18,Annual,0,Not Churned
CUST02354,2025-08-06,Premium,104,12,India,46-55,Social Media,4,13,0,2026-08-28,Annual,0,Not Churned
CUST02355,2023-07-18,Standard,62,37,Australia,36-45,Referral,2,6,0,2026-06-24,Monthly,0,Not Churned
CUST02356,2024-01-14,Basic,31,31,USA,26-35,Partner,6,18,1,2026-08-28,Annual,1,Pricing
CUST02357,2025-07-07,Premium,98,13,India,26-35,Social Media,3,18,1,2026-08-06,Monthly,0,Not Churned
CUST02358,2024-09-10,Basic,37,23,UK,18-25,Organic,4,17,0,2026-07-28,Monthly,0,Not Churned
CUST02359,2025-07-07,Standard,56,13,India,46-55,Social Media,5,10,0,2026-08-25,Monthly,0,Not Churned
CUST02360,2026-02-02,Basic,31,6,Canada,36-45,Partner,1,11,0,2026-07-20,Monthly,0,Not Churned
CUST02361,2022-08-22,Basic,24,48,UK,18-25,Organic,0,12,0,2026-07-26,Annual,0,Not Churned
CUST02362,2021-10-26,Standard,56,58,Australia,36-45,Partner,5,13,0,2026-08-21,Monthly,0,Not Churned
CUST02363,2026-05-03,Basic,35,3,Canada,26-35,Organic,1,13,1,2026-08-09,Annual,0,Not Churned
CUST02364,2026-01-03,Standard,64,7,India,56+,Paid Ads,2,8,0,2026-08-03,Annual,0,Not Churned
CUST02365,2022-03-25,Standard,60,53,USA,46-55,Social Media,2,16,0,2026-08-10,Annual,0,Not Churned
CUST02366,2025-10-05,Basic,37,10,Canada,26-35,Social Media,7,6,1,2026-06-16,Monthly,0,Not Churned
CUST02367,2024-01-14,Basic,38,31,USA,36-45,Referral,5,14,0,2026-06-02,Annual,0,Not Churned
CUST02368,2026-04-03,Standard,57,4,Germany,26-35,Paid Ads,1,12,0,2026-07-20,Monthly,0,Not Churned
CUST02369,2022-12-20,Basic,30,44,Canada,26-35,Referral,4,6,2,2026-07-11,Annual,1,Payment Issues
CUST02370,2026-02-02,Standard,65,6,India,36-45,Referral,2,7,0,2026-06-16,Monthly,0,Not Churned
CUST02371,2025-02-07,Standard,64,18,Australia,36-45,Paid Ads,0,13,1,2026-08-09,Annual,0,Not Churned
CUST02372,2026-01-03,Premium,106,7,India,18-25,Referral,2,9,1,2026-08-28,Annual,0,Not Churned
CUST02373,2023-10-16,Standard,67,34,India,36-45,Social Media,0,21,0,2026-07-01,Annual,1,Competitor
CUST02374,2024-09-10,Standard,58,23,Canada,36-45,Paid Ads,4,8,1,2026-07-30,Monthly,1,Competitor
CUST02375,2025-12-04,Standard,59,8,Australia,18-25,Paid Ads,1,7,0,2026-06-14,Monthly,0,Not Churned
CUST02376,2022-06-23,Basic,37,50,USA,26-35,Organic,5,8,1,2026-07-23,Monthly,0,Not Churned
CUST02377,2024-08-11,Basic,30,24,India,36-45,Referral,2,12,0,2026-06-02,Monthly,1,Pricing
CUST02378,2024-04-13,Standard,68,28,USA,18-25,Organic,0,15,0,2026-07-01,Monthly,0,Not Churned
CUST02379,2022-11-20,Standard,66,45,India,46-55,Paid Ads,3,13,0,2026-07-25,Annual,1,Competitor
CUST02380,2022-01-24,Standard,63,55,India,18-25,Organic,3,6,3,2026-06-03,Annual,0,Not Churned
CUST02381,2026-05-03,Premium,105,3,India,18-25,Organic,2,13,2,2026-07-17,Monthly,1,Payment Issues
CUST02382,2025-07-07,Premium,100,13,UK,18-25,Paid Ads,4,11,0,2026-07-24,Annual,0,Not Churned
CUST02383,2023-05-19,Premium,100,39,Australia,36-45,Paid Ads,3,10,1,2026-08-20,Annual,0,Not Churned
CUST02384,2023-11-15,Standard,60,33,India,36-45,Paid Ads,1,6,1,2026-06-17,Annual,0,Not Churned
CUST02385,2022-06-23,Basic,34,50,India,26-35,Organic,1,14,1,2026-07-14,Annual,0,Not Churned
CUST02386,2022-03-25,Standard,66,53,Australia,26-35,Partner,2,6,1,2026-08-23,Annual,0,Not Churned
CUST02387,2025-04-08,Basic,36,16,Canada,46-55,Organic,6,10,1,2026-08-05,Monthly,1,Pricing
CUST02388,2025-09-05,Standard,60,11,Germany,18-25,Social Media,5,4,0,2026-06-10,Annual,0,Not Churned
CUST02389,2024-03-14,Standard,56,29,India,26-35,Referral,1,16,1,2026-08-26,Monthly,0,Not Churned
CUST02390,2024-07-12,Standard,68,25,India,18-25,Organic,4,14,0,2026-07-23,Annual,0,Not Churned
CUST02391,2025-03-09,Basic,35,17,USA,18-25,Paid Ads,4,19,0,2026-07-25,Annual,1,Pricing
CUST02392,2023-07-18,Basic,26,37,UK,26-35,Partner,1,10,1,2026-07-02,Monthly,1,Pricing
CUST02393,2026-02-02,Standard,60,6,USA,26-35,Referral,3,18,1,2026-06-07,Monthly,0,Not Churned
CUST02394,2022-10-21,Basic,37,46,USA,26-35,Organic,2,11,0,2026-06-20,Monthly,0,Not Churned
CUST02395,2025-06-07,Premium,95,14,India,46-55,Paid Ads,5,9,0,2026-08-01,Monthly,0,Not Churned
CUST02396,2025-01-08,Basic,37,19,USA,26-35,Paid Ads,3,15,0,2026-06-08,Monthly,0,Not Churned
CUST02397,2023-07-18,Basic,25,37,UK,36-45,Social Media,0,12,0,2026-06-10,Annual,0,Not Churned
CUST02398,2022-06-23,Basic,26,50,USA,36-45,Partner,1,8,0,2026-07-31,Monthly,0,Not Churned
CUST02399,2023-01-19,Standard,67,43,UK,26-35,Organic,1,8,0,2026-06-08,Annual,0,Not Churned
CUST02400,2021-12-25,Standard,57,56,USA,36-45,Paid Ads,0,11,0,2026-06-13,Monthly,0,Not Churned
CUST02401,2025-08-06,Basic,29,12,India,26-35,Organic,3,5,0,2026-08-17,Monthly,0,Not Churned
CUST02402,2025-01-08,Basic,36,19,India,18-25,Partner,4,13,1,2026-06-06,Annual,0,Not Churned
CUST02403,2024-11-09,Standard,61,21,USA,46-55,Referral,1,17,0,2026-07-29,Monthly,0,Not Churned
CUST02404,2024-03-14,Basic,33,29,India,36-45,Social Media,3,10,2,2026-06-02,Monthly,1,Payment Issues
CUST02405,2024-04-13,Standard,63,28,UK,46-55,Paid Ads,3,6,0,2026-08-24,Monthly,0,Not Churned
CUST02406,2025-03-09,Standard,60,17,Australia,46-55,Referral,4,15,2,2026-08-05,Monthly,0,Not Churned
CUST02407,2022-03-25,Basic,27,53,USA,18-25,Organic,0,11,0,2026-07-02,Monthly,0,Not Churned
CUST02408,2022-07-23,Basic,25,49,India,26-35,Partner,5,16,1,2026-08-28,Monthly,0,Not Churned
CUST02409,2021-11-25,Premium,95,57,Germany,18-25,Paid Ads,3,11,0,2026-07-20,Monthly,0,Not Churned
CUST02410,2026-06-02,Standard,68,2,India,46-55,Social Media,7,9,2,2026-08-19,Monthly,0,Not Churned
CUST02411,2026-02-02,Standard,57,6,India,46-55,Organic,3,12,0,2026-07-01,Annual,0,Not Churned
CUST02412,2024-07-12,Basic,29,25,USA,36-45,Referral,2,12,3,2026-06-13,Monthly,0,Not Churned
CUST02413,2025-01-08,Standard,56,19,Canada,18-25,Paid Ads,1,13,1,2026-08-09,Annual,0,Not Churned
CUST02414,2026-02-02,Basic,29,6,India,18-25,Organic,0,20,0,2026-06-25,Monthly,0,Not Churned
CUST02415,2026-07-02,Standard,58,1,USA,46-55,Paid Ads,2,12,1,2026-08-15,Annual,0,Not Churned
CUST02416,2022-10-21,Premium,98,46,USA,46-55,Referral,3,10,0,2026-08-05,Monthly,0,Not Churned
CUST02417,2022-01-24,Basic,25,55,India,26-35,Organic,6,7,1,2026-08-14,Monthly,0,Not Churned
CUST02418,2023-10-16,Basic,31,34,India,18-25,Organic,3,14,1,2026-06-16,Monthly,0,Not Churned
CUST02419,2024-11-09,Basic,28,21,Canada,26-35,Paid Ads,2,23,0,2026-08-16,Monthly,0,Not Churned
CUST02420,2024-11-09,Basic,34,21,UK,18-25,Paid Ads,2,12,0,2026-08-09,Annual,0,Not Churned
CUST02421,2022-12-20,Basic,25,44,India,46-55,Paid Ads,6,13,0,2026-06-12,Monthly,0,Not Churned
CUST02422,2022-07-23,Basic,30,49,India,26-35,Paid Ads,2,6,0,2026-07-04,Monthly,0,Not Churned
CUST02423,2024-05-13,Standard,66,27,UK,36-45,Organic,5,23,0,2026-08-24,Annual,0,Not Churned
CUST02424,2024-09-10,Standard,68,23,Canada,26-35,Organic,2,8,0,2026-07-16,Monthly,0,Not Churned
CUST02425,2023-08-17,Basic,32,36,India,26-35,Social Media,4,14,0,2026-07-20,Monthly,0,Not Churned
CUST02426,2023-08-17,Premium,102,36,USA,26-35,Organic,2,10,0,2026-07-31,Monthly,0,Not Churned
CUST02427,2023-12-15,Basic,24,32,India,36-45,Referral,4,15,0,2026-07-30,Monthly,0,Not Churned
CUST02428,2023-05-19,Premium,100,39,India,36-45,Paid Ads,9,16,1,2026-06-03,Monthly,1,Poor Support Experience
CUST02429,2021-10-26,Basic,32,58,India,26-35,Partner,4,21,0,2026-08-08,Annual,1,Pricing
CUST02430,2022-11-20,Premium,99,45,Canada,26-35,Organic,5,11,3,2026-08-18,Monthly,0,Not Churned
CUST02431,2025-03-09,Standard,54,17,USA,18-25,Social Media,2,14,0,2026-08-17,Annual,0,Not Churned
CUST02432,2025-06-07,Premium,95,14,Canada,18-25,Paid Ads,2,8,0,2026-07-29,Annual,0,Not Churned
CUST02433,2024-10-10,Premium,97,22,UK,36-45,Organic,5,13,2,2026-08-14,Annual,0,Not Churned
CUST02434,2025-03-09,Basic,37,17,Australia,36-45,Organic,4,14,0,2026-06-17,Monthly,0,Not Churned
CUST02435,2024-03-14,Premium,97,29,India,26-35,Paid Ads,2,17,0,2026-08-17,Monthly,0,Not Churned
CUST02436,2022-08-22,Basic,25,48,India,46-55,Paid Ads,2,11,1,2026-08-14,Monthly,0,Not Churned
CUST02437,2022-08-22,Basic,31,48,Germany,36-45,Paid Ads,4,13,1,2026-08-26,Annual,0,Not Churned
CUST02438,2023-06-18,Basic,25,38,UK,26-35,Partner,3,12,0,2026-08-04,Annual,0,Not Churned
CUST02439,2024-06-12,Standard,56,26,Australia,26-35,Paid Ads,1,12,1,2026-06-10,Monthly,0,Not Churned
CUST02440,2024-01-14,Basic,37,31,India,46-55,Paid Ads,4,11,2,2026-07-29,Annual,0,Not Churned
CUST02441,2023-10-16,Standard,57,34,USA,36-45,Social Media,3,14,0,2026-08-12,Monthly,1,Competitor
CUST02442,2021-10-26,Standard,62,58,Canada,18-25,Social Media,4,13,1,2026-08-04,Annual,0,Not Churned
CUST02443,2024-05-13,Standard,63,27,India,36-45,Organic,2,9,0,2026-08-01,Annual,1,Competitor
CUST02444,2025-03-09,Premium,94,17,USA,26-35,Referral,2,11,0,2026-08-24,Annual,0,Not Churned
CUST02445,2021-12-25,Standard,61,56,USA,46-55,Paid Ads,4,16,0,2026-06-11,Annual,0,Not Churned
CUST02446,2024-09-10,Basic,35,23,India,46-55,Organic,1,8,0,2026-07-16,Monthly,0,Not Churned
CUST02447,2023-10-16,Basic,38,34,India,36-45,Organic,5,11,0,2026-08-27,Monthly,0,Not Churned
CUST02448,2025-02-07,Basic,37,18,India,36-45,Organic,5,19,0,2026-06-12,Monthly,0,Not Churned
CUST02449,2024-11-09,Basic,28,21,India,18-25,Paid Ads,6,15,2,2026-07-22,Annual,0,Not Churned
CUST02450,2024-12-09,Basic,30,20,UK,36-45,Organic,4,9,0,2026-07-22,Annual,0,Not Churned
CUST02451,2023-12-15,Basic,31,32,India,36-45,Paid Ads,2,12,0,2026-08-10,Monthly,1,Pricing
CUST02452,2025-08-06,Premium,108,12,India,26-35,Referral,2,9,1,2026-06-23,Monthly,0,Not Churned
CUST02453,2026-04-03,Standard,58,4,Australia,36-45,Referral,4,10,1,2026-08-08,Monthly,0,Not Churned
CUST02454,2025-11-04,Basic,31,9,USA,46-55,Referral,1,4,0,2026-06-29,Monthly,0,Not Churned
CUST02455,2025-09-05,Standard,63,11,USA,26-35,Referral,6,15,0,2026-08-12,Monthly,0,Not Churned
CUST02456,2022-07-23,Basic,34,49,Canada,18-25,Social Media,1,13,0,2026-06-24,Annual,1,Pricing
CUST02457,2024-02-13,Standard,61,30,Australia,36-45,Social Media,7,19,1,2026-07-30,Monthly,1,Poor Support Experience
CUST02458,2022-11-20,Standard,62,45,India,46-55,Social Media,1,14,0,2026-07-28,Monthly,0,Not Churned
CUST02459,2024-06-12,Standard,55,26,USA,46-55,Organic,3,12,1,2026-08-09,Monthly,0,Not Churned
CUST02460,2021-11-25,Standard,56,57,UK,36-45,Organic,0,8,1,2026-08-24,Annual,0,Not Churned
CUST02461,2023-12-15,Premium,94,32,India,46-55,Paid Ads,6,13,0,2026-07-12,Annual,0,Not Churned
CUST02462,2024-04-13,Premium,97,28,Canada,36-45,Paid Ads,8,6,0,2026-08-16,Monthly,0,Not Churned
CUST02463,2022-05-24,Standard,68,51,Germany,18-25,Organic,2,12,0,2026-08-16,Monthly,0,Not Churned
CUST02464,2023-04-19,Standard,68,40,Germany,36-45,Organic,2,10,0,2026-07-19,Monthly,0,Not Churned
CUST02465,2023-07-18,Standard,58,37,India,26-35,Partner,6,13,1,2026-06-27,Annual,0,Not Churned
CUST02466,2023-02-18,Basic,34,42,India,26-35,Paid Ads,4,15,0,2026-07-11,Annual,0,Not Churned
CUST02467,2022-09-21,Basic,24,47,Germany,26-35,Paid Ads,4,9,0,2026-07-17,Annual,0,Not Churned
CUST02468,2022-05-24,Basic,31,51,USA,26-35,Organic,2,19,1,2026-08-07,Monthly,0,Not Churned
CUST02469,2021-11-25,Standard,55,57,India,26-35,Referral,2,8,0,2026-06-13,Monthly,0,Not Churned
CUST02470,2023-03-20,Standard,54,41,UK,26-35,Paid Ads,3,13,0,2026-06-26,Monthly,0,Not Churned
CUST02471,2025-04-08,Basic,25,16,India,26-35,Organic,1,13,1,2026-06-02,Monthly,0,Not Churned
CUST02472,2022-08-22,Premium,108,48,India,18-25,Partner,0,19,0,2026-07-12,Annual,0,Not Churned
CUST02473,2025-12-04,Premium,106,8,Australia,26-35,Social Media,1,14,0,2026-08-17,Monthly,0,Not Churned
CUST02474,2026-05-03,Standard,58,3,India,36-45,Referral,4,12,0,2026-08-28,Monthly,0,Not Churned
CUST02475,2026-05-03,Standard,62,3,India,46-55,Partner,2,11,0,2026-08-31,Monthly,0,Not Churned
CUST02476,2025-10-05,Premium,102,10,India,46-55,Paid Ads,2,5,1,2026-07-09,Annual,0,Not Churned
CUST02477,2025-08-06,Basic,25,12,UK,26-35,Referral,6,13,1,2026-07-08,Annual,1,Pricing
CUST02478,2025-05-08,Standard,55,15,India,36-45,Organic,8,6,0,2026-08-16,Monthly,0,Not Churned
CUST02479,2022-09-21,Basic,26,47,USA,26-35,Referral,2,18,0,2026-08-23,Monthly,1,Pricing
CUST02480,2024-05-13,Standard,60,27,UK,18-25,Organic,5,10,0,2026-08-31,Monthly,0,Not Churned
CUST02481,2021-10-26,Basic,34,58,Australia,36-45,Organic,3,16,0,2026-06-05,Monthly,0,Not Churned
CUST02482,2022-05-24,Premium,96,51,India,36-45,Paid Ads,3,8,0,2026-07-22,Annual,0,Not Churned
CUST02483,2022-10-21,Premium,94,46,Canada,46-55,Organic,6,14,0,2026-06-03,Annual,0,Not Churned
CUST02484,2025-09-05,Basic,37,11,India,36-45,Paid Ads,5,12,0,2026-06-09,Annual,0,Not Churned
CUST02485,2026-02-02,Standard,67,6,UK,26-35,Paid Ads,4,14,1,2026-07-19,Annual,0,Not Churned
CUST02486,2025-08-06,Premium,107,12,USA,46-55,Referral,8,11,0,2026-07-15,Annual,0,Not Churned
CUST02487,2025-02-07,Standard,59,18,India,36-45,Organic,4,10,0,2026-07-26,Annual,1,Competitor
CUST02488,2024-07-12,Premium,96,25,UK,46-55,Organic,0,18,2,2026-08-18,Annual,0,Not Churned
CUST02489,2023-10-16,Standard,54,34,India,36-45,Referral,5,12,0,2026-08-04,Annual,1,Competitor
CUST02490,2024-06-12,Basic,37,26,India,26-35,Referral,4,14,1,2026-08-15,Monthly,0,Not Churned
CUST02491,2024-08-11,Basic,36,24,USA,18-25,Organic,1,11,1,2026-07-30,Monthly,1,Pricing
CUST02492,2021-10-26,Basic,27,58,UK,26-35,Paid Ads,2,11,0,2026-07-19,Monthly,0,Not Churned
CUST02493,2025-04-08,Standard,66,16,India,18-25,Social Media,2,11,0,2026-06-28,Annual,0,Not Churned
CUST02494,2023-08-17,Basic,24,36,India,26-35,Organic,3,15,0,2026-06-24,Monthly,0,Not Churned
CUST02495,2023-08-17,Standard,54,36,India,26-35,Paid Ads,3,22,0,2026-07-18,Monthly,1,Competitor
CUST02496,2024-11-09,Standard,65,21,USA,46-55,Paid Ads,1,10,0,2026-07-26,Monthly,1,Competitor
CUST02497,2024-02-13,Standard,55,30,USA,46-55,Partner,4,15,0,2026-08-25,Annual,0,Not Churned
CUST02498,2022-07-23,Premium,103,49,India,36-45,Organic,2,11,2,2026-06-18,Annual,0,Not Churned
CUST02499,2024-12-09,Premium,101,20,India,18-25,Paid Ads,0,12,1,2026-06-25,Annual,0,Not Churned
CUST02500,2022-02-23,Standard,55,54,USA,26-35,Social Media,1,15,0,2026-06-17,Monthly,0,Not Churned
CUST02501,2021-08-27,Premium,104,60,Canada,36-45,Paid Ads,4,8,0,2026-06-03,Monthly,0,Not Churned
CUST02502,2023-02-18,Standard,55,42,UK,18-25,Paid Ads,4,13,0,2026-06-03,Monthly,0,Not Churned
CUST02503,2022-06-23,Standard,68,50,Australia,46-55,Organic,7,9,0,2026-08-08,Annual,0,Not Churned
CUST02504,2021-09-26,Premium,104,59,India,46-55,Partner,2,14,1,2026-06-15,Annual,1,Competitor
CUST02505,2025-01-08,Basic,34,19,Germany,26-35,Social Media,7,14,1,2026-07-31,Annual,0,Not Churned
CUST02506,2025-09-05,Basic,33,11,India,36-45,Referral,3,11,0,2026-07-01,Monthly,0,Not Churned
CUST02507,2025-06-07,Premium,103,14,Germany,18-25,Organic,3,12,1,2026-08-03,Annual,0,Not Churned
CUST02508,2023-08-17,Standard,61,36,India,36-45,Organic,3,7,0,2026-07-22,Monthly,0,Not Churned
CUST02509,2025-04-08,Premium,105,16,USA,18-25,Paid Ads,2,11,0,2026-07-05,Monthly,1,Competitor
CUST02510,2026-05-03,Premium,99,3,USA,26-35,Organic,5,12,2,2026-06-21,Annual,0,Not Churned
CUST02511,2021-11-25,Basic,35,57,USA,36-45,Referral,7,7,0,2026-06-12,Monthly,0,Not Churned
CUST02512,2024-10-10,Premium,104,22,Australia,36-45,Referral,4,13,0,2026-08-05,Annual,0,Not Churned
CUST02513,2023-01-19,Standard,57,43,Canada,36-45,Social Media,2,10,0,2026-07-18,Annual,0,Not Churned
CUST02514,2026-03-04,Standard,56,5,Germany,26-35,Organic,2,6,0,2026-06-18,Monthly,0,Not Churned
CUST02515,2022-03-25,Standard,54,53,UK,36-45,Referral,2,10,0,2026-07-28,Monthly,0,Not Churned
CUST02516,2026-06-02,Premium,104,2,USA,36-45,Social Media,3,9,0,2026-07-18,Monthly,0,Not Churned
CUST02517,2025-08-06,Basic,26,12,India,56+,Paid Ads,1,14,0,2026-06-10,Annual,1,Pricing
CUST02518,2022-11-20,Standard,65,45,Germany,46-55,Social Media,0,8,0,2026-07-08,Monthly,0,Not Churned
CUST02519,2021-11-25,Standard,67,57,USA,36-45,Organic,3,9,0,2026-06-06,Monthly,0,Not Churned
CUST02520,2026-06-02,Standard,62,2,UK,36-45,Referral,2,16,0,2026-07-14,Annual,0,Not Churned
CUST02521,2023-07-18,Standard,58,37,USA,36-45,Partner,1,9,3,2026-06-05,Monthly,0,Not Churned
CUST02522,2022-01-24,Basic,36,55,USA,18-25,Paid Ads,2,12,0,2026-06-08,Monthly,1,Pricing
CUST02523,2025-01-08,Basic,29,19,Germany,26-35,Paid Ads,2,14,1,2026-08-25,Monthly,1,Pricing
CUST02524,2024-08-11,Basic,28,24,India,46-55,Organic,2,13,0,2026-07-12,Monthly,0,Not Churned
CUST02525,2026-03-04,Premium,94,5,India,46-55,Referral,5,9,0,2026-08-21,Monthly,0,Not Churned
CUST02526,2024-06-12,Basic,33,26,India,36-45,Referral,3,9,0,2026-07-21,Annual,0,Not Churned
CUST02527,2024-04-13,Basic,24,28,Canada,26-35,Organic,4,7,0,2026-07-21,Monthly,0,Not Churned
CUST02528,2023-09-16,Premium,97,35,India,18-25,Social Media,1,16,0,2026-08-23,Annual,0,Not Churned
CUST02529,2025-01-08,Basic,38,19,India,26-35,Social Media,3,12,0,2026-07-27,Monthly,0,Not Churned
CUST02530,2024-01-14,Premium,96,31,India,26-35,Partner,0,14,1,2026-07-21,Annual,0,Not Churned
CUST02531,2025-01-08,Standard,64,19,USA,26-35,Paid Ads,2,11,0,2026-07-11,Annual,0,Not Churned
CUST02532,2023-01-19,Premium,101,43,USA,46-55,Paid Ads,1,12,0,2026-07-17,Monthly,1,Competitor
CUST02533,2022-12-20,Basic,35,44,India,18-25,Social Media,2,11,0,2026-08-07,Monthly,1,Pricing
CUST02534,2025-01-08,Basic,35,19,Germany,36-45,Paid Ads,2,15,0,2026-06-10,Monthly,1,Pricing
CUST02535,2024-12-09,Standard,60,20,Germany,26-35,Referral,3,6,0,2026-06-07,Annual,0,Not Churned
CUST02536,2023-02-18,Premium,108,42,India,56+,Referral,3,7,1,2026-08-27,Monthly,0,Not Churned
CUST02537,2025-03-09,Standard,64,17,Canada,46-55,Paid Ads,2,17,0,2026-06-13,Monthly,1,Competitor
CUST02538,2025-08-06,Basic,38,12,USA,26-35,Organic,3,14,1,2026-07-15,Monthly,0,Not Churned
CUST02539,2023-09-16,Standard,60,35,India,56+,Organic,4,17,1,2026-08-29,Monthly,0,Not Churned
CUST02540,2024-06-12,Standard,68,26,India,36-45,Paid Ads,3,14,0,2026-06-11,Annual,0,Not Churned
CUST02541,2021-10-26,Standard,61,58,USA,26-35,Paid Ads,1,18,0,2026-08-27,Annual,0,Not Churned
CUST02542,2022-03-25,Standard,67,53,USA,36-45,Social Media,3,10,0,2026-07-07,Monthly,0,Not Churned
CUST02543,2025-12-04,Premium,103,8,India,26-35,Paid Ads,2,9,1,2026-07-25,Monthly,1,Competitor
CUST02544,2023-04-19,Standard,60,40,Canada,36-45,Organic,0,11,0,2026-06-15,Monthly,0,Not Churned
CUST02545,2024-07-12,Basic,33,25,USA,46-55,Paid Ads,3,13,1,2026-07-20,Monthly,1,Pricing
CUST02546,2024-07-12,Standard,55,25,UK,36-45,Organic,3,11,0,2026-07-01,Annual,0,Not Churned
CUST02547,2022-11-20,Basic,27,45,India,26-35,Organic,1,14,0,2026-08-21,Monthly,0,Not Churned
CUST02548,2024-10-10,Standard,68,22,USA,26-35,Organic,3,12,0,2026-06-16,Annual,0,Not Churned
CUST02549,2025-07-07,Standard,64,13,India,18-25,Paid Ads,3,10,1,2026-08-28,Monthly,0,Not Churned
CUST02550,2023-02-18,Basic,29,42,USA,26-35,Organic,0,14,0,2026-07-03,Annual,0,Not Churned
CUST02551,2025-05-08,Basic,26,15,Canada,18-25,Organic,1,11,0,2026-06-30,Annual,0,Not Churned
CUST02552,2024-09-10,Basic,38,23,Canada,26-35,Social Media,1,19,0,2026-07-19,Annual,0,Not Churned
CUST02553,2024-04-13,Premium,96,28,USA,36-45,Organic,1,12,0,2026-08-28,Monthly,1,Competitor
CUST02554,2022-08-22,Premium,108,48,UK,36-45,Organic,5,17,0,2026-08-22,Monthly,0,Not Churned
CUST02555,2025-07-07,Basic,29,13,Germany,18-25,Partner,3,15,0,2026-08-03,Annual,0,Not Churned
CUST02556,2023-12-15,Premium,94,32,UK,26-35,Referral,1,13,1,2026-06-30,Annual,0,Not Churned
CUST02557,2025-09-05,Standard,67,11,India,26-35,Organic,4,8,0,2026-07-13,Monthly,0,Not Churned
CUST02558,2022-12-20,Basic,24,44,UK,18-25,Organic,5,17,0,2026-08-19,Monthly,0,Not Churned
CUST02559,2025-06-07,Basic,28,14,India,26-35,Referral,1,9,1,2026-08-16,Annual,0,Not Churned
CUST02560,2022-04-24,Standard,54,52,Australia,26-35,Paid Ads,2,20,0,2026-07-18,Annual,0,Not Churned
CUST02561,2023-09-16,Standard,63,35,USA,36-45,Organic,0,12,2,2026-06-07,Monthly,1,Payment Issues
CUST02562,2022-09-21,Standard,61,47,USA,46-55,Organic,0,10,1,2026-07-04,Monthly,0,Not Churned
CUST02563,2023-01-19,Basic,25,43,India,26-35,Partner,5,7,0,2026-08-19,Annual,0,Not Churned
CUST02564,2023-09-16,Basic,29,35,USA,36-45,Referral,5,4,0,2026-07-09,Annual,1,Low Engagement
CUST02565,2022-06-23,Standard,63,50,Australia,18-25,Paid Ads,5,23,0,2026-07-22,Monthly,0,Not Churned
CUST02566,2023-04-19,Basic,33,40,India,46-55,Organic,2,8,1,2026-07-09,Monthly,0,Not Churned
CUST02567,2024-09-10,Basic,28,23,USA,26-35,Organic,3,16,0,2026-08-02,Annual,0,Not Churned
CUST02568,2023-04-19,Basic,33,40,Germany,26-35,Paid Ads,2,4,0,2026-08-11,Monthly,1,Low Engagement
CUST02569,2025-07-07,Premium,105,13,USA,18-25,Partner,1,13,0,2026-07-20,Monthly,0,Not Churned
CUST02570,2026-02-02,Premium,105,6,USA,26-35,Organic,2,14,1,2026-06-12,Monthly,0,Not Churned
CUST02571,2024-03-14,Standard,57,29,USA,36-45,Partner,5,13,0,2026-07-19,Monthly,1,Competitor
CUST02572,2023-02-18,Premium,94,42,USA,56+,Organic,2,8,0,2026-07-29,Monthly,1,Competitor
CUST02573,2025-05-08,Basic,37,15,India,36-45,Paid Ads,3,12,0,2026-06-29,Monthly,0,Not Churned
CUST02574,2021-08-27,Standard,67,60,India,26-35,Organic,3,15,1,2026-06-18,Annual,0,Not Churned
CUST02575,2021-10-26,Basic,26,58,UK,36-45,Referral,2,15,0,2026-07-06,Monthly,1,Pricing
CUST02576,2026-03-04,Standard,66,5,Germany,36-45,Paid Ads,0,10,0,2026-08-24,Monthly,0,Not Churned
CUST02577,2023-11-15,Premium,105,33,India,46-55,Referral,1,11,1,2026-07-17,Monthly,0,Not Churned
CUST02578,2023-04-19,Standard,57,40,India,36-45,Paid Ads,1,11,2,2026-08-16,Monthly,0,Not Churned
CUST02579,2026-06-02,Basic,25,2,USA,36-45,Paid Ads,1,13,1,2026-07-29,Annual,0,Not Churned
CUST02580,2023-11-15,Standard,65,33,Canada,36-45,Referral,2,11,0,2026-07-19,Annual,0,Not Churned
CUST02581,2024-07-12,Basic,25,25,India,36-45,Organic,4,19,2,2026-06-19,Annual,1,Payment Issues
CUST02582,2021-09-26,Premium,95,59,Australia,18-25,Paid Ads,0,13,0,2026-07-16,Monthly,0,Not Churned
CUST02583,2024-05-13,Standard,64,27,India,26-35,Organic,3,12,0,2026-08-08,Monthly,0,Not Churned
CUST02584,2021-12-25,Standard,54,56,Germany,36-45,Paid Ads,2,10,0,2026-07-25,Monthly,0,Not Churned
CUST02585,2021-09-26,Standard,63,59,USA,46-55,Social Media,2,11,2,2026-08-18,Monthly,0,Not Churned
CUST02586,2022-08-22,Standard,55,48,UK,26-35,Organic,3,9,0,2026-06-19,Monthly,0,Not Churned
CUST02587,2024-07-12,Basic,29,25,USA,56+,Partner,2,13,0,2026-08-20,Monthly,0,Not Churned
CUST02588,2026-03-04,Standard,56,5,Canada,26-35,Social Media,6,24,0,2026-08-22,Annual,0,Not Churned
CUST02589,2022-05-24,Basic,33,51,India,26-35,Paid Ads,1,15,0,2026-08-11,Annual,1,Pricing
CUST02590,2023-01-19,Standard,58,43,India,26-35,Organic,0,10,0,2026-08-22,Monthly,0,Not Churned
CUST02591,2023-04-19,Premium,94,40,USA,46-55,Social Media,1,12,0,2026-07-06,Monthly,0,Not Churned
CUST02592,2026-04-03,Premium,101,4,Australia,26-35,Social Media,4,12,0,2026-08-14,Annual,0,Not Churned
CUST02593,2025-06-07,Standard,66,14,Canada,26-35,Organic,5,8,0,2026-08-29,Monthly,1,Competitor
CUST02594,2025-03-09,Standard,57,17,USA,26-35,Partner,4,14,0,2026-06-26,Monthly,0,Not Churned
CUST02595,2023-03-20,Basic,32,41,USA,36-45,Partner,2,16,1,2026-06-21,Monthly,0,Not Churned
CUST02596,2024-05-13,Standard,57,27,India,46-55,Paid Ads,3,11,1,2026-07-10,Monthly,1,Competitor
CUST02597,2023-08-17,Basic,37,36,Australia,26-35,Social Media,1,8,0,2026-08-14,Monthly,0,Not Churned
CUST02598,2021-08-27,Standard,68,60,Canada,46-55,Paid Ads,2,14,0,2026-07-01,Monthly,0,Not Churned
CUST02599,2023-10-16,Basic,38,34,UK,46-55,Referral,2,17,0,2026-06-15,Monthly,0,Not Churned
CUST02600,2025-10-05,Basic,38,10,USA,18-25,Paid Ads,0,6,1,2026-08-24,Annual,0,Not Churned
CUST02601,2022-05-24,Standard,55,51,Germany,36-45,Organic,2,15,1,2026-08-13,Monthly,0,Not Churned
CUST02602,2024-10-10,Basic,26,22,Australia,26-35,Referral,4,12,1,2026-08-15,Monthly,1,Pricing
CUST02603,2023-03-20,Standard,58,41,UK,26-35,Organic,1,17,1,2026-07-21,Monthly,0,Not Churned
CUST02604,2024-10-10,Basic,35,22,USA,36-45,Referral,1,16,0,2026-06-03,Monthly,0,Not Churned
CUST02605,2024-04-13,Basic,33,28,UK,36-45,Social Media,5,9,3,2026-06-18,Monthly,1,Payment Issues
CUST02606,2022-08-22,Standard,68,48,USA,26-35,Organic,2,9,0,2026-06-27,Monthly,0,Not Churned
CUST02607,2021-08-27,Basic,36,60,USA,18-25,Paid Ads,4,13,0,2026-07-01,Monthly,0,Not Churned
CUST02608,2024-12-09,Basic,36,20,India,46-55,Referral,2,14,0,2026-08-20,Monthly,0,Not Churned
CUST02609,2022-07-23,Standard,67,49,USA,36-45,Organic,6,10,3,2026-08-16,Annual,0,Not Churned
CUST02610,2026-06-02,Basic,29,2,USA,26-35,Social Media,1,11,1,2026-08-01,Monthly,0,Not Churned
CUST02611,2024-09-10,Premium,100,23,USA,26-35,Paid Ads,2,15,1,2026-08-16,Monthly,0,Not Churned
CUST02612,2022-05-24,Basic,27,51,India,18-25,Referral,2,10,1,2026-07-27,Annual,0,Not Churned
CUST02613,2023-10-16,Basic,30,34,Canada,26-35,Organic,3,13,0,2026-07-31,Annual,0,Not Churned
CUST02614,2022-08-22,Standard,68,48,USA,36-45,Organic,4,5,2,2026-08-18,Annual,0,Not Churned
CUST02615,2025-04-08,Basic,33,16,India,36-45,Organic,4,12,1,2026-07-04,Annual,0,Not Churned
CUST02616,2024-04-13,Basic,26,28,USA,26-35,Organic,2,13,0,2026-06-19,Monthly,0,Not Churned
CUST02617,2022-02-23,Basic,30,54,Australia,36-45,Paid Ads,2,16,1,2026-07-04,Monthly,0,Not Churned
CUST02618,2025-06-07,Basic,27,14,Canada,26-35,Referral,3,19,0,2026-08-02,Annual,0,Not Churned
CUST02619,2022-04-24,Premium,106,52,India,36-45,Organic,2,9,0,2026-08-28,Annual,0,Not Churned
CUST02620,2026-07-02,Basic,36,1,Germany,26-35,Organic,2,16,0,2026-06-25,Monthly,0,Not Churned
CUST02621,2023-03-20,Standard,61,41,India,26-35,Paid Ads,2,10,3,2026-06-13,Annual,1,Payment Issues
CUST02622,2025-05-08,Premium,102,15,Germany,26-35,Social Media,3,3,0,2026-06-20,Monthly,0,Not Churned
CUST02623,2025-05-08,Standard,60,15,India,36-45,Referral,4,8,0,2026-08-10,Monthly,0,Not Churned
CUST02624,2024-07-12,Premium,101,25,India,26-35,Organic,1,14,1,2026-07-20,Monthly,0,Not Churned
CUST02625,2023-01-19,Basic,31,43,USA,18-25,Social Media,4,16,0,2026-07-06,Monthly,0,Not Churned
CUST02626,2026-03-04,Premium,95,5,USA,18-25,Partner,3,12,1,2026-07-31,Annual,0,Not Churned
CUST02627,2025-12-04,Basic,32,8,USA,26-35,Paid Ads,5,9,1,2026-07-01,Annual,0,Not Churned
CUST02628,2024-10-10,Standard,59,22,Canada,26-35,Referral,2,12,0,2026-07-03,Monthly,0,Not Churned
CUST02629,2023-05-19,Standard,64,39,Australia,36-45,Paid Ads,3,10,1,2026-08-24,Monthly,1,Competitor
CUST02630,2023-06-18,Basic,27,38,USA,26-35,Partner,2,7,0,2026-07-10,Monthly,0,Not Churned
CUST02631,2023-05-19,Standard,68,39,USA,36-45,Paid Ads,2,11,1,2026-07-20,Monthly,0,Not Churned
CUST02632,2022-05-24,Standard,58,51,India,56+,Partner,5,15,0,2026-08-22,Monthly,0,Not Churned
CUST02633,2022-10-21,Basic,33,46,India,36-45,Organic,4,13,0,2026-06-29,Monthly,0,Not Churned
CUST02634,2023-01-19,Basic,28,43,UK,36-45,Paid Ads,4,15,0,2026-07-02,Monthly,0,Not Churned
CUST02635,2022-05-24,Standard,60,51,India,36-45,Social Media,3,12,0,2026-07-29,Monthly,0,Not Churned
CUST02636,2021-10-26,Standard,67,58,Canada,46-55,Social Media,3,17,1,2026-08-08,Annual,0,Not Churned
CUST02637,2025-06-07,Premium,102,14,USA,26-35,Referral,5,9,0,2026-08-26,Annual,1,Competitor
CUST02638,2025-01-08,Standard,60,19,India,46-55,Social Media,3,12,0,2026-08-20,Monthly,0,Not Churned
CUST02639,2024-06-12,Premium,102,26,USA,46-55,Referral,2,12,0,2026-08-12,Monthly,0,Not Churned
CUST02640,2023-06-18,Standard,57,38,India,26-35,Referral,4,7,0,2026-07-18,Annual,0,Not Churned
CUST02641,2023-11-15,Basic,33,33,USA,26-35,Paid Ads,6,20,0,2026-08-19,Annual,0,Not Churned
CUST02642,2022-10-21,Basic,37,46,Canada,56+,Paid Ads,0,12,1,2026-08-20,Monthly,0,Not Churned
CUST02643,2025-08-06,Standard,63,12,USA,36-45,Paid Ads,2,17,0,2026-08-21,Monthly,0,Not Churned
CUST02644,2024-03-14,Standard,57,29,India,26-35,Referral,4,15,0,2026-06-13,Monthly,0,Not Churned
CUST02645,2025-08-06,Basic,29,12,Canada,36-45,Paid Ads,4,19,1,2026-06-22,Monthly,0,Not Churned
CUST02646,2024-03-14,Basic,31,29,India,26-35,Organic,2,10,1,2026-08-02,Monthly,0,Not Churned
CUST02647,2023-03-20,Premium,107,41,Canada,26-35,Organic,4,11,0,2026-08-11,Monthly,0,Not Churned
CUST02648,2023-03-20,Standard,62,41,USA,36-45,Partner,1,17,2,2026-08-02,Annual,0,Not Churned
CUST02649,2022-10-21,Standard,54,46,USA,36-45,Organic,2,11,0,2026-06-23,Monthly,0,Not Churned
CUST02650,2024-12-09,Standard,54,20,Australia,46-55,Organic,3,11,2,2026-08-25,Annual,0,Not Churned
CUST02651,2023-10-16,Basic,36,34,UK,26-35,Paid Ads,1,14,1,2026-07-19,Monthly,0,Not Churned
CUST02652,2022-10-21,Basic,31,46,India,46-55,Organic,2,15,0,2026-07-09,Monthly,0,Not Churned
CUST02653,2022-01-24,Basic,34,55,India,26-35,Paid Ads,2,16,1,2026-08-30,Monthly,0,Not Churned
CUST02654,2024-02-13,Basic,30,30,Australia,36-45,Organic,1,17,0,2026-08-05,Annual,1,Pricing
CUST02655,2024-03-14,Standard,62,29,India,26-35,Organic,5,16,0,2026-08-14,Monthly,0,Not Churned
CUST02656,2023-05-19,Standard,64,39,USA,26-35,Social Media,5,8,0,2026-06-09,Monthly,0,Not Churned
CUST02657,2022-09-21,Premium,96,47,Canada,46-55,Social Media,5,5,2,2026-07-30,Monthly,0,Not Churned
CUST02658,2022-02-23,Premium,103,54,UK,26-35,Organic,5,9,0,2026-06-12,Monthly,0,Not Churned
CUST02659,2023-04-19,Basic,35,40,Canada,46-55,Referral,2,15,0,2026-06-26,Monthly,0,Not Churned
CUST02660,2022-05-24,Standard,58,51,Canada,26-35,Referral,3,12,0,2026-08-12,Monthly,0,Not Churned
CUST02661,2026-06-02,Standard,56,2,UK,18-25,Referral,5,13,1,2026-08-19,Monthly,0,Not Churned
CUST02662,2024-06-12,Premium,108,26,Australia,18-25,Paid Ads,2,8,2,2026-07-22,Monthly,0,Not Churned
CUST02663,2026-07-02,Basic,28,1,UK,36-45,Organic,2,7,0,2026-07-23,Annual,0,Not Churned
CUST02664,2024-04-13,Standard,63,28,USA,26-35,Referral,3,11,1,2026-08-15,Monthly,0,Not Churned
CUST02665,2022-05-24,Standard,54,51,USA,36-45,Paid Ads,6,10,1,2026-06-07,Monthly,0,Not Churned
CUST02666,2021-12-25,Basic,37,56,UK,36-45,Organic,1,10,1,2026-06-14,Monthly,1,Pricing
CUST02667,2021-08-27,Basic,34,60,Australia,26-35,Paid Ads,2,10,2,2026-06-14,Annual,1,Payment Issues
CUST02668,2025-12-04,Standard,57,8,India,26-35,Social Media,4,16,0,2026-08-20,Monthly,0,Not Churned
CUST02669,2024-01-14,Standard,59,31,India,26-35,Paid Ads,2,12,1,2026-08-24,Monthly,0,Not Churned
CUST02670,2023-05-19,Basic,25,39,Germany,46-55,Organic,3,9,1,2026-06-07,Monthly,0,Not Churned
CUST02671,2021-08-27,Standard,66,60,USA,26-35,Social Media,4,13,0,2026-08-20,Annual,0,Not Churned
CUST02672,2022-06-23,Basic,30,50,India,26-35,Social Media,1,10,0,2026-07-27,Monthly,0,Not Churned
CUST02673,2025-01-08,Standard,61,19,UK,26-35,Paid Ads,3,11,1,2026-08-23,Annual,0,Not Churned
CUST02674,2025-07-07,Basic,24,13,Germany,36-45,Paid Ads,5,8,0,2026-08-16,Annual,0,Not Churned
CUST02675,2025-04-08,Premium,106,16,Australia,36-45,Referral,2,10,0,2026-06-04,Monthly,0,Not Churned
CUST02676,2024-09-10,Basic,27,23,Canada,46-55,Organic,8,12,1,2026-08-18,Monthly,0,Not Churned
CUST02677,2025-09-05,Basic,34,11,India,46-55,Referral,3,18,1,2026-07-29,Annual,0,Not Churned
CUST02678,2024-08-11,Basic,27,24,Australia,26-35,Social Media,4,11,1,2026-06-03,Monthly,0,Not Churned
CUST02679,2021-11-25,Basic,36,57,USA,26-35,Paid Ads,6,11,2,2026-06-05,Monthly,0,Not Churned
CUST02680,2022-02-23,Standard,58,54,Australia,36-45,Organic,2,9,0,2026-07-11,Monthly,0,Not Churned
CUST02681,2025-10-05,Basic,37,10,India,46-55,Organic,2,16,0,2026-06-09,Monthly,0,Not Churned
CUST02682,2022-05-24,Premium,105,51,India,26-35,Referral,4,18,1,2026-06-11,Monthly,0,Not Churned
CUST02683,2021-11-25,Basic,35,57,USA,26-35,Organic,2,9,1,2026-07-18,Annual,0,Not Churned
CUST02684,2026-03-04,Basic,27,5,India,46-55,Paid Ads,3,16,0,2026-06-11,Annual,0,Not Churned
CUST02685,2025-08-06,Basic,32,12,UK,26-35,Paid Ads,5,9,0,2026-07-16,Monthly,0,Not Churned
CUST02686,2023-08-17,Basic,30,36,Germany,26-35,Organic,1,12,0,2026-06-08,Monthly,0,Not Churned
CUST02687,2021-11-25,Basic,36,57,UK,46-55,Paid Ads,2,12,0,2026-08-13,Annual,0,Not Churned
CUST02688,2024-06-12,Standard,55,26,Australia,46-55,Paid Ads,3,13,1,2026-06-28,Monthly,0,Not Churned
CUST02689,2024-04-13,Standard,54,28,USA,26-35,Referral,1,10,1,2026-07-24,Annual,0,Not Churned
CUST02690,2025-04-08,Standard,62,16,Canada,26-35,Organic,6,7,0,2026-08-22,Monthly,0,Not Churned
CUST02691,2026-06-02,Standard,54,2,Australia,26-35,Organic,4,19,0,2026-08-31,Annual,0,Not Churned
CUST02692,2024-06-12,Standard,59,26,UK,46-55,Social Media,3,7,1,2026-07-02,Monthly,0,Not Churned
CUST02693,2026-04-03,Basic,38,4,USA,56+,Referral,2,10,1,2026-06-21,Monthly,0,Not Churned
CUST02694,2024-03-14,Standard,68,29,UK,36-45,Social Media,5,17,0,2026-08-03,Monthly,0,Not Churned
CUST02695,2025-04-08,Premium,95,16,UK,26-35,Organic,4,16,3,2026-08-04,Monthly,0,Not Churned
CUST02696,2024-10-10,Standard,57,22,India,18-25,Organic,2,20,1,2026-07-21,Annual,0,Not Churned
CUST02697,2023-01-19,Standard,59,43,Canada,36-45,Referral,2,14,1,2026-08-02,Annual,0,Not Churned
CUST02698,2026-02-02,Basic,28,6,Germany,26-35,Social Media,4,11,0,2026-07-31,Annual,0,Not Churned
CUST02699,2024-04-13,Standard,64,28,USA,36-45,Social Media,2,15,0,2026-07-13,Monthly,0,Not Churned
CUST02700,2025-09-05,Standard,59,11,UK,36-45,Social Media,2,11,0,2026-07-06,Annual,0,Not Churned
CUST02701,2023-02-18,Standard,56,42,Canada,26-35,Organic,1,15,1,2026-08-27,Monthly,0,Not Churned
CUST02702,2022-09-21,Premium,98,47,UK,46-55,Social Media,1,19,0,2026-07-14,Annual,0,Not Churned
CUST02703,2024-11-09,Basic,25,21,USA,18-25,Social Media,7,11,0,2026-06-08,Monthly,1,Poor Support Experience
CUST02704,2024-06-12,Basic,30,26,Australia,36-45,Organic,5,10,0,2026-07-31,Monthly,0,Not Churned
CUST02705,2023-05-19,Standard,56,39,USA,26-35,Paid Ads,1,10,0,2026-06-20,Annual,0,Not Churned
CUST02706,2022-03-25,Premium,94,53,India,36-45,Paid Ads,4,18,2,2026-07-11,Annual,0,Not Churned
CUST02707,2022-09-21,Basic,37,47,Australia,36-45,Organic,2,7,0,2026-07-29,Annual,0,Not Churned
CUST02708,2024-10-10,Basic,31,22,UK,18-25,Paid Ads,1,13,0,2026-08-25,Monthly,0,Not Churned
CUST02709,2024-02-13,Basic,31,30,Australia,26-35,Social Media,2,8,1,2026-07-12,Annual,0,Not Churned
CUST02710,2024-02-13,Basic,26,30,India,26-35,Social Media,4,15,2,2026-07-12,Annual,0,Not Churned
CUST02711,2023-11-15,Standard,66,33,India,26-35,Partner,0,11,1,2026-06-07,Annual,0,Not Churned
CUST02712,2023-04-19,Standard,60,40,Germany,36-45,Paid Ads,3,12,1,2026-07-16,Monthly,0,Not Churned
CUST02713,2024-02-13,Basic,32,30,India,26-35,Paid Ads,8,6,0,2026-07-28,Annual,1,Poor Support Experience
CUST02714,2023-07-18,Basic,31,37,Canada,26-35,Referral,0,18,0,2026-07-27,Monthly,0,Not Churned
CUST02715,2022-03-25,Basic,26,53,Australia,26-35,Paid Ads,2,15,2,2026-08-20,Monthly,0,Not Churned
CUST02716,2024-02-13,Basic,38,30,UK,36-45,Organic,2,15,1,2026-08-27,Monthly,0,Not Churned
CUST02717,2024-06-12,Standard,66,26,India,36-45,Referral,0,13,0,2026-06-22,Annual,0,Not Churned
CUST02718,2026-02-02,Premium,95,6,UK,26-35,Organic,2,8,0,2026-07-18,Monthly,0,Not Churned
CUST02719,2022-02-23,Premium,106,54,Australia,36-45,Organic,1,12,0,2026-06-30,Monthly,0,Not Churned
CUST02720,2021-12-25,Basic,33,56,USA,46-55,Organic,3,13,1,2026-06-27,Annual,0,Not Churned
CUST02721,2026-04-03,Premium,100,4,USA,18-25,Partner,4,13,0,2026-08-11,Monthly,0,Not Churned
CUST02722,2025-05-08,Standard,60,15,USA,36-45,Organic,4,5,2,2026-07-26,Monthly,0,Not Churned
CUST02723,2023-08-17,Standard,62,36,India,26-35,Paid Ads,4,10,0,2026-06-19,Annual,0,Not Churned
CUST02724,2026-05-03,Standard,58,3,Australia,18-25,Partner,2,12,0,2026-08-06,Monthly,0,Not Churned
CUST02725,2021-11-25,Basic,27,57,Australia,36-45,Paid Ads,2,9,1,2026-06-08,Monthly,0,Not Churned
CUST02726,2025-04-08,Basic,31,16,Germany,26-35,Organic,4,17,0,2026-06-19,Monthly,1,Pricing
CUST02727,2025-04-08,Basic,37,16,USA,46-55,Referral,1,18,2,2026-07-29,Monthly,0,Not Churned
CUST02728,2023-04-19,Basic,27,40,Canada,18-25,Organic,4,13,0,2026-06-24,Monthly,0,Not Churned
CUST02729,2022-03-25,Basic,27,53,India,18-25,Organic,2,8,2,2026-07-14,Annual,0,Not Churned
CUST02730,2024-05-13,Standard,65,27,UK,36-45,Social Media,3,10,0,2026-07-05,Annual,0,Not Churned
CUST02731,2021-12-25,Standard,67,56,UK,36-45,Organic,4,11,0,2026-08-31,Monthly,0,Not Churned
CUST02732,2026-02-02,Standard,65,6,Australia,36-45,Referral,3,9,0,2026-06-09,Monthly,0,Not Churned
CUST02733,2024-11-09,Basic,25,21,Australia,26-35,Paid Ads,1,13,0,2026-06-11,Monthly,1,Pricing
CUST02734,2025-07-07,Premium,106,13,Germany,46-55,Organic,1,9,0,2026-07-20,Monthly,0,Not Churned
CUST02735,2025-11-04,Premium,108,9,Australia,56+,Paid Ads,3,19,1,2026-08-07,Annual,0,Not Churned
CUST02736,2023-03-20,Standard,54,41,Australia,26-35,Organic,8,7,0,2026-07-29,Monthly,1,Poor Support Experience
CUST02737,2023-01-19,Premium,97,43,India,36-45,Paid Ads,3,13,1,2026-07-26,Annual,0,Not Churned
CUST02738,2025-12-04,Standard,60,8,Australia,36-45,Paid Ads,2,15,1,2026-07-19,Annual,0,Not Churned
CUST02739,2024-04-13,Premium,105,28,UK,18-25,Organic,7,14,1,2026-07-01,Annual,0,Not Churned
CUST02740,2022-11-20,Basic,32,45,USA,26-35,Referral,1,9,0,2026-06-11,Monthly,0,Not Churned
CUST02741,2021-10-26,Basic,32,58,India,18-25,Organic,4,21,1,2026-07-23,Monthly,0,Not Churned
CUST02742,2025-01-08,Basic,35,19,UK,56+,Paid Ads,1,7,1,2026-06-17,Monthly,0,Not Churned
CUST02743,2024-03-14,Basic,33,29,India,26-35,Referral,6,14,1,2026-08-24,Annual,0,Not Churned
CUST02744,2024-01-14,Basic,38,31,USA,36-45,Paid Ads,3,17,0,2026-08-09,Monthly,0,Not Churned
CUST02745,2021-11-25,Standard,54,57,UK,26-35,Social Media,7,12,0,2026-06-07,Monthly,0,Not Churned
CUST02746,2022-02-23,Standard,58,54,Australia,36-45,Referral,7,16,1,2026-07-22,Annual,0,Not Churned
CUST02747,2021-11-25,Standard,60,57,Australia,26-35,Partner,2,13,0,2026-07-30,Monthly,0,Not Churned
CUST02748,2023-11-15,Basic,36,33,USA,36-45,Organic,3,11,1,2026-08-29,Monthly,0,Not Churned
CUST02749,2022-07-23,Premium,100,49,USA,18-25,Partner,1,10,1,2026-06-18,Monthly,1,Competitor
CUST02750,2026-02-02,Standard,63,6,India,46-55,Referral,2,8,1,2026-08-20,Monthly,1,Competitor
CUST02751,2022-12-20,Basic,29,44,USA,46-55,Referral,5,16,0,2026-06-03,Annual,0,Not Churned
CUST02752,2026-04-03,Standard,64,4,India,36-45,Partner,0,14,0,2026-06-20,Monthly,0,Not Churned
CUST02753,2022-03-25,Basic,33,53,Germany,18-25,Referral,3,9,2,2026-08-23,Monthly,0,Not Churned
CUST02754,2025-04-08,Basic,27,16,USA,26-35,Social Media,4,12,1,2026-07-08,Annual,0,Not Churned
CUST02755,2022-03-25,Premium,96,53,India,46-55,Paid Ads,3,14,0,2026-08-19,Monthly,0,Not Churned
CUST02756,2026-05-03,Basic,35,3,USA,18-25,Referral,3,15,0,2026-08-17,Monthly,0,Not Churned
CUST02757,2024-07-12,Standard,66,25,USA,26-35,Paid Ads,0,10,0,2026-06-06,Monthly,0,Not Churned
CUST02758,2025-03-09,Premium,102,17,USA,36-45,Organic,1,11,0,2026-07-21,Annual,0,Not Churned
CUST02759,2024-10-10,Standard,68,22,India,26-35,Referral,5,17,0,2026-07-21,Annual,0,Not Churned
CUST02760,2025-02-07,Basic,35,18,Germany,26-35,Partner,1,10,0,2026-08-07,Monthly,1,Pricing
CUST02761,2023-12-15,Basic,36,32,India,36-45,Social Media,1,5,2,2026-07-23,Monthly,1,Payment Issues
CUST02762,2025-02-07,Basic,33,18,India,26-35,Referral,3,16,1,2026-07-10,Annual,0,Not Churned
CUST02763,2021-11-25,Standard,57,57,India,18-25,Referral,2,12,1,2026-07-01,Monthly,0,Not Churned
CUST02764,2024-06-12,Standard,61,26,USA,36-45,Paid Ads,2,13,0,2026-06-04,Monthly,0,Not Churned
CUST02765,2022-06-23,Basic,36,50,India,26-35,Organic,4,15,0,2026-06-06,Monthly,1,Pricing
CUST02766,2024-07-12,Premium,94,25,India,36-45,Organic,3,8,0,2026-08-10,Annual,1,Competitor
CUST02767,2024-04-13,Standard,60,28,USA,18-25,Organic,5,12,1,2026-06-14,Annual,0,Not Churned
CUST02768,2021-08-27,Basic,35,60,UK,36-45,Referral,3,11,1,2026-06-30,Annual,0,Not Churned
CUST02769,2023-04-19,Standard,59,40,India,26-35,Social Media,2,12,0,2026-07-10,Annual,0,Not Churned
CUST02770,2024-09-10,Standard,66,23,India,26-35,Organic,1,19,0,2026-08-29,Annual,0,Not Churned
CUST02771,2025-12-04,Basic,35,8,USA,26-35,Organic,5,15,0,2026-06-15,Monthly,0,Not Churned
CUST02772,2025-07-07,Basic,24,13,India,18-25,Paid Ads,5,5,3,2026-08-21,Monthly,0,Not Churned
CUST02773,2022-12-20,Premium,108,44,USA,46-55,Organic,5,12,1,2026-06-29,Annual,0,Not Churned
CUST02774,2021-11-25,Standard,57,57,India,26-35,Paid Ads,4,14,0,2026-06-27,Monthly,0,Not Churned
CUST02775,2022-09-21,Standard,65,47,India,36-45,Organic,3,12,0,2026-07-25,Annual,0,Not Churned
CUST02776,2025-10-05,Standard,68,10,USA,46-55,Paid Ads,0,10,0,2026-08-21,Annual,0,Not Churned
CUST02777,2023-03-20,Basic,37,41,India,36-45,Partner,1,10,0,2026-07-31,Monthly,0,Not Churned
CUST02778,2026-05-03,Basic,28,3,India,26-35,Paid Ads,2,17,0,2026-07-09,Monthly,1,Pricing
CUST02779,2025-10-05,Standard,64,10,USA,26-35,Social Media,5,7,0,2026-06-06,Monthly,0,Not Churned
CUST02780,2022-07-23,Basic,31,49,Australia,46-55,Referral,0,15,2,2026-08-23,Monthly,0,Not Churned
CUST02781,2025-05-08,Basic,38,15,Canada,36-45,Paid Ads,2,14,0,2026-06-06,Annual,0,Not Churned
CUST02782,2024-08-11,Premium,97,24,Canada,36-45,Social Media,1,11,1,2026-07-30,Monthly,0,Not Churned
CUST02783,2025-10-05,Premium,96,10,Australia,26-35,Referral,2,15,1,2026-07-30,Annual,0,Not Churned
CUST02784,2022-04-24,Standard,55,52,Germany,46-55,Organic,2,11,0,2026-06-29,Monthly,0,Not Churned
CUST02785,2024-11-09,Premium,97,21,Canada,36-45,Organic,2,13,0,2026-08-29,Annual,0,Not Churned
CUST02786,2022-10-21,Basic,34,46,UK,26-35,Social Media,3,10,0,2026-06-05,Monthly,1,Pricing
CUST02787,2021-09-26,Premium,103,59,USA,36-45,Paid Ads,3,17,0,2026-08-01,Monthly,0,Not Churned
CUST02788,2022-08-22,Basic,37,48,India,26-35,Paid Ads,0,17,0,2026-06-30,Monthly,0,Not Churned
CUST02789,2022-02-23,Premium,106,54,UK,18-25,Organic,4,20,1,2026-07-12,Monthly,1,Competitor
CUST02790,2023-06-18,Premium,97,38,Germany,46-55,Organic,2,18,0,2026-06-18,Annual,0,Not Churned
CUST02791,2023-05-19,Standard,66,39,USA,18-25,Social Media,2,15,2,2026-06-06,Annual,0,Not Churned
CUST02792,2023-02-18,Premium,103,42,Canada,36-45,Social Media,4,19,0,2026-07-12,Monthly,0,Not Churned
CUST02793,2022-05-24,Standard,58,51,USA,26-35,Referral,2,17,0,2026-08-27,Monthly,0,Not Churned
CUST02794,2022-06-23,Basic,36,50,USA,26-35,Organic,1,11,0,2026-07-18,Annual,0,Not Churned
CUST02795,2024-04-13,Standard,60,28,USA,26-35,Partner,3,10,0,2026-06-11,Annual,0,Not Churned
CUST02796,2023-03-20,Standard,62,41,USA,56+,Referral,1,11,0,2026-08-29,Monthly,0,Not Churned
CUST02797,2026-06-02,Basic,25,2,USA,26-35,Social Media,5,14,0,2026-06-29,Monthly,0,Not Churned
CUST02798,2023-03-20,Standard,58,41,Canada,26-35,Organic,4,12,1,2026-07-30,Monthly,0,Not Churned
CUST02799,2021-10-26,Premium,104,58,Australia,36-45,Paid Ads,2,11,1,2026-07-19,Monthly,0,Not Churned
CUST02800,2026-04-03,Basic,33,4,Australia,26-35,Social Media,2,13,0,2026-07-03,Monthly,0,Not Churned
CUST02801,2023-01-19,Standard,62,43,India,18-25,Paid Ads,3,9,2,2026-07-12,Monthly,1,Payment Issues
CUST02802,2022-07-23,Premium,105,49,Australia,18-25,Referral,1,10,0,2026-08-01,Monthly,0,Not Churned
CUST02803,2026-05-03,Premium,107,3,India,18-25,Referral,5,11,1,2026-08-13,Monthly,0,Not Churned
CUST02804,2023-12-15,Premium,106,32,India,26-35,Organic,1,12,1,2026-07-30,Monthly,0,Not Churned
CUST02805,2021-10-26,Standard,56,58,Canada,26-35,Social Media,5,10,0,2026-06-28,Monthly,0,Not Churned
CUST02806,2022-09-21,Premium,94,47,India,26-35,Organic,3,15,0,2026-06-10,Monthly,1,Competitor
CUST02807,2023-10-16,Standard,55,34,India,36-45,Referral,3,9,0,2026-07-29,Monthly,0,Not Churned
CUST02808,2025-04-08,Basic,37,16,USA,18-25,Partner,8,12,1,2026-07-20,Monthly,0,Not Churned
CUST02809,2026-04-03,Standard,59,4,Canada,46-55,Partner,0,14,0,2026-06-26,Monthly,0,Not Churned
CUST02810,2025-02-07,Standard,58,18,India,36-45,Social Media,4,12,1,2026-08-03,Annual,0,Not Churned
CUST02811,2024-04-13,Basic,24,28,UK,18-25,Paid Ads,1,12,1,2026-07-05,Monthly,0,Not Churned
CUST02812,2023-02-18,Standard,54,42,UK,56+,Referral,1,10,0,2026-08-02,Annual,0,Not Churned
CUST02813,2026-02-02,Standard,64,6,Canada,26-35,Referral,2,9,1,2026-06-19,Monthly,0,Not Churned
CUST02814,2023-01-19,Basic,27,43,Australia,26-35,Organic,3,16,0,2026-08-30,Monthly,1,Pricing
CUST02815,2023-02-18,Standard,65,42,USA,26-35,Organic,1,8,1,2026-06-18,Monthly,1,Competitor
CUST02816,2026-07-02,Standard,68,1,India,36-45,Referral,2,12,0,2026-08-27,Monthly,1,Competitor
CUST02817,2025-04-08,Standard,57,16,India,26-35,Organic,1,6,0,2026-07-27,Monthly,0,Not Churned
CUST02818,2023-07-18,Basic,38,37,USA,18-25,Partner,5,10,1,2026-07-14,Monthly,0,Not Churned
CUST02819,2025-11-04,Basic,29,9,UK,18-25,Paid Ads,2,11,0,2026-06-26,Monthly,0,Not Churned
CUST02820,2025-03-09,Basic,29,17,India,36-45,Organic,2,11,0,2026-08-06,Monthly,0,Not Churned
CUST02821,2023-08-17,Premium,103,36,India,26-35,Paid Ads,3,19,0,2026-08-27,Annual,0,Not Churned
CUST02822,2023-10-16,Basic,37,34,Canada,18-25,Social Media,3,10,1,2026-07-24,Monthly,0,Not Churned
CUST02823,2021-09-26,Standard,59,59,UK,26-35,Partner,5,6,1,2026-08-01,Annual,0,Not Churned
CUST02824,2024-01-14,Basic,24,31,Canada,46-55,Organic,2,16,0,2026-08-02,Monthly,0,Not Churned
CUST02825,2023-10-16,Basic,33,34,Canada,26-35,Social Media,3,16,0,2026-06-20,Monthly,1,Pricing
CUST02826,2023-07-18,Premium,102,37,Canada,26-35,Referral,2,8,1,2026-08-25,Annual,0,Not Churned
CUST02827,2023-10-16,Standard,64,34,UK,46-55,Referral,2,17,0,2026-08-11,Monthly,0,Not Churned
CUST02828,2022-11-20,Basic,30,45,USA,18-25,Social Media,5,10,1,2026-08-27,Annual,0,Not Churned
CUST02829,2023-07-18,Standard,60,37,Germany,36-45,Organic,2,11,0,2026-08-09,Monthly,0,Not Churned
CUST02830,2026-07-02,Basic,34,1,USA,56+,Paid Ads,1,11,0,2026-08-01,Monthly,1,Pricing
CUST02831,2022-03-25,Standard,60,53,India,46-55,Paid Ads,4,25,0,2026-06-09,Monthly,0,Not Churned
CUST02832,2025-05-08,Standard,55,15,India,18-25,Organic,1,17,0,2026-06-08,Monthly,0,Not Churned
CUST02833,2024-01-14,Basic,25,31,UK,26-35,Organic,5,11,1,2026-07-12,Monthly,0,Not Churned
CUST02834,2022-05-24,Basic,29,51,Germany,18-25,Organic,1,10,0,2026-06-13,Monthly,0,Not Churned
CUST02835,2025-06-07,Basic,30,14,India,46-55,Referral,2,14,0,2026-08-07,Monthly,0,Not Churned
CUST02836,2022-12-20,Premium,96,44,India,56+,Organic,3,15,1,2026-08-25,Monthly,0,Not Churned
CUST02837,2023-10-16,Premium,106,34,Australia,26-35,Referral,5,18,2,2026-06-21,Monthly,0,Not Churned
CUST02838,2021-09-26,Basic,27,59,Australia,36-45,Referral,2,13,1,2026-08-01,Annual,0,Not Churned
CUST02839,2022-04-24,Standard,67,52,India,46-55,Partner,2,16,1,2026-08-30,Monthly,1,Competitor
CUST02840,2026-07-02,Basic,35,1,USA,26-35,Referral,4,8,0,2026-06-07,Annual,0,Not Churned
CUST02841,2023-09-16,Basic,26,35,UK,26-35,Partner,3,9,1,2026-06-27,Monthly,0,Not Churned
CUST02842,2025-09-05,Standard,60,11,India,18-25,Organic,2,9,0,2026-08-01,Monthly,0,Not Churned
CUST02843,2025-03-09,Premium,100,17,Australia,26-35,Referral,3,9,0,2026-08-17,Monthly,0,Not Churned
CUST02844,2021-12-25,Premium,97,56,India,46-55,Organic,3,11,0,2026-06-23,Annual,1,Competitor
CUST02845,2026-03-04,Standard,66,5,India,46-55,Referral,4,11,0,2026-06-25,Annual,0,Not Churned
CUST02846,2025-03-09,Basic,30,17,India,18-25,Paid Ads,6,11,0,2026-08-09,Monthly,1,Pricing
CUST02847,2025-02-07,Standard,58,18,India,26-35,Referral,2,10,0,2026-08-08,Monthly,1,Competitor
CUST02848,2024-07-12,Basic,24,25,India,26-35,Paid Ads,2,12,1,2026-07-17,Monthly,0,Not Churned
CUST02849,2022-01-24,Standard,63,55,India,36-45,Organic,1,14,3,2026-07-31,Annual,0,Not Churned
CUST02850,2023-09-16,Basic,27,35,Canada,36-45,Referral,5,13,0,2026-08-04,Monthly,0,Not Churned
CUST02851,2022-09-21,Standard,60,47,India,36-45,Partner,2,12,0,2026-08-07,Annual,0,Not Churned
CUST02852,2025-04-08,Basic,36,16,Australia,36-45,Organic,4,18,0,2026-07-10,Monthly,0,Not Churned
CUST02853,2022-09-21,Basic,38,47,USA,18-25,Partner,3,11,1,2026-08-18,Annual,0,Not Churned
CUST02854,2022-07-23,Premium,95,49,UK,26-35,Organic,5,12,0,2026-07-28,Monthly,0,Not Churned
CUST02855,2022-06-23,Basic,25,50,India,56+,Referral,0,8,0,2026-06-16,Annual,0,Not Churned
CUST02856,2024-09-10,Standard,54,23,India,18-25,Partner,5,11,0,2026-06-08,Monthly,0,Not Churned
CUST02857,2023-04-19,Basic,25,40,USA,36-45,Organic,2,11,0,2026-07-21,Monthly,0,Not Churned
CUST02858,2024-11-09,Basic,33,21,USA,26-35,Paid Ads,4,19,0,2026-06-18,Monthly,0,Not Churned
CUST02859,2024-03-14,Basic,37,29,Canada,36-45,Paid Ads,1,10,0,2026-06-25,Monthly,0,Not Churned
CUST02860,2021-08-27,Basic,31,60,Canada,36-45,Paid Ads,3,11,2,2026-07-15,Monthly,0,Not Churned
CUST02861,2022-10-21,Premium,104,46,UK,36-45,Social Media,2,10,1,2026-08-28,Annual,0,Not Churned
CUST02862,2023-08-17,Basic,31,36,USA,46-55,Referral,2,14,0,2026-08-23,Annual,0,Not Churned
CUST02863,2025-10-05,Premium,101,10,Australia,26-35,Partner,3,9,0,2026-07-25,Monthly,0,Not Churned
CUST02864,2024-12-09,Standard,68,20,UK,36-45,Organic,1,11,1,2026-07-05,Monthly,0,Not Churned
CUST02865,2022-03-25,Standard,54,53,Germany,18-25,Paid Ads,1,18,0,2026-06-24,Annual,0,Not Churned
CUST02866,2026-01-03,Standard,54,7,Canada,36-45,Paid Ads,3,18,1,2026-08-19,Monthly,0,Not Churned
CUST02867,2024-02-13,Standard,65,30,India,26-35,Partner,5,12,1,2026-08-21,Annual,0,Not Churned
CUST02868,2024-03-14,Standard,63,29,India,46-55,Organic,0,12,1,2026-06-22,Monthly,0,Not Churned
CUST02869,2022-01-24,Basic,27,55,USA,26-35,Partner,8,11,2,2026-06-15,Annual,0,Not Churned
CUST02870,2022-04-24,Basic,29,52,Canada,18-25,Paid Ads,1,12,1,2026-06-29,Monthly,0,Not Churned
CUST02871,2026-07-02,Premium,101,1,USA,26-35,Referral,1,7,0,2026-06-14,Monthly,1,Competitor
CUST02872,2024-11-09,Premium,106,21,Canada,56+,Paid Ads,3,12,0,2026-07-24,Monthly,0,Not Churned
CUST02873,2026-01-03,Premium,95,7,India,26-35,Social Media,6,8,1,2026-07-06,Annual,0,Not Churned
CUST02874,2022-12-20,Standard,66,44,India,18-25,Referral,5,6,0,2026-07-16,Monthly,0,Not Churned
CUST02875,2026-04-03,Standard,56,4,India,18-25,Referral,5,17,1,2026-08-13,Annual,0,Not Churned
CUST02876,2023-05-19,Standard,59,39,USA,26-35,Referral,2,15,0,2026-08-19,Monthly,0,Not Churned
CUST02877,2021-12-25,Standard,63,56,UK,18-25,Paid Ads,0,16,2,2026-08-28,Annual,0,Not Churned
CUST02878,2025-05-08,Basic,27,15,India,36-45,Organic,2,2,0,2026-07-30,Monthly,1,Low Engagement
CUST02879,2023-10-16,Standard,65,34,UK,26-35,Social Media,3,13,0,2026-08-28,Monthly,0,Not Churned
CUST02880,2026-06-02,Basic,25,2,India,36-45,Organic,4,14,1,2026-06-27,Annual,0,Not Churned
CUST02881,2023-07-18,Basic,30,37,India,18-25,Social Media,4,14,0,2026-06-28,Annual,0,Not Churned
CUST02882,2026-05-03,Premium,97,3,UK,26-35,Referral,4,12,0,2026-07-16,Annual,0,Not Churned
CUST02883,2022-08-22,Basic,31,48,USA,36-45,Paid Ads,2,14,0,2026-08-18,Annual,0,Not Churned
CUST02884,2026-04-03,Basic,31,4,UK,18-25,Referral,4,7,0,2026-07-06,Monthly,0,Not Churned
CUST02885,2022-09-21,Basic,30,47,Australia,26-35,Referral,4,11,1,2026-07-29,Monthly,0,Not Churned
CUST02886,2022-07-23,Premium,103,49,Australia,26-35,Referral,2,14,1,2026-08-28,Monthly,0,Not Churned
CUST02887,2023-01-19,Standard,62,43,India,26-35,Social Media,5,10,1,2026-07-11,Monthly,0,Not Churned
CUST02888,2023-08-17,Standard,57,36,USA,36-45,Organic,4,15,1,2026-08-28,Monthly,0,Not Churned
CUST02889,2024-05-13,Premium,100,27,Canada,36-45,Partner,5,10,0,2026-06-06,Annual,0,Not Churned
CUST02890,2026-04-03,Premium,103,4,Canada,36-45,Paid Ads,3,9,0,2026-06-05,Monthly,0,Not Churned
CUST02891,2023-08-17,Basic,33,36,Canada,26-35,Social Media,5,12,1,2026-07-07,Monthly,0,Not Churned
CUST02892,2025-01-08,Standard,68,19,India,26-35,Organic,7,6,1,2026-08-08,Monthly,0,Not Churned
CUST02893,2023-10-16,Standard,65,34,India,26-35,Organic,1,6,0,2026-06-03,Monthly,0,Not Churned
CUST02894,2025-04-08,Standard,54,16,USA,36-45,Referral,1,14,0,2026-07-12,Monthly,1,Competitor
CUST02895,2022-04-24,Basic,27,52,Canada,26-35,Paid Ads,5,11,0,2026-07-27,Monthly,0,Not Churned
CUST02896,2022-11-20,Premium,95,45,India,26-35,Partner,2,22,0,2026-06-27,Annual,0,Not Churned
CUST02897,2023-04-19,Standard,62,40,India,36-45,Organic,2,10,0,2026-06-22,Monthly,0,Not Churned
CUST02898,2022-05-24,Basic,28,51,UK,18-25,Organic,3,10,1,2026-06-11,Annual,0,Not Churned
CUST02899,2024-10-10,Standard,56,22,India,56+,Organic,4,14,1,2026-08-08,Monthly,0,Not Churned
CUST02900,2023-12-15,Basic,27,32,India,18-25,Organic,2,15,0,2026-07-06,Monthly,1,Pricing
CUST02901,2026-06-02,Basic,29,2,India,36-45,Referral,6,18,0,2026-08-22,Monthly,0,Not Churned
CUST02902,2025-03-09,Standard,63,17,India,26-35,Paid Ads,4,9,1,2026-08-02,Annual,1,Competitor
CUST02903,2024-09-10,Basic,24,23,USA,46-55,Paid Ads,4,6,0,2026-07-11,Annual,0,Not Churned
CUST02904,2022-12-20,Standard,60,44,USA,18-25,Organic,4,19,0,2026-06-08,Monthly,0,Not Churned
CUST02905,2022-10-21,Standard,61,46,India,26-35,Organic,6,8,0,2026-08-05,Monthly,0,Not Churned
CUST02906,2025-08-06,Basic,30,12,India,26-35,Organic,3,15,2,2026-06-24,Monthly,0,Not Churned
CUST02907,2022-02-23,Premium,100,54,India,56+,Referral,5,8,2,2026-07-28,Monthly,0,Not Churned
CUST02908,2025-07-07,Basic,32,13,UK,56+,Social Media,4,11,1,2026-08-08,Annual,0,Not Churned
CUST02909,2025-10-05,Basic,36,10,India,26-35,Social Media,3,9,0,2026-06-03,Monthly,0,Not Churned
CUST02910,2026-04-03,Basic,27,4,USA,36-45,Partner,0,12,2,2026-06-28,Monthly,0,Not Churned
CUST02911,2026-01-03,Basic,37,7,India,36-45,Social Media,3,9,1,2026-08-22,Annual,0,Not Churned
CUST02912,2022-02-23,Basic,30,54,India,26-35,Paid Ads,1,12,0,2026-07-05,Monthly,0,Not Churned
CUST02913,2026-06-02,Standard,62,2,India,26-35,Paid Ads,4,15,1,2026-06-05,Annual,0,Not Churned
CUST02914,2025-05-08,Premium,108,15,India,56+,Partner,4,17,1,2026-08-16,Annual,1,Competitor
CUST02915,2023-08-17,Basic,28,36,UK,26-35,Referral,1,14,1,2026-06-05,Monthly,1,Pricing
CUST02916,2025-11-04,Standard,55,9,USA,18-25,Organic,2,12,1,2026-07-21,Monthly,1,Competitor
CUST02917,2024-08-11,Standard,68,24,Australia,26-35,Referral,3,15,0,2026-08-11,Monthly,0,Not Churned
CUST02918,2026-02-02,Premium,98,6,India,26-35,Partner,3,10,0,2026-08-06,Annual,0,Not Churned
CUST02919,2022-07-23,Standard,57,49,India,36-45,Social Media,0,10,0,2026-07-18,Annual,1,Competitor
CUST02920,2026-01-03,Basic,31,7,India,26-35,Organic,3,10,0,2026-06-24,Monthly,0,Not Churned
CUST02921,2025-04-08,Basic,38,16,Canada,26-35,Partner,3,9,0,2026-06-25,Monthly,0,Not Churned
CUST02922,2025-03-09,Standard,58,17,India,26-35,Partner,5,5,0,2026-07-14,Monthly,1,Competitor
CUST02923,2024-02-13,Premium,102,30,USA,26-35,Organic,3,11,0,2026-08-03,Monthly,0,Not Churned
CUST02924,2025-12-04,Basic,32,8,India,18-25,Social Media,5,12,1,2026-06-21,Monthly,0,Not Churned
CUST02925,2026-05-03,Basic,26,3,India,46-55,Social Media,3,12,0,2026-06-21,Annual,0,Not Churned
CUST02926,2024-07-12,Premium,106,25,Germany,26-35,Organic,3,11,0,2026-06-18,Monthly,1,Competitor
CUST02927,2024-03-14,Premium,103,29,USA,36-45,Referral,6,17,0,2026-07-01,Annual,0,Not Churned
CUST02928,2024-11-09,Premium,108,21,Canada,26-35,Paid Ads,4,11,3,2026-07-12,Annual,1,Payment Issues
CUST02929,2022-02-23,Standard,59,54,UK,26-35,Referral,1,11,1,2026-08-19,Monthly,1,Competitor
CUST02930,2022-04-24,Basic,29,52,USA,26-35,Partner,4,13,0,2026-07-05,Annual,0,Not Churned
CUST02931,2026-02-02,Standard,57,6,India,36-45,Paid Ads,0,7,0,2026-07-24,Monthly,1,Competitor
CUST02932,2021-11-25,Standard,64,57,UK,46-55,Paid Ads,3,14,0,2026-08-07,Annual,0,Not Churned
CUST02933,2024-09-10,Basic,36,23,India,26-35,Partner,5,13,1,2026-06-10,Monthly,0,Not Churned
CUST02934,2022-06-23,Standard,63,50,USA,26-35,Partner,4,12,0,2026-07-27,Annual,0,Not Churned
CUST02935,2025-09-05,Standard,56,11,UK,36-45,Organic,4,9,0,2026-07-17,Annual,0,Not Churned
CUST02936,2026-02-02,Basic,24,6,Canada,26-35,Partner,4,15,1,2026-06-04,Monthly,0,Not Churned
CUST02937,2024-05-13,Standard,65,27,UK,36-45,Organic,2,5,0,2026-06-09,Monthly,0,Not Churned
CUST02938,2024-05-13,Standard,60,27,UK,18-25,Paid Ads,4,15,0,2026-08-19,Monthly,0,Not Churned
CUST02939,2025-07-07,Premium,108,13,India,36-45,Social Media,2,12,1,2026-08-04,Monthly,0,Not Churned
CUST02940,2021-08-27,Basic,38,60,India,36-45,Social Media,3,9,0,2026-07-31,Monthly,1,Pricing
CUST02941,2025-11-04,Basic,28,9,India,18-25,Referral,3,14,0,2026-07-18,Annual,0,Not Churned
CUST02942,2025-12-04,Standard,67,8,UK,36-45,Organic,2,18,1,2026-07-04,Annual,0,Not Churned
CUST02943,2022-11-20,Basic,33,45,Germany,26-35,Organic,1,11,1,2026-07-17,Monthly,0,Not Churned
CUST02944,2024-05-13,Standard,68,27,India,26-35,Partner,4,8,0,2026-07-02,Monthly,1,Competitor
CUST02945,2023-12-15,Standard,60,32,India,26-35,Organic,2,13,1,2026-08-22,Monthly,0,Not Churned
CUST02946,2024-03-14,Basic,24,29,USA,26-35,Organic,4,12,1,2026-08-12,Annual,0,Not Churned
CUST02947,2022-10-21,Standard,61,46,Australia,18-25,Social Media,2,15,1,2026-06-17,Monthly,1,Competitor
CUST02948,2023-11-15,Standard,56,33,USA,56+,Referral,0,8,0,2026-07-09,Monthly,0,Not Churned
CUST02949,2026-03-04,Basic,30,5,India,36-45,Paid Ads,2,12,1,2026-06-20,Monthly,0,Not Churned
CUST02950,2023-06-18,Premium,105,38,Germany,18-25,Organic,2,9,0,2026-07-07,Annual,0,Not Churned
CUST02951,2025-11-04,Premium,96,9,Australia,46-55,Social Media,5,10,0,2026-06-10,Monthly,1,Competitor
CUST02952,2022-04-24,Standard,67,52,India,26-35,Partner,0,11,4,2026-07-09,Monthly,0,Not Churned
CUST02953,2025-07-07,Standard,56,13,Germany,36-45,Organic,2,12,0,2026-07-04,Monthly,0,Not Churned
CUST02954,2023-11-15,Standard,63,33,USA,26-35,Referral,4,10,0,2026-06-10,Monthly,0,Not Churned
CUST02955,2024-02-13,Premium,102,30,USA,36-45,Organic,2,14,1,2026-06-19,Monthly,0,Not Churned
CUST02956,2022-02-23,Standard,66,54,USA,36-45,Social Media,3,8,1,2026-08-09,Monthly,0,Not Churned
CUST02957,2024-07-12,Standard,55,25,Australia,36-45,Paid Ads,3,10,2,2026-06-27,Monthly,0,Not Churned
CUST02958,2026-02-02,Premium,107,6,UK,26-35,Referral,3,7,0,2026-07-22,Monthly,0,Not Churned
CUST02959,2023-05-19,Basic,27,39,India,26-35,Paid Ads,5,15,0,2026-07-06,Monthly,0,Not Churned
CUST02960,2025-10-05,Premium,99,10,Germany,26-35,Paid Ads,2,6,1,2026-07-07,Monthly,0,Not Churned
CUST02961,2023-08-17,Basic,37,36,India,18-25,Social Media,2,12,0,2026-08-02,Monthly,0,Not Churned
CUST02962,2022-06-23,Basic,26,50,Canada,26-35,Paid Ads,1,15,0,2026-07-29,Monthly,0,Not Churned
CUST02963,2022-08-22,Basic,35,48,UK,36-45,Social Media,3,11,0,2026-08-11,Monthly,0,Not Churned
CUST02964,2025-01-08,Premium,103,19,India,46-55,Paid Ads,2,7,0,2026-08-17,Monthly,0,Not Churned
CUST02965,2025-09-05,Premium,107,11,India,26-35,Organic,4,10,0,2026-08-02,Monthly,0,Not Churned
CUST02966,2025-03-09,Standard,63,17,Australia,26-35,Paid Ads,3,13,1,2026-07-09,Monthly,0,Not Churned
CUST02967,2026-06-02,Standard,60,2,USA,46-55,Paid Ads,4,14,0,2026-07-13,Monthly,0,Not Churned
CUST02968,2026-01-03,Standard,60,7,UK,46-55,Paid Ads,4,12,0,2026-06-21,Monthly,0,Not Churned
CUST02969,2023-03-20,Premium,108,41,USA,26-35,Social Media,2,15,0,2026-08-13,Monthly,0,Not Churned
CUST02970,2021-11-25,Standard,58,57,Canada,18-25,Referral,0,10,1,2026-08-02,Monthly,0,Not Churned
CUST02971,2024-01-14,Basic,26,31,USA,36-45,Social Media,2,11,1,2026-06-04,Monthly,1,Pricing
CUST02972,2021-11-25,Basic,25,57,India,36-45,Paid Ads,2,8,0,2026-06-15,Monthly,0,Not Churned
CUST02973,2021-09-26,Standard,68,59,USA,18-25,Organic,2,10,0,2026-08-29,Annual,0,Not Churned
CUST02974,2024-01-14,Standard,68,31,Australia,36-45,Organic,5,11,0,2026-07-15,Monthly,1,Competitor
CUST02975,2022-10-21,Basic,27,46,USA,36-45,Social Media,7,9,0,2026-08-13,Monthly,1,Poor Support Experience
CUST02976,2025-03-09,Basic,37,17,India,26-35,Organic,3,12,0,2026-06-12,Monthly,0,Not Churned
CUST02977,2025-05-08,Premium,108,15,Germany,36-45,Organic,5,9,2,2026-07-06,Monthly,0,Not Churned
CUST02978,2026-01-03,Basic,36,7,Canada,26-35,Organic,2,10,0,2026-06-23,Monthly,0,Not Churned
CUST02979,2024-02-13,Standard,57,30,India,36-45,Paid Ads,3,19,0,2026-07-08,Annual,0,Not Churned
CUST02980,2023-05-19,Premium,104,39,Germany,36-45,Paid Ads,3,14,1,2026-07-07,Monthly,1,Competitor
CUST02981,2025-06-07,Standard,61,14,UK,26-35,Organic,3,11,2,2026-08-07,Monthly,1,Payment Issues
CUST02982,2024-01-14,Basic,31,31,India,36-45,Paid Ads,5,18,0,2026-07-07,Annual,0,Not Churned
CUST02983,2025-11-04,Standard,66,9,India,36-45,Paid Ads,1,18,0,2026-06-09,Monthly,0,Not Churned
CUST02984,2025-11-04,Premium,98,9,UK,56+,Social Media,2,13,0,2026-06-14,Monthly,0,Not Churned
CUST02985,2022-07-23,Standard,66,49,Canada,26-35,Social Media,1,7,0,2026-06-12,Monthly,1,Competitor
CUST02986,2021-10-26,Premium,99,58,India,18-25,Referral,5,10,0,2026-08-24,Monthly,0,Not Churned
CUST02987,2022-03-25,Basic,31,53,India,56+,Paid Ads,2,11,1,2026-07-22,Annual,0,Not Churned
CUST02988,2026-06-02,Standard,68,2,India,36-45,Organic,0,10,0,2026-07-26,Monthly,0,Not Churned
CUST02989,2022-12-20,Standard,54,44,USA,46-55,Social Media,3,12,1,2026-08-02,Annual,0,Not Churned
CUST02990,2024-10-10,Premium,98,22,India,18-25,Paid Ads,5,11,3,2026-06-24,Annual,0,Not Churned
CUST02991,2025-04-08,Basic,27,16,India,26-35,Paid Ads,4,14,0,2026-07-03,Monthly,0,Not Churned
CUST02992,2026-06-02,Premium,97,2,UK,18-25,Partner,2,9,0,2026-07-27,Monthly,1,Competitor
CUST02993,2025-05-08,Standard,64,15,Canada,46-55,Partner,0,12,0,2026-07-17,Monthly,0,Not Churned
CUST02994,2026-02-02,Basic,25,6,USA,46-55,Social Media,3,12,0,2026-06-16,Annual,0,Not Churned
CUST02995,2024-09-10,Basic,33,23,USA,36-45,Partner,1,7,1,2026-06-18,Monthly,0,Not Churned
CUST02996,2022-02-23,Premium,94,54,USA,26-35,Social Media,1,10,0,2026-08-18,Monthly,0,Not Churned
CUST02997,2024-04-13,Basic,37,28,USA,18-25,Referral,4,10,0,2026-08-15,Annual,0,Not Churned
CUST02998,2023-01-19,Basic,38,43,Germany,36-45,Organic,3,11,1,2026-06-20,Monthly,0,Not Churned
CUST02999,2025-03-09,Basic,29,17,Canada,36-45,Partner,1,14,1,2026-06-30,Monthly,0,Not Churned
CUST03000,2023-08-17,Premium,100,36,India,36-45,Social Media,3,9,1,2026-06-20,Monthly,0,Not Churned
CUST03001,2025-01-08,Standard,58,19,USA,26-35,Organic,3,17,0,2026-07-15,Monthly,0,Not Churned
CUST03002,2026-03-04,Standard,68,5,USA,26-35,Paid Ads,4,10,1,2026-06-05,Monthly,0,Not Churned
CUST03003,2024-09-10,Basic,31,23,UK,18-25,Organic,4,13,1,2026-08-08,Annual,0,Not Churned
CUST03004,2022-12-20,Standard,62,44,USA,36-45,Partner,3,9,0,2026-08-25,Monthly,0,Not Churned
CUST03005,2025-01-08,Standard,64,19,Canada,26-35,Referral,5,15,2,2026-08-02,Monthly,1,Payment Issues
CUST03006,2026-07-02,Premium,104,1,Canada,46-55,Organic,4,5,1,2026-06-11,Monthly,0,Not Churned
CUST03007,2024-05-13,Premium,95,27,USA,36-45,Organic,3,14,0,2026-08-01,Annual,0,Not Churned
CUST03008,2023-01-19,Basic,34,43,Australia,26-35,Partner,6,10,0,2026-07-25,Annual,0,Not Churned
CUST03009,2024-07-12,Standard,66,25,Canada,26-35,Referral,3,9,0,2026-06-14,Monthly,1,Competitor
CUST03010,2022-02-23,Basic,27,54,Canada,46-55,Paid Ads,6,12,0,2026-07-21,Monthly,0,Not Churned
CUST03011,2026-02-02,Standard,64,6,Germany,18-25,Paid Ads,0,13,1,2026-08-05,Annual,0,Not Churned
CUST03012,2023-08-17,Basic,32,36,India,26-35,Organic,0,11,2,2026-07-07,Monthly,0,Not Churned
CUST03013,2021-09-26,Basic,28,59,India,46-55,Organic,2,20,2,2026-06-11,Monthly,0,Not Churned
CUST03014,2025-03-09,Basic,26,17,Australia,36-45,Referral,4,14,1,2026-06-28,Monthly,0,Not Churned
CUST03015,2025-08-06,Standard,59,12,Canada,36-45,Paid Ads,1,11,0,2026-08-02,Monthly,1,Competitor
CUST03016,2024-07-12,Basic,38,25,Germany,26-35,Paid Ads,1,9,0,2026-08-03,Monthly,0,Not Churned
CUST03017,2025-10-05,Standard,56,10,India,46-55,Referral,5,8,1,2026-07-05,Annual,0,Not Churned
CUST03018,2022-01-24,Standard,67,55,UK,26-35,Organic,4,13,0,2026-08-20,Monthly,1,Competitor
CUST03019,2021-08-27,Basic,28,60,India,26-35,Partner,3,17,0,2026-08-20,Monthly,0,Not Churned
CUST03020,2021-10-26,Standard,56,58,USA,26-35,Organic,0,12,1,2026-06-26,Monthly,0,Not Churned
CUST03021,2022-10-21,Basic,29,46,India,26-35,Organic,2,3,1,2026-06-02,Monthly,0,Not Churned
CUST03022,2023-05-19,Standard,65,39,India,56+,Organic,2,7,1,2026-06-28,Monthly,0,Not Churned
CUST03023,2021-09-26,Standard,63,59,India,36-45,Organic,1,13,0,2026-07-31,Monthly,0,Not Churned
CUST03024,2022-01-24,Basic,28,55,UK,36-45,Organic,1,11,1,2026-07-22,Monthly,0,Not Churned
CUST03025,2022-01-24,Basic,37,55,USA,56+,Paid Ads,8,12,0,2026-07-10,Monthly,0,Not Churned
CUST03026,2024-08-11,Basic,32,24,India,26-35,Referral,1,14,1,2026-07-06,Monthly,0,Not Churned
CUST03027,2025-09-05,Premium,96,11,India,18-25,Organic,2,13,0,2026-07-24,Annual,0,Not Churned
CUST03028,2024-08-11,Standard,59,24,India,36-45,Paid Ads,4,11,0,2026-08-05,Monthly,0,Not Churned
CUST03029,2026-05-03,Standard,61,3,Germany,36-45,Partner,2,17,0,2026-07-22,Annual,0,Not Churned
CUST03030,2023-04-19,Standard,60,40,India,26-35,Organic,2,9,0,2026-06-27,Monthly,0,Not Churned
CUST03031,2024-12-09,Basic,29,20,India,18-25,Social Media,6,13,1,2026-08-22,Monthly,0,Not Churned
CUST03032,2024-09-10,Standard,67,23,Australia,26-35,Organic,3,9,0,2026-06-06,Monthly,0,Not Churned
CUST03033,2026-03-04,Standard,68,5,UK,26-35,Organic,2,18,0,2026-06-08,Monthly,0,Not Churned
CUST03034,2021-08-27,Basic,25,60,UK,26-35,Paid Ads,3,12,1,2026-08-23,Monthly,0,Not Churned
CUST03035,2023-08-17,Basic,38,36,UK,26-35,Organic,7,11,0,2026-08-05,Monthly,0,Not Churned
CUST03036,2025-07-07,Basic,30,13,Germany,26-35,Partner,5,7,0,2026-08-08,Monthly,0,Not Churned
CUST03037,2023-08-17,Standard,61,36,India,26-35,Organic,2,9,0,2026-06-22,Monthly,0,Not Churned
CUST03038,2026-02-02,Premium,94,6,Germany,26-35,Referral,3,11,0,2026-07-05,Annual,0,Not Churned
CUST03039,2026-06-02,Basic,38,2,Australia,56+,Referral,3,18,0,2026-08-22,Monthly,1,Pricing
CUST03040,2024-03-14,Standard,62,29,USA,46-55,Organic,1,11,0,2026-07-15,Monthly,0,Not Churned
CUST03041,2026-03-04,Basic,27,5,UK,36-45,Referral,3,17,0,2026-06-27,Annual,0,Not Churned
CUST03042,2025-05-08,Premium,101,15,UK,56+,Paid Ads,4,12,2,2026-07-17,Monthly,0,Not Churned
CUST03043,2025-12-04,Basic,38,8,India,56+,Referral,2,9,0,2026-07-01,Annual,0,Not Churned
CUST03044,2023-10-16,Standard,63,34,India,26-35,Social Media,5,8,0,2026-07-22,Annual,0,Not Churned
CUST03045,2022-03-25,Standard,60,53,Germany,26-35,Paid Ads,7,11,0,2026-08-18,Monthly,0,Not Churned
CUST03046,2022-01-24,Standard,67,55,USA,56+,Paid Ads,4,2,0,2026-07-30,Monthly,1,Low Engagement
CUST03047,2023-07-18,Standard,66,37,USA,36-45,Organic,2,8,0,2026-08-28,Annual,0,Not Churned
CUST03048,2024-06-12,Basic,33,26,Canada,26-35,Organic,5,14,0,2026-07-11,Monthly,0,Not Churned
CUST03049,2025-11-04,Basic,30,9,USA,36-45,Organic,3,6,0,2026-07-09,Monthly,0,Not Churned
CUST03050,2021-11-25,Basic,25,57,India,26-35,Partner,8,11,0,2026-07-30,Monthly,0,Not Churned
CUST03051,2025-12-04,Basic,24,8,Canada,26-35,Paid Ads,4,15,0,2026-07-05,Monthly,0,Not Churned
CUST03052,2025-06-07,Standard,57,14,Canada,26-35,Organic,3,13,1,2026-08-08,Annual,0,Not Churned
CUST03053,2022-08-22,Basic,35,48,India,26-35,Organic,3,6,1,2026-07-06,Monthly,1,Pricing
CUST03054,2024-07-12,Basic,25,25,Germany,18-25,Organic,3,11,0,2026-06-29,Monthly,0,Not Churned
CUST03055,2023-10-16,Standard,61,34,India,46-55,Organic,3,13,0,2026-08-18,Monthly,0,Not Churned
CUST03056,2026-05-03,Premium,103,3,USA,26-35,Paid Ads,2,12,1,2026-08-20,Monthly,1,Competitor
CUST03057,2023-12-15,Standard,60,32,India,18-25,Organic,2,8,0,2026-07-14,Monthly,0,Not Churned
CUST03058,2023-08-17,Basic,31,36,UK,18-25,Organic,7,9,0,2026-07-31,Annual,0,Not Churned
CUST03059,2022-09-21,Basic,34,47,USA,36-45,Referral,3,8,1,2026-08-19,Annual,0,Not Churned
CUST03060,2026-03-04,Premium,99,5,USA,56+,Partner,2,9,0,2026-07-01,Monthly,0,Not Churned
CUST03061,2025-05-08,Basic,24,15,Australia,18-25,Paid Ads,6,13,1,2026-06-23,Monthly,0,Not Churned
CUST03062,2021-10-26,Basic,37,58,India,18-25,Social Media,4,9,0,2026-07-26,Monthly,1,Pricing
CUST03063,2024-04-13,Standard,66,28,Canada,26-35,Organic,5,8,0,2026-08-28,Monthly,0,Not Churned
CUST03064,2025-02-07,Standard,66,18,USA,36-45,Social Media,3,9,0,2026-06-19,Monthly,0,Not Churned
CUST03065,2022-11-20,Standard,65,45,Germany,26-35,Organic,4,19,1,2026-07-21,Annual,0,Not Churned
CUST03066,2025-09-05,Basic,32,11,USA,26-35,Social Media,2,11,1,2026-07-02,Monthly,1,Pricing
CUST03067,2025-10-05,Basic,29,10,India,26-35,Social Media,2,10,1,2026-08-08,Annual,0,Not Churned
CUST03068,2026-04-03,Premium,105,4,India,26-35,Social Media,3,9,1,2026-06-17,Monthly,0,Not Churned
CUST03069,2024-12-09,Basic,36,20,Australia,46-55,Social Media,3,11,1,2026-07-16,Annual,0,Not Churned
CUST03070,2026-03-04,Standard,63,5,Australia,18-25,Referral,3,9,0,2026-07-30,Monthly,1,Competitor
CUST03071,2022-02-23,Standard,54,54,India,26-35,Organic,2,19,2,2026-06-15,Annual,0,Not Churned
CUST03072,2026-07-02,Standard,54,1,UK,46-55,Referral,3,15,0,2026-07-18,Monthly,0,Not Churned
CUST03073,2025-07-07,Basic,31,13,USA,46-55,Paid Ads,2,15,0,2026-06-19,Annual,0,Not Churned
CUST03074,2022-10-21,Basic,29,46,Germany,18-25,Organic,3,14,2,2026-08-23,Annual,0,Not Churned
CUST03075,2024-10-10,Standard,61,22,Germany,56+,Paid Ads,4,11,0,2026-06-27,Annual,0,Not Churned
CUST03076,2022-08-22,Premium,101,48,Germany,36-45,Referral,2,15,1,2026-07-27,Monthly,0,Not Churned
CUST03077,2025-07-07,Premium,108,13,Australia,26-35,Organic,3,10,0,2026-06-15,Monthly,1,Competitor
CUST03078,2025-05-08,Basic,34,15,Australia,26-35,Referral,1,9,0,2026-08-08,Monthly,0,Not Churned
CUST03079,2025-11-04,Basic,37,9,India,26-35,Referral,3,9,2,2026-06-22,Monthly,0,Not Churned
CUST03080,2026-05-03,Premium,101,3,Australia,26-35,Organic,3,11,0,2026-08-13,Annual,0,Not Churned
CUST03081,2026-06-02,Standard,63,2,UK,26-35,Paid Ads,1,10,0,2026-08-21,Monthly,1,Competitor
CUST03082,2025-08-06,Premium,108,12,Germany,36-45,Partner,3,11,1,2026-07-14,Monthly,1,Competitor
CUST03083,2024-08-11,Basic,30,24,USA,46-55,Social Media,4,10,1,2026-07-31,Monthly,0,Not Churned
CUST03084,2025-02-07,Standard,60,18,India,26-35,Paid Ads,1,12,0,2026-08-15,Monthly,0,Not Churned
CUST03085,2021-12-25,Standard,63,56,USA,26-35,Paid Ads,2,13,1,2026-06-20,Monthly,0,Not Churned
CUST03086,2021-10-26,Standard,57,58,UK,26-35,Organic,2,5,0,2026-08-27,Monthly,0,Not Churned
CUST03087,2023-08-17,Standard,62,36,India,36-45,Organic,2,15,0,2026-08-06,Monthly,0,Not Churned
CUST03088,2024-07-12,Basic,35,25,USA,36-45,Organic,2,11,0,2026-08-13,Monthly,0,Not Churned
CUST03089,2022-04-24,Standard,55,52,USA,26-35,Partner,1,10,0,2026-07-18,Monthly,0,Not Churned
CUST03090,2025-05-08,Basic,34,15,USA,36-45,Partner,1,16,0,2026-07-19,Annual,0,Not Churned
CUST03091,2026-07-02,Standard,62,1,USA,26-35,Social Media,4,12,1,2026-06-12,Annual,0,Not Churned
CUST03092,2025-12-04,Premium,103,8,India,36-45,Paid Ads,3,12,0,2026-08-14,Monthly,0,Not Churned
CUST03093,2022-07-23,Basic,26,49,Germany,26-35,Organic,2,10,0,2026-08-30,Monthly,1,Pricing
CUST03094,2023-07-18,Premium,107,37,Canada,26-35,Referral,0,12,1,2026-08-16,Monthly,0,Not Churned
CUST03095,2026-01-03,Basic,36,7,India,26-35,Referral,7,9,1,2026-07-10,Annual,1,Poor Support Experience
CUST03096,2023-09-16,Standard,68,35,Canada,46-55,Paid Ads,2,4,0,2026-08-31,Monthly,1,Low Engagement
CUST03097,2023-06-18,Premium,95,38,Canada,36-45,Referral,2,12,1,2026-07-31,Monthly,0,Not Churned
CUST03098,2022-11-20,Basic,36,45,India,56+,Referral,3,11,2,2026-06-14,Annual,0,Not Churned
CUST03099,2025-04-08,Basic,27,16,USA,18-25,Social Media,2,10,0,2026-07-29,Annual,0,Not Churned
CUST03100,2021-09-26,Standard,58,59,UK,26-35,Paid Ads,4,15,0,2026-06-09,Annual,0,Not Churned
CUST03101,2025-03-09,Basic,25,17,USA,26-35,Social Media,3,10,0,2026-07-17,Annual,0,Not Churned
CUST03102,2023-06-18,Standard,66,38,Canada,36-45,Organic,5,7,0,2026-06-16,Annual,0,Not Churned
CUST03103,2024-02-13,Premium,108,30,USA,46-55,Referral,3,13,2,2026-08-10,Annual,0,Not Churned
CUST03104,2023-07-18,Standard,54,37,India,46-55,Organic,0,14,0,2026-07-14,Monthly,0,Not Churned
CUST03105,2025-02-07,Basic,33,18,Germany,36-45,Organic,3,5,0,2026-06-04,Annual,0,Not Churned
CUST03106,2023-08-17,Standard,64,36,India,36-45,Organic,2,6,0,2026-08-11,Annual,0,Not Churned
CUST03107,2025-08-06,Standard,58,12,UK,46-55,Organic,4,15,0,2026-07-20,Monthly,0,Not Churned
CUST03108,2024-04-13,Basic,32,28,India,26-35,Partner,3,11,1,2026-08-28,Monthly,0,Not Churned
CUST03109,2022-08-22,Standard,68,48,India,46-55,Paid Ads,3,14,0,2026-07-02,Annual,0,Not Churned
CUST03110,2025-09-05,Standard,65,11,USA,46-55,Partner,5,6,1,2026-06-26,Monthly,0,Not Churned
CUST03111,2021-08-27,Standard,65,60,India,26-35,Organic,6,9,0,2026-06-28,Annual,0,Not Churned
CUST03112,2021-09-26,Basic,38,59,USA,36-45,Organic,3,10,0,2026-06-19,Monthly,0,Not Churned
CUST03113,2023-01-19,Standard,58,43,India,26-35,Referral,2,5,0,2026-07-16,Annual,0,Not Churned
CUST03114,2022-01-24,Basic,35,55,USA,26-35,Paid Ads,2,15,0,2026-07-10,Monthly,0,Not Churned
CUST03115,2026-02-02,Basic,34,6,UK,36-45,Referral,2,10,0,2026-08-25,Monthly,0,Not Churned
CUST03116,2021-09-26,Premium,103,59,India,26-35,Paid Ads,0,15,0,2026-06-07,Annual,0,Not Churned
CUST03117,2024-06-12,Standard,62,26,Australia,26-35,Social Media,1,19,0,2026-08-27,Monthly,0,Not Churned
CUST03118,2025-04-08,Basic,37,16,India,46-55,Paid Ads,3,10,2,2026-06-13,Annual,0,Not Churned
CUST03119,2023-06-18,Basic,36,38,India,18-25,Referral,4,11,1,2026-07-07,Monthly,0,Not Churned
CUST03120,2025-11-04,Basic,35,9,UK,18-25,Paid Ads,3,8,1,2026-08-27,Annual,1,Pricing
CUST03121,2025-02-07,Basic,33,18,USA,36-45,Referral,0,12,0,2026-08-02,Monthly,0,Not Churned
CUST03122,2023-11-15,Basic,29,33,USA,26-35,Referral,2,11,1,2026-07-05,Monthly,1,Pricing
CUST03123,2022-06-23,Basic,26,50,India,26-35,Paid Ads,5,8,1,2026-06-02,Annual,0,Not Churned
CUST03124,2025-01-08,Standard,57,19,Canada,26-35,Organic,1,12,0,2026-07-02,Monthly,0,Not Churned
CUST03125,2025-11-04,Standard,57,9,UK,18-25,Referral,3,15,1,2026-08-22,Annual,0,Not Churned
CUST03126,2022-10-21,Standard,54,46,India,18-25,Partner,1,15,0,2026-07-15,Annual,0,Not Churned
CUST03127,2022-12-20,Standard,56,44,USA,46-55,Organic,5,13,0,2026-06-19,Monthly,0,Not Churned
CUST03128,2023-02-18,Basic,26,42,Canada,26-35,Social Media,5,10,0,2026-08-09,Monthly,0,Not Churned
CUST03129,2025-11-04,Premium,106,9,USA,26-35,Paid Ads,4,17,0,2026-08-26,Monthly,0,Not Churned
CUST03130,2022-12-20,Premium,107,44,India,56+,Paid Ads,3,14,0,2026-08-05,Monthly,1,Competitor
CUST03131,2026-03-04,Premium,94,5,USA,46-55,Partner,1,19,1,2026-07-11,Monthly,0,Not Churned
CUST03132,2024-09-10,Premium,106,23,India,18-25,Referral,5,9,0,2026-06-15,Monthly,1,Competitor
CUST03133,2022-05-24,Premium,102,51,USA,36-45,Social Media,2,7,0,2026-06-06,Annual,1,Competitor
CUST03134,2023-02-18,Standard,64,42,Australia,36-45,Paid Ads,4,12,0,2026-07-29,Monthly,0,Not Churned
CUST03135,2023-10-16,Basic,24,34,USA,36-45,Organic,7,7,1,2026-06-12,Monthly,0,Not Churned
CUST03136,2023-06-18,Standard,62,38,USA,36-45,Referral,2,18,0,2026-07-11,Monthly,1,Competitor
CUST03137,2024-10-10,Standard,54,22,Australia,26-35,Partner,1,18,1,2026-08-01,Monthly,0,Not Churned
CUST03138,2026-03-04,Standard,55,5,USA,26-35,Social Media,3,6,0,2026-08-10,Annual,0,Not Churned
CUST03139,2026-07-02,Standard,55,1,USA,26-35,Organic,3,11,1,2026-08-27,Monthly,0,Not Churned
CUST03140,2024-06-12,Basic,37,26,India,36-45,Paid Ads,0,14,0,2026-06-20,Annual,0,Not Churned
CUST03141,2025-02-07,Basic,29,18,UK,36-45,Paid Ads,2,13,0,2026-08-14,Monthly,0,Not Churned
CUST03142,2022-01-24,Premium,100,55,USA,18-25,Referral,7,10,0,2026-08-11,Monthly,1,Poor Support Experience
CUST03143,2024-06-12,Standard,64,26,USA,18-25,Organic,2,16,0,2026-07-02,Annual,0,Not Churned
CUST03144,2025-05-08,Standard,54,15,Germany,56+,Organic,1,10,0,2026-07-18,Annual,0,Not Churned
CUST03145,2026-06-02,Basic,26,2,Australia,26-35,Social Media,1,8,0,2026-06-23,Annual,0,Not Churned
CUST03146,2022-03-25,Basic,25,53,Canada,26-35,Referral,3,13,0,2026-08-03,Monthly,0,Not Churned
CUST03147,2025-05-08,Premium,101,15,USA,36-45,Social Media,1,13,0,2026-06-10,Monthly,0,Not Churned
CUST03148,2025-09-05,Standard,62,11,USA,26-35,Partner,4,15,0,2026-07-17,Monthly,0,Not Churned
CUST03149,2021-10-26,Standard,66,58,India,26-35,Paid Ads,6,8,1,2026-07-12,Monthly,1,Competitor
CUST03150,2022-11-20,Standard,55,45,India,26-35,Social Media,4,11,1,2026-08-28,Monthly,0,Not Churned
CUST03151,2024-12-09,Standard,55,20,Canada,36-45,Referral,8,6,0,2026-07-19,Annual,0,Not Churned
CUST03152,2022-09-21,Basic,33,47,USA,26-35,Partner,6,15,1,2026-07-29,Monthly,0,Not Churned
CUST03153,2023-02-18,Standard,68,42,Australia,46-55,Organic,2,7,0,2026-07-19,Monthly,0,Not Churned
CUST03154,2025-03-09,Standard,62,17,India,26-35,Organic,3,14,1,2026-06-26,Monthly,0,Not Churned
CUST03155,2026-03-04,Standard,67,5,USA,36-45,Referral,6,8,1,2026-07-05,Monthly,0,Not Churned
CUST03156,2023-11-15,Standard,57,33,UK,18-25,Partner,4,14,1,2026-07-02,Monthly,1,Competitor
CUST03157,2022-05-24,Premium,98,51,USA,26-35,Social Media,5,16,1,2026-06-17,Annual,0,Not Churned
CUST03158,2022-12-20,Basic,36,44,Australia,36-45,Referral,3,16,0,2026-08-22,Annual,0,Not Churned
CUST03159,2024-07-12,Premium,104,25,Germany,26-35,Paid Ads,3,8,0,2026-08-19,Monthly,0,Not Churned
CUST03160,2026-01-03,Basic,32,7,India,36-45,Referral,3,10,1,2026-08-03,Monthly,0,Not Churned
CUST03161,2023-10-16,Standard,59,34,India,26-35,Social Media,3,9,0,2026-07-12,Annual,0,Not Churned
CUST03162,2022-03-25,Basic,33,53,India,18-25,Social Media,3,7,0,2026-07-17,Monthly,0,Not Churned
CUST03163,2025-05-08,Basic,35,15,UK,36-45,Referral,4,10,1,2026-08-09,Monthly,1,Pricing
CUST03164,2022-04-24,Standard,62,52,USA,36-45,Organic,1,16,0,2026-08-09,Monthly,0,Not Churned
CUST03165,2025-07-07,Basic,32,13,Canada,18-25,Referral,2,12,0,2026-06-02,Monthly,1,Pricing
CUST03166,2023-12-15,Standard,60,32,USA,46-55,Paid Ads,3,21,1,2026-07-08,Annual,0,Not Churned
CUST03167,2023-05-19,Premium,107,39,UK,26-35,Partner,4,10,1,2026-07-08,Annual,0,Not Churned
CUST03168,2025-06-07,Basic,35,14,Canada,18-25,Referral,3,10,0,2026-06-23,Monthly,0,Not Churned
CUST03169,2024-12-09,Standard,63,20,USA,26-35,Referral,7,15,1,2026-06-10,Monthly,0,Not Churned
CUST03170,2025-04-08,Standard,62,16,USA,26-35,Partner,4,10,0,2026-07-03,Monthly,0,Not Churned
CUST03171,2024-02-13,Standard,58,30,India,18-25,Organic,1,10,0,2026-08-07,Monthly,0,Not Churned
CUST03172,2023-03-20,Basic,28,41,USA,36-45,Organic,2,10,0,2026-06-16,Annual,0,Not Churned
CUST03173,2025-01-08,Basic,35,19,USA,26-35,Referral,2,14,0,2026-06-18,Monthly,1,Pricing
CUST03174,2024-10-10,Basic,31,22,USA,26-35,Paid Ads,1,14,0,2026-07-17,Monthly,0,Not Churned
CUST03175,2023-07-18,Basic,33,37,Australia,56+,Paid Ads,4,13,1,2026-06-23,Monthly,0,Not Churned
CUST03176,2025-10-05,Basic,27,10,Australia,26-35,Social Media,3,11,0,2026-07-17,Monthly,0,Not Churned
CUST03177,2025-12-04,Standard,62,8,Australia,26-35,Referral,5,11,0,2026-06-10,Monthly,0,Not Churned
CUST03178,2024-03-14,Premium,100,29,USA,26-35,Organic,3,8,3,2026-08-09,Monthly,0,Not Churned
CUST03179,2025-06-07,Premium,100,14,UK,26-35,Paid Ads,3,15,0,2026-07-31,Annual,0,Not Churned
CUST03180,2025-09-05,Standard,66,11,USA,26-35,Organic,0,13,0,2026-07-20,Monthly,0,Not Churned
CUST03181,2024-02-13,Basic,38,30,India,26-35,Referral,2,10,1,2026-08-11,Annual,0,Not Churned
CUST03182,2023-11-15,Basic,26,33,India,36-45,Organic,5,17,0,2026-06-03,Annual,0,Not Churned
CUST03183,2023-02-18,Basic,27,42,India,36-45,Social Media,2,6,0,2026-06-06,Annual,1,Pricing
CUST03184,2023-10-16,Basic,30,34,India,36-45,Referral,5,8,0,2026-06-05,Monthly,0,Not Churned
CUST03185,2023-05-19,Standard,64,39,USA,36-45,Organic,4,10,1,2026-06-21,Monthly,0,Not Churned
CUST03186,2022-07-23,Standard,64,49,Germany,26-35,Paid Ads,2,10,1,2026-06-25,Annual,0,Not Churned
CUST03187,2023-07-18,Basic,37,37,India,18-25,Referral,5,15,0,2026-08-16,Monthly,0,Not Churned
CUST03188,2021-12-25,Basic,28,56,Australia,36-45,Paid Ads,1,14,0,2026-06-09,Annual,0,Not Churned
CUST03189,2023-02-18,Premium,105,42,India,26-35,Paid Ads,2,13,1,2026-07-04,Monthly,0,Not Churned
CUST03190,2023-07-18,Standard,56,37,India,18-25,Partner,2,9,0,2026-06-08,Annual,0,Not Churned
CUST03191,2026-03-04,Basic,24,5,USA,36-45,Paid Ads,4,8,0,2026-07-14,Monthly,0,Not Churned
CUST03192,2023-03-20,Premium,100,41,UK,26-35,Paid Ads,7,12,0,2026-07-23,Annual,0,Not Churned
CUST03193,2023-01-19,Premium,99,43,India,36-45,Social Media,3,10,0,2026-07-16,Monthly,0,Not Churned
CUST03194,2022-09-21,Basic,33,47,India,26-35,Paid Ads,0,8,1,2026-08-01,Monthly,0,Not Churned
CUST03195,2021-09-26,Basic,38,59,USA,56+,Organic,4,8,0,2026-06-21,Monthly,0,Not Churned
CUST03196,2026-03-04,Standard,60,5,India,36-45,Organic,1,12,0,2026-08-03,Monthly,0,Not Churned
CUST03197,2025-03-09,Premium,108,17,UK,18-25,Partner,4,8,3,2026-08-26,Annual,1,Payment Issues
CUST03198,2025-01-08,Premium,107,19,USA,36-45,Partner,1,4,2,2026-08-21,Monthly,0,Not Churned
CUST03199,2022-10-21,Basic,25,46,India,36-45,Organic,1,9,1,2026-06-29,Monthly,0,Not Churned
CUST03200,2022-03-25,Basic,36,53,Australia,36-45,Referral,4,11,0,2026-08-07,Annual,0,Not Churned
CUST03201,2021-12-25,Standard,65,56,India,26-35,Organic,4,13,0,2026-06-25,Monthly,0,Not Churned
CUST03202,2024-06-12,Standard,57,26,Canada,26-35,Referral,4,12,2,2026-07-22,Monthly,1,Payment Issues
CUST03203,2026-06-02,Basic,25,2,Canada,26-35,Organic,4,9,2,2026-08-01,Monthly,0,Not Churned
CUST03204,2025-06-07,Premium,101,14,Germany,26-35,Organic,1,16,1,2026-07-13,Monthly,0,Not Churned
CUST03205,2022-04-24,Standard,60,52,USA,46-55,Social Media,2,7,1,2026-08-14,Annual,0,Not Churned
CUST03206,2024-04-13,Premium,94,28,UK,26-35,Paid Ads,4,15,0,2026-07-29,Annual,0,Not Churned
CUST03207,2026-04-03,Premium,95,4,India,18-25,Organic,5,10,0,2026-07-08,Annual,0,Not Churned
CUST03208,2026-05-03,Standard,55,3,UK,26-35,Social Media,2,7,1,2026-07-24,Monthly,1,Competitor
CUST03209,2025-05-08,Standard,57,15,USA,46-55,Social Media,3,11,0,2026-06-08,Annual,0,Not Churned
CUST03210,2024-10-10,Standard,56,22,USA,36-45,Referral,3,8,0,2026-07-31,Monthly,0,Not Churned
CUST03211,2022-08-22,Basic,24,48,Australia,36-45,Partner,3,13,0,2026-06-22,Monthly,0,Not Churned
CUST03212,2023-02-18,Standard,65,42,India,46-55,Paid Ads,3,13,0,2026-08-10,Monthly,0,Not Churned
CUST03213,2022-06-23,Basic,37,50,Australia,46-55,Organic,3,9,0,2026-07-31,Monthly,1,Pricing
CUST03214,2025-01-08,Standard,55,19,Australia,36-45,Organic,1,17,1,2026-07-04,Annual,0,Not Churned
CUST03215,2023-10-16,Basic,34,34,USA,26-35,Paid Ads,0,16,1,2026-07-06,Monthly,0,Not Churned
CUST03216,2025-10-05,Basic,32,10,USA,18-25,Organic,6,12,1,2026-08-23,Annual,0,Not Churned
CUST03217,2021-12-25,Basic,36,56,USA,36-45,Paid Ads,4,13,1,2026-07-30,Monthly,0,Not Churned
CUST03218,2023-10-16,Basic,24,34,Germany,26-35,Organic,2,10,0,2026-08-26,Monthly,0,Not Churned
CUST03219,2025-04-08,Standard,62,16,India,36-45,Paid Ads,0,17,0,2026-06-05,Monthly,0,Not Churned
CUST03220,2023-07-18,Standard,60,37,USA,26-35,Organic,0,16,0,2026-08-17,Monthly,0,Not Churned
CUST03221,2023-08-17,Standard,55,36,UK,36-45,Paid Ads,1,14,0,2026-08-19,Annual,0,Not Churned
CUST03222,2022-07-23,Basic,25,49,Germany,18-25,Referral,3,9,0,2026-08-18,Annual,0,Not Churned
CUST03223,2022-11-20,Basic,28,45,Canada,18-25,Paid Ads,2,16,0,2026-08-18,Monthly,0,Not Churned
CUST03224,2022-01-24,Basic,36,55,UK,36-45,Paid Ads,4,14,0,2026-06-19,Monthly,0,Not Churned
CUST03225,2024-10-10,Basic,28,22,India,26-35,Partner,1,10,1,2026-06-02,Monthly,0,Not Churned
CUST03226,2021-10-26,Premium,97,58,USA,36-45,Referral,5,11,1,2026-07-24,Monthly,0,Not Churned
CUST03227,2023-12-15,Basic,35,32,India,36-45,Paid Ads,3,16,0,2026-08-19,Annual,0,Not Churned
CUST03228,2022-12-20,Basic,33,44,Australia,56+,Referral,1,5,0,2026-07-24,Monthly,0,Not Churned
CUST03229,2025-03-09,Basic,33,17,Canada,46-55,Referral,0,15,1,2026-06-17,Monthly,0,Not Churned
CUST03230,2025-11-04,Basic,36,9,Canada,26-35,Organic,1,13,0,2026-07-05,Annual,0,Not Churned
CUST03231,2021-08-27,Standard,65,60,UK,36-45,Organic,4,11,1,2026-08-20,Monthly,0,Not Churned
CUST03232,2022-04-24,Standard,56,52,USA,18-25,Referral,2,22,0,2026-08-01,Monthly,1,Competitor
CUST03233,2023-11-15,Basic,27,33,India,26-35,Paid Ads,2,10,0,2026-07-03,Annual,0,Not Churned
CUST03234,2021-12-25,Basic,33,56,India,36-45,Organic,7,9,0,2026-06-06,Monthly,0,Not Churned
CUST03235,2023-11-15,Basic,27,33,India,36-45,Organic,2,11,0,2026-06-10,Monthly,0,Not Churned
CUST03236,2026-06-02,Basic,25,2,Canada,26-35,Organic,2,14,0,2026-08-31,Annual,0,Not Churned
CUST03237,2025-06-07,Basic,28,14,India,26-35,Partner,2,17,2,2026-08-19,Monthly,0,Not Churned
CUST03238,2023-07-18,Premium,108,37,UK,46-55,Organic,1,12,0,2026-07-28,Monthly,0,Not Churned
CUST03239,2023-11-15,Standard,58,33,UK,26-35,Organic,1,12,0,2026-07-17,Monthly,1,Competitor
CUST03240,2026-07-02,Standard,58,1,USA,46-55,Referral,4,11,0,2026-08-23,Annual,0,Not Churned
CUST03241,2022-09-21,Standard,64,47,India,36-45,Paid Ads,3,12,0,2026-08-19,Monthly,0,Not Churned
CUST03242,2024-10-10,Standard,68,22,India,26-35,Referral,3,19,0,2026-07-13,Monthly,0,Not Churned
CUST03243,2024-02-13,Standard,64,30,India,18-25,Paid Ads,3,12,0,2026-07-28,Monthly,0,Not Churned
CUST03244,2024-05-13,Standard,63,27,UK,26-35,Paid Ads,6,11,1,2026-06-21,Monthly,0,Not Churned
CUST03245,2023-11-15,Standard,54,33,India,46-55,Social Media,3,12,2,2026-07-19,Monthly,0,Not Churned
CUST03246,2022-03-25,Basic,29,53,Australia,46-55,Organic,6,12,0,2026-08-21,Monthly,0,Not Churned
CUST03247,2025-04-08,Standard,64,16,Canada,36-45,Paid Ads,2,13,1,2026-06-11,Monthly,0,Not Churned
CUST03248,2025-10-05,Standard,55,10,India,26-35,Partner,4,13,0,2026-06-15,Annual,0,Not Churned
CUST03249,2024-05-13,Premium,100,27,UK,36-45,Organic,2,16,2,2026-06-27,Annual,0,Not Churned
CUST03250,2023-07-18,Standard,57,37,UK,26-35,Organic,4,7,1,2026-07-15,Monthly,0,Not Churned
CUST03251,2026-06-02,Standard,68,2,Canada,36-45,Organic,5,11,0,2026-08-17,Annual,0,Not Churned
CUST03252,2024-02-13,Basic,28,30,India,26-35,Organic,6,11,0,2026-06-29,Monthly,0,Not Churned
CUST03253,2022-10-21,Standard,58,46,India,46-55,Organic,2,14,0,2026-07-23,Monthly,0,Not Churned
CUST03254,2023-01-19,Basic,28,43,India,36-45,Organic,1,13,0,2026-07-15,Monthly,1,Pricing
CUST03255,2025-01-08,Basic,25,19,USA,26-35,Organic,1,13,0,2026-08-09,Monthly,0,Not Churned
CUST03256,2025-01-08,Basic,28,19,Canada,46-55,Paid Ads,2,11,0,2026-08-17,Monthly,1,Pricing
CUST03257,2022-05-24,Standard,56,51,Canada,26-35,Organic,6,17,0,2026-06-27,Monthly,1,Competitor
CUST03258,2023-09-16,Basic,27,35,Germany,26-35,Social Media,1,13,0,2026-06-08,Annual,0,Not Churned
CUST03259,2025-09-05,Basic,36,11,India,18-25,Social Media,3,10,0,2026-08-09,Monthly,0,Not Churned
CUST03260,2022-04-24,Premium,95,52,India,36-45,Paid Ads,2,15,4,2026-06-07,Monthly,1,Payment Issues
CUST03261,2021-10-26,Basic,27,58,UK,46-55,Partner,2,13,1,2026-06-23,Annual,1,Pricing
CUST03262,2023-12-15,Standard,66,32,India,46-55,Referral,1,17,0,2026-08-20,Annual,0,Not Churned
CUST03263,2025-04-08,Standard,62,16,India,36-45,Referral,1,8,1,2026-06-03,Monthly,0,Not Churned
CUST03264,2025-03-09,Basic,31,17,USA,18-25,Organic,2,17,1,2026-06-19,Monthly,0,Not Churned
CUST03265,2024-03-14,Standard,66,29,India,18-25,Social Media,2,14,0,2026-06-17,Annual,0,Not Churned
CUST03266,2024-12-09,Basic,37,20,UK,26-35,Partner,1,9,0,2026-08-17,Monthly,0,Not Churned
CUST03267,2023-08-17,Standard,68,36,India,46-55,Organic,3,10,0,2026-08-14,Monthly,0,Not Churned
CUST03268,2022-09-21,Standard,64,47,UK,56+,Referral,4,12,1,2026-06-24,Annual,0,Not Churned
CUST03269,2024-08-11,Standard,65,24,Australia,26-35,Referral,4,13,0,2026-06-14,Monthly,0,Not Churned
CUST03270,2023-01-19,Standard,56,43,India,36-45,Paid Ads,3,16,0,2026-06-20,Annual,0,Not Churned
CUST03271,2022-08-22,Basic,24,48,Germany,36-45,Paid Ads,4,8,0,2026-06-12,Monthly,1,Pricing
CUST03272,2022-04-24,Basic,24,52,USA,18-25,Organic,3,6,0,2026-08-11,Annual,0,Not Churned
CUST03273,2022-03-25,Standard,59,53,Germany,36-45,Organic,4,8,0,2026-06-02,Monthly,0,Not Churned
CUST03274,2026-04-03,Standard,56,4,India,46-55,Organic,2,9,0,2026-08-03,Monthly,0,Not Churned
CUST03275,2026-03-04,Premium,97,5,UK,26-35,Referral,0,9,0,2026-07-03,Annual,0,Not Churned
CUST03276,2025-01-08,Premium,94,19,USA,46-55,Referral,2,3,0,2026-07-11,Monthly,0,Not Churned
CUST03277,2022-08-22,Premium,101,48,Canada,26-35,Partner,6,14,0,2026-07-24,Annual,0,Not Churned
CUST03278,2022-05-24,Standard,54,51,UK,18-25,Paid Ads,7,12,0,2026-08-22,Monthly,0,Not Churned
CUST03279,2024-08-11,Basic,28,24,USA,26-35,Organic,2,10,1,2026-06-26,Annual,0,Not Churned
CUST03280,2021-08-27,Standard,59,60,Australia,46-55,Organic,1,12,1,2026-06-25,Annual,1,Competitor
CUST03281,2022-08-22,Standard,68,48,USA,26-35,Social Media,4,8,1,2026-07-14,Annual,0,Not Churned
CUST03282,2026-07-02,Basic,25,1,India,36-45,Paid Ads,3,11,0,2026-07-21,Annual,0,Not Churned
CUST03283,2023-09-16,Premium,100,35,UK,36-45,Referral,3,10,0,2026-08-18,Monthly,0,Not Churned
CUST03284,2026-06-02,Premium,100,2,UK,26-35,Organic,5,12,3,2026-08-09,Monthly,1,Payment Issues
CUST03285,2025-10-05,Standard,54,10,USA,46-55,Paid Ads,4,14,0,2026-08-01,Annual,0,Not Churned
CUST03286,2021-09-26,Basic,27,59,USA,26-35,Paid Ads,4,17,2,2026-07-25,Monthly,0,Not Churned
CUST03287,2026-02-02,Basic,35,6,Germany,46-55,Organic,5,16,0,2026-07-14,Monthly,1,Pricing
CUST03288,2023-04-19,Premium,106,40,Canada,18-25,Social Media,4,16,0,2026-06-26,Monthly,0,Not Churned
CUST03289,2023-06-18,Premium,97,38,India,36-45,Paid Ads,4,13,1,2026-08-19,Monthly,1,Competitor
CUST03290,2024-12-09,Basic,28,20,India,36-45,Paid Ads,5,9,0,2026-06-30,Annual,0,Not Churned
CUST03291,2025-01-08,Basic,24,19,Germany,46-55,Social Media,3,10,1,2026-08-13,Annual,0,Not Churned
CUST03292,2022-08-22,Premium,94,48,Canada,26-35,Paid Ads,3,15,0,2026-06-26,Monthly,1,Competitor
CUST03293,2023-08-17,Basic,30,36,Australia,36-45,Organic,1,10,0,2026-08-26,Monthly,0,Not Churned
CUST03294,2022-08-22,Standard,62,48,India,26-35,Partner,4,11,1,2026-07-14,Monthly,0,Not Churned
CUST03295,2024-03-14,Premium,94,29,Canada,26-35,Organic,2,9,0,2026-07-10,Annual,1,Competitor
CUST03296,2021-12-25,Basic,25,56,UK,18-25,Social Media,4,19,2,2026-06-02,Monthly,0,Not Churned
CUST03297,2023-03-20,Standard,59,41,India,18-25,Social Media,3,18,0,2026-07-10,Annual,0,Not Churned
CUST03298,2024-08-11,Basic,38,24,USA,46-55,Organic,4,19,2,2026-08-26,Monthly,0,Not Churned
CUST03299,2025-11-04,Basic,38,9,UK,36-45,Paid Ads,2,8,0,2026-08-24,Annual,0,Not Churned
CUST03300,2023-12-15,Premium,99,32,USA,26-35,Organic,1,10,0,2026-07-31,Annual,0,Not Churned
CUST03301,2023-04-19,Standard,55,40,Australia,46-55,Paid Ads,1,13,0,2026-06-16,Annual,0,Not Churned
CUST03302,2026-03-04,Premium,102,5,Australia,18-25,Referral,1,12,0,2026-07-28,Annual,0,Not Churned
CUST03303,2024-11-09,Standard,57,21,Australia,36-45,Organic,3,15,1,2026-08-30,Monthly,0,Not Churned
CUST03304,2025-03-09,Basic,36,17,Canada,46-55,Organic,3,10,0,2026-08-16,Annual,1,Pricing
CUST03305,2024-08-11,Basic,30,24,USA,46-55,Paid Ads,2,17,0,2026-07-26,Annual,0,Not Churned
CUST03306,2024-05-13,Basic,29,27,USA,26-35,Paid Ads,2,10,1,2026-07-19,Monthly,1,Pricing
CUST03307,2022-08-22,Basic,34,48,Australia,36-45,Referral,4,17,0,2026-06-29,Monthly,0,Not Churned
CUST03308,2025-02-07,Basic,36,18,USA,26-35,Social Media,2,17,0,2026-08-22,Monthly,0,Not Churned
CUST03309,2024-10-10,Basic,34,22,India,46-55,Referral,6,11,0,2026-07-06,Annual,0,Not Churned
CUST03310,2026-02-02,Standard,56,6,USA,36-45,Social Media,2,10,0,2026-08-19,Monthly,0,Not Churned
CUST03311,2024-04-13,Standard,61,28,India,36-45,Organic,2,17,0,2026-07-05,Monthly,0,Not Churned
CUST03312,2023-02-18,Standard,60,42,UK,18-25,Referral,3,13,0,2026-07-25,Monthly,1,Competitor
CUST03313,2024-12-09,Standard,62,20,India,36-45,Paid Ads,5,17,0,2026-07-06,Monthly,0,Not Churned
CUST03314,2021-11-25,Basic,26,57,India,36-45,Partner,4,8,0,2026-06-13,Monthly,0,Not Churned
CUST03315,2025-04-08,Basic,24,16,Germany,36-45,Paid Ads,3,13,0,2026-08-06,Monthly,0,Not Churned
CUST03316,2025-01-08,Standard,55,19,Canada,36-45,Partner,2,14,0,2026-06-25,Annual,0,Not Churned
CUST03317,2025-12-04,Standard,65,8,Canada,46-55,Social Media,2,14,0,2026-08-17,Annual,0,Not Churned
CUST03318,2025-02-07,Basic,34,18,UK,36-45,Referral,4,11,1,2026-07-19,Monthly,0,Not Churned
CUST03319,2023-07-18,Premium,108,37,Australia,26-35,Paid Ads,1,10,1,2026-07-25,Monthly,0,Not Churned
CUST03320,2022-11-20,Standard,65,45,Canada,46-55,Paid Ads,4,12,1,2026-07-06,Monthly,1,Competitor
CUST03321,2022-09-21,Standard,54,47,USA,18-25,Paid Ads,3,13,1,2026-08-05,Monthly,0,Not Churned
CUST03322,2024-01-14,Basic,34,31,Germany,36-45,Organic,5,12,1,2026-08-08,Annual,0,Not Churned
CUST03323,2023-06-18,Standard,58,38,India,46-55,Partner,3,14,1,2026-08-05,Monthly,0,Not Churned
CUST03324,2026-06-02,Standard,68,2,Germany,18-25,Social Media,1,20,0,2026-08-09,Monthly,0,Not Churned
CUST03325,2022-01-24,Standard,63,55,USA,46-55,Social Media,2,8,0,2026-08-19,Monthly,0,Not Churned
CUST03326,2023-12-15,Standard,67,32,USA,36-45,Paid Ads,5,15,2,2026-08-28,Monthly,0,Not Churned
CUST03327,2025-05-08,Premium,95,15,India,36-45,Organic,4,17,1,2026-07-04,Monthly,1,Competitor
CUST03328,2021-09-26,Standard,56,59,USA,26-35,Referral,3,10,0,2026-07-30,Monthly,0,Not Churned
CUST03329,2025-09-05,Basic,31,11,UK,26-35,Paid Ads,2,13,0,2026-08-01,Monthly,0,Not Churned
CUST03330,2026-03-04,Standard,68,5,Germany,56+,Social Media,4,16,1,2026-06-27,Monthly,0,Not Churned
CUST03331,2023-02-18,Standard,63,42,Germany,26-35,Social Media,4,13,1,2026-08-05,Annual,0,Not Churned
CUST03332,2024-03-14,Standard,67,29,Germany,36-45,Organic,2,11,0,2026-06-07,Annual,0,Not Churned
CUST03333,2024-12-09,Basic,28,20,India,18-25,Referral,2,14,0,2026-06-18,Annual,0,Not Churned
CUST03334,2024-12-09,Basic,27,20,Germany,26-35,Referral,3,13,0,2026-08-04,Annual,0,Not Churned
CUST03335,2025-02-07,Premium,98,18,USA,36-45,Referral,3,8,2,2026-07-29,Annual,1,Payment Issues
CUST03336,2025-08-06,Standard,63,12,Australia,26-35,Paid Ads,5,7,0,2026-06-04,Monthly,0,Not Churned
CUST03337,2021-11-25,Premium,99,57,India,56+,Organic,4,14,0,2026-06-27,Monthly,0,Not Churned
CUST03338,2022-07-23,Standard,65,49,USA,36-45,Organic,2,8,0,2026-07-23,Monthly,0,Not Churned
CUST03339,2025-03-09,Standard,60,17,Germany,36-45,Social Media,3,12,0,2026-07-11,Monthly,1,Competitor
CUST03340,2026-04-03,Standard,67,4,Germany,18-25,Organic,4,15,0,2026-08-22,Monthly,0,Not Churned
CUST03341,2025-01-08,Premium,106,19,UK,56+,Social Media,5,12,0,2026-08-18,Monthly,1,Competitor
CUST03342,2021-11-25,Standard,62,57,Canada,26-35,Paid Ads,0,11,0,2026-08-29,Monthly,0,Not Churned
CUST03343,2024-09-10,Standard,54,23,India,36-45,Partner,3,9,0,2026-07-09,Monthly,0,Not Churned
CUST03344,2024-05-13,Basic,27,27,Canada,26-35,Partner,6,10,1,2026-06-20,Monthly,0,Not Churned
CUST03345,2022-06-23,Standard,65,50,UK,26-35,Referral,3,9,1,2026-08-02,Annual,0,Not Churned
CUST03346,2022-04-24,Standard,65,52,India,36-45,Paid Ads,6,13,0,2026-08-29,Annual,0,Not Churned
CUST03347,2022-03-25,Basic,32,53,India,36-45,Paid Ads,2,10,0,2026-08-15,Annual,0,Not Churned
CUST03348,2023-02-18,Basic,28,42,India,26-35,Organic,3,18,0,2026-07-14,Annual,1,Pricing
CUST03349,2021-08-27,Basic,31,60,Canada,26-35,Organic,2,18,0,2026-06-14,Monthly,0,Not Churned
CUST03350,2022-10-21,Basic,35,46,India,36-45,Referral,2,18,2,2026-06-07,Monthly,1,Payment Issues
CUST03351,2022-04-24,Basic,24,52,USA,26-35,Social Media,4,10,1,2026-07-09,Annual,1,Pricing
CUST03352,2022-11-20,Standard,57,45,USA,26-35,Organic,2,14,0,2026-07-11,Monthly,1,Competitor
CUST03353,2025-06-07,Premium,105,14,USA,26-35,Paid Ads,1,13,0,2026-08-19,Monthly,0,Not Churned
CUST03354,2026-04-03,Standard,67,4,UK,26-35,Referral,4,18,1,2026-06-11,Annual,1,Competitor
CUST03355,2026-04-03,Basic,35,4,UK,18-25,Partner,2,14,2,2026-08-10,Annual,0,Not Churned
CUST03356,2024-08-11,Basic,32,24,USA,26-35,Organic,5,17,0,2026-07-17,Monthly,0,Not Churned
CUST03357,2024-09-10,Standard,66,23,USA,36-45,Organic,2,11,0,2026-08-17,Annual,0,Not Churned
CUST03358,2023-08-17,Basic,24,36,USA,18-25,Partner,1,13,1,2026-06-14,Monthly,0,Not Churned
CUST03359,2025-09-05,Premium,94,11,Australia,36-45,Organic,3,10,1,2026-08-24,Monthly,0,Not Churned
CUST03360,2023-11-15,Standard,57,33,India,56+,Referral,4,13,0,2026-07-16,Monthly,0,Not Churned
CUST03361,2023-06-18,Standard,67,38,India,56+,Referral,6,13,0,2026-06-09,Annual,0,Not Churned
CUST03362,2026-03-04,Basic,26,5,Canada,46-55,Paid Ads,3,9,0,2026-07-03,Monthly,1,Pricing
CUST03363,2024-05-13,Standard,60,27,USA,26-35,Paid Ads,3,6,1,2026-07-05,Annual,0,Not Churned
CUST03364,2023-07-18,Basic,34,37,Australia,18-25,Social Media,1,9,0,2026-07-24,Monthly,0,Not Churned
CUST03365,2024-05-13,Premium,96,27,India,46-55,Organic,3,16,0,2026-06-13,Monthly,1,Competitor
CUST03366,2024-01-14,Standard,54,31,UK,18-25,Organic,2,13,0,2026-08-10,Monthly,0,Not Churned
CUST03367,2025-08-06,Basic,35,12,India,26-35,Paid Ads,2,11,0,2026-08-01,Monthly,1,Pricing
CUST03368,2022-09-21,Basic,38,47,USA,36-45,Paid Ads,3,11,0,2026-06-15,Monthly,0,Not Churned
CUST03369,2026-02-02,Basic,34,6,India,26-35,Referral,4,9,0,2026-07-19,Monthly,1,Pricing
CUST03370,2025-08-06,Standard,63,12,Canada,46-55,Partner,3,19,0,2026-06-03,Annual,0,Not Churned
CUST03371,2021-12-25,Basic,25,56,Germany,36-45,Partner,3,9,0,2026-07-17,Annual,0,Not Churned
CUST03372,2022-02-23,Standard,63,54,USA,36-45,Organic,3,9,1,2026-08-13,Monthly,0,Not Churned
CUST03373,2025-06-07,Basic,36,14,Australia,46-55,Paid Ads,4,10,1,2026-08-17,Monthly,0,Not Churned
CUST03374,2024-10-10,Standard,57,22,UK,26-35,Organic,3,11,0,2026-07-15,Monthly,0,Not Churned
CUST03375,2022-01-24,Premium,94,55,Germany,36-45,Partner,2,13,0,2026-07-27,Monthly,0,Not Churned
CUST03376,2025-09-05,Standard,54,11,Canada,26-35,Paid Ads,0,19,1,2026-07-29,Monthly,0,Not Churned
CUST03377,2023-04-19,Standard,65,40,India,36-45,Paid Ads,3,11,0,2026-06-05,Monthly,0,Not Churned
CUST03378,2022-04-24,Basic,37,52,UK,18-25,Social Media,3,10,0,2026-08-18,Annual,0,Not Churned
CUST03379,2023-05-19,Basic,31,39,USA,36-45,Paid Ads,5,15,2,2026-06-24,Annual,0,Not Churned
CUST03380,2021-12-25,Standard,60,56,India,56+,Organic,3,14,0,2026-06-28,Monthly,0,Not Churned
CUST03381,2023-06-18,Basic,37,38,India,18-25,Paid Ads,3,12,0,2026-07-28,Annual,0,Not Churned
CUST03382,2021-11-25,Standard,61,57,Germany,18-25,Referral,1,10,0,2026-07-01,Monthly,0,Not Churned
CUST03383,2025-07-07,Basic,36,13,Germany,18-25,Referral,2,11,0,2026-07-13,Monthly,0,Not Churned
CUST03384,2026-02-02,Basic,27,6,Canada,26-35,Referral,1,12,0,2026-08-07,Annual,0,Not Churned
CUST03385,2024-12-09,Basic,29,20,Germany,26-35,Organic,7,9,2,2026-08-15,Annual,0,Not Churned
CUST03386,2022-02-23,Premium,108,54,Canada,46-55,Paid Ads,5,7,0,2026-07-02,Monthly,0,Not Churned
CUST03387,2026-06-02,Basic,36,2,India,26-35,Referral,5,13,1,2026-06-23,Annual,0,Not Churned
CUST03388,2025-09-05,Standard,56,11,India,26-35,Social Media,2,15,0,2026-07-15,Annual,0,Not Churned
CUST03389,2025-12-04,Basic,34,8,India,36-45,Organic,2,21,0,2026-06-02,Annual,0,Not Churned
CUST03390,2024-02-13,Standard,66,30,India,26-35,Organic,2,9,0,2026-06-16,Monthly,0,Not Churned
CUST03391,2024-05-13,Basic,31,27,India,26-35,Referral,8,12,1,2026-08-11,Annual,0,Not Churned
CUST03392,2022-02-23,Premium,97,54,USA,36-45,Paid Ads,1,10,1,2026-07-03,Annual,0,Not Churned
CUST03393,2026-04-03,Premium,96,4,Australia,36-45,Organic,0,18,1,2026-06-19,Monthly,1,Competitor
CUST03394,2026-01-03,Basic,27,7,Australia,18-25,Paid Ads,5,16,0,2026-07-19,Monthly,1,Pricing
CUST03395,2022-09-21,Premium,99,47,UK,18-25,Partner,5,14,2,2026-07-23,Monthly,0,Not Churned
CUST03396,2024-08-11,Premium,104,24,Germany,26-35,Referral,1,15,0,2026-07-17,Monthly,0,Not Churned
CUST03397,2023-12-15,Premium,100,32,USA,26-35,Paid Ads,3,16,0,2026-08-17,Monthly,1,Competitor
CUST03398,2025-01-08,Premium,100,19,Australia,26-35,Social Media,4,8,0,2026-08-09,Annual,0,Not Churned
CUST03399,2023-02-18,Basic,37,42,USA,36-45,Organic,3,9,0,2026-07-31,Annual,0,Not Churned
CUST03400,2023-09-16,Standard,68,35,India,46-55,Paid Ads,4,12,1,2026-06-07,Monthly,0,Not Churned
CUST03401,2023-02-18,Basic,35,42,Australia,26-35,Paid Ads,4,18,2,2026-07-21,Annual,0,Not Churned
CUST03402,2022-05-24,Basic,27,51,USA,36-45,Paid Ads,4,13,0,2026-07-11,Annual,0,Not Churned
CUST03403,2026-05-03,Premium,101,3,USA,26-35,Partner,2,7,1,2026-07-01,Monthly,0,Not Churned
CUST03404,2025-02-07,Basic,30,18,India,36-45,Organic,0,12,0,2026-07-13,Monthly,1,Pricing
CUST03405,2023-07-18,Standard,55,37,UK,36-45,Organic,3,10,0,2026-06-02,Monthly,0,Not Churned
CUST03406,2024-10-10,Premium,106,22,Germany,46-55,Partner,3,8,0,2026-06-25,Monthly,1,Competitor
CUST03407,2023-11-15,Premium,101,33,India,26-35,Organic,3,9,0,2026-07-23,Monthly,0,Not Churned
CUST03408,2023-06-18,Premium,102,38,Australia,18-25,Paid Ads,2,10,0,2026-08-07,Monthly,1,Competitor
CUST03409,2023-05-19,Basic,28,39,India,36-45,Paid Ads,4,14,1,2026-08-12,Annual,0,Not Churned
CUST03410,2023-10-16,Basic,38,34,USA,26-35,Partner,3,11,0,2026-08-08,Monthly,0,Not Churned
CUST03411,2022-07-23,Standard,57,49,India,26-35,Paid Ads,2,9,1,2026-08-09,Monthly,0,Not Churned
CUST03412,2024-09-10,Basic,27,23,Canada,18-25,Paid Ads,4,12,0,2026-07-18,Annual,0,Not Churned
CUST03413,2022-02-23,Basic,36,54,India,36-45,Referral,2,9,0,2026-08-26,Annual,0,Not Churned
CUST03414,2023-09-16,Basic,27,35,USA,26-35,Partner,2,10,0,2026-06-16,Annual,1,Pricing
CUST03415,2024-03-14,Standard,59,29,India,56+,Social Media,1,12,1,2026-06-24,Monthly,0,Not Churned
CUST03416,2026-06-02,Standard,64,2,India,26-35,Organic,2,11,2,2026-06-28,Monthly,0,Not Churned
CUST03417,2022-06-23,Basic,27,50,Canada,26-35,Social Media,4,11,1,2026-06-21,Monthly,0,Not Churned
CUST03418,2025-06-07,Standard,60,14,India,36-45,Social Media,4,8,1,2026-07-21,Monthly,0,Not Churned
CUST03419,2022-08-22,Basic,30,48,India,26-35,Referral,2,14,0,2026-07-04,Monthly,0,Not Churned
CUST03420,2022-12-20,Basic,28,44,India,26-35,Referral,6,7,0,2026-08-23,Monthly,0,Not Churned
CUST03421,2022-06-23,Standard,66,50,USA,26-35,Paid Ads,2,12,1,2026-08-15,Annual,1,Competitor
CUST03422,2025-12-04,Standard,58,8,UK,26-35,Referral,3,10,0,2026-06-23,Monthly,0,Not Churned
CUST03423,2026-07-02,Standard,68,1,India,36-45,Referral,3,14,0,2026-07-19,Monthly,0,Not Churned
CUST03424,2024-04-13,Basic,33,28,India,26-35,Organic,5,13,0,2026-06-19,Monthly,0,Not Churned
CUST03425,2026-05-03,Premium,101,3,USA,46-55,Organic,3,6,0,2026-08-26,Monthly,0,Not Churned
CUST03426,2021-12-25,Standard,60,56,India,36-45,Organic,3,10,1,2026-06-14,Monthly,1,Competitor
CUST03427,2022-02-23,Standard,67,54,Australia,26-35,Social Media,3,13,0,2026-08-31,Annual,0,Not Churned
CUST03428,2026-01-03,Standard,60,7,Canada,26-35,Referral,1,13,0,2026-08-08,Monthly,1,Competitor
CUST03429,2023-10-16,Premium,99,34,UK,26-35,Paid Ads,1,10,1,2026-08-24,Monthly,0,Not Churned
CUST03430,2022-08-22,Standard,60,48,India,26-35,Social Media,1,11,0,2026-06-10,Annual,0,Not Churned
CUST03431,2023-12-15,Standard,60,32,UK,36-45,Referral,4,14,2,2026-08-02,Annual,0,Not Churned
CUST03432,2025-11-04,Premium,103,9,Australia,18-25,Partner,1,11,0,2026-07-19,Annual,0,Not Churned
CUST03433,2022-01-24,Standard,67,55,USA,46-55,Organic,2,12,1,2026-08-30,Monthly,0,Not Churned
CUST03434,2023-09-16,Standard,55,35,Canada,18-25,Paid Ads,2,10,0,2026-06-09,Monthly,0,Not Churned
CUST03435,2021-11-25,Standard,67,57,Canada,26-35,Referral,8,13,0,2026-08-24,Monthly,0,Not Churned
CUST03436,2025-01-08,Basic,33,19,USA,18-25,Organic,4,14,1,2026-06-14,Annual,0,Not Churned
CUST03437,2022-10-21,Basic,25,46,India,26-35,Paid Ads,3,10,0,2026-06-07,Monthly,0,Not Churned
CUST03438,2021-10-26,Standard,67,58,Canada,46-55,Paid Ads,1,11,1,2026-08-30,Annual,0,Not Churned
CUST03439,2021-12-25,Premium,103,56,India,36-45,Social Media,0,8,0,2026-08-09,Annual,0,Not Churned
CUST03440,2025-05-08,Premium,100,15,Canada,26-35,Paid Ads,2,16,1,2026-08-15,Monthly,0,Not Churned
CUST03441,2022-01-24,Basic,37,55,Canada,46-55,Paid Ads,8,8,1,2026-06-16,Monthly,0,Not Churned
CUST03442,2024-01-14,Standard,63,31,Australia,46-55,Paid Ads,1,14,2,2026-08-22,Monthly,0,Not Churned
CUST03443,2025-04-08,Basic,30,16,USA,36-45,Organic,4,18,1,2026-08-15,Monthly,0,Not Churned
CUST03444,2022-05-24,Premium,100,51,India,46-55,Partner,1,16,0,2026-06-18,Annual,0,Not Churned
CUST03445,2022-09-21,Premium,98,47,India,36-45,Paid Ads,1,13,0,2026-06-24,Monthly,0,Not Churned
CUST03446,2022-10-21,Standard,54,46,Canada,36-45,Referral,3,11,1,2026-07-03,Monthly,0,Not Churned
CUST03447,2023-07-18,Premium,107,37,Australia,26-35,Organic,2,9,1,2026-07-22,Monthly,0,Not Churned
CUST03448,2026-01-03,Standard,55,7,UK,26-35,Paid Ads,2,10,0,2026-08-26,Monthly,0,Not Churned
CUST03449,2023-09-16,Standard,66,35,India,36-45,Partner,3,10,0,2026-06-20,Monthly,0,Not Churned
CUST03450,2024-03-14,Basic,32,29,Germany,46-55,Partner,4,6,0,2026-08-08,Monthly,0,Not Churned
CUST03451,2026-06-02,Standard,61,2,Germany,36-45,Paid Ads,3,12,0,2026-08-26,Monthly,0,Not Churned
CUST03452,2021-11-25,Standard,61,57,USA,46-55,Organic,5,9,0,2026-06-28,Monthly,1,Competitor
CUST03453,2022-08-22,Standard,63,48,USA,26-35,Paid Ads,1,11,0,2026-08-04,Annual,0,Not Churned
CUST03454,2023-10-16,Basic,24,34,Canada,36-45,Paid Ads,4,14,2,2026-07-30,Annual,0,Not Churned
CUST03455,2023-09-16,Premium,99,35,Canada,36-45,Referral,3,12,0,2026-07-22,Annual,0,Not Churned
CUST03456,2024-01-14,Basic,38,31,Germany,36-45,Paid Ads,2,13,1,2026-06-10,Monthly,1,Pricing
CUST03457,2025-08-06,Standard,68,12,India,36-45,Social Media,0,11,0,2026-07-28,Annual,0,Not Churned
CUST03458,2026-07-02,Standard,62,1,USA,26-35,Referral,4,10,0,2026-08-26,Monthly,0,Not Churned
CUST03459,2022-09-21,Standard,68,47,UK,18-25,Organic,3,15,2,2026-07-03,Monthly,1,Payment Issues
CUST03460,2024-03-14,Standard,61,29,Australia,56+,Social Media,3,13,0,2026-07-02,Monthly,0,Not Churned
CUST03461,2026-07-02,Basic,26,1,Australia,18-25,Social Media,6,11,0,2026-08-12,Monthly,0,Not Churned
CUST03462,2026-07-02,Basic,27,1,Germany,26-35,Referral,1,13,0,2026-08-24,Annual,0,Not Churned
CUST03463,2025-05-08,Standard,68,15,USA,26-35,Partner,2,9,0,2026-07-10,Monthly,1,Competitor
CUST03464,2021-10-26,Standard,56,58,Australia,26-35,Social Media,2,18,3,2026-07-12,Monthly,0,Not Churned
CUST03465,2026-05-03,Basic,29,3,USA,36-45,Referral,3,8,0,2026-06-30,Monthly,1,Pricing
CUST03466,2025-06-07,Standard,67,14,USA,36-45,Partner,0,14,1,2026-07-20,Annual,0,Not Churned
CUST03467,2022-02-23,Standard,62,54,India,46-55,Referral,3,16,0,2026-08-12,Monthly,1,Competitor
CUST03468,2025-10-05,Standard,68,10,Canada,26-35,Paid Ads,3,10,1,2026-06-16,Monthly,0,Not Churned
CUST03469,2026-05-03,Premium,101,3,Germany,36-45,Paid Ads,4,10,0,2026-08-25,Annual,0,Not Churned
CUST03470,2024-12-09,Basic,38,20,India,46-55,Social Media,1,7,0,2026-08-16,Monthly,0,Not Churned
CUST03471,2022-06-23,Basic,38,50,India,56+,Organic,4,11,0,2026-07-05,Annual,0,Not Churned
CUST03472,2022-01-24,Standard,66,55,Canada,56+,Paid Ads,3,14,1,2026-06-03,Annual,0,Not Churned
CUST03473,2023-08-17,Standard,63,36,UK,36-45,Paid Ads,5,8,1,2026-07-07,Monthly,0,Not Churned
CUST03474,2024-05-13,Standard,57,27,Germany,18-25,Referral,4,14,0,2026-08-11,Annual,0,Not Churned
CUST03475,2022-07-23,Premium,108,49,India,18-25,Referral,3,11,3,2026-08-21,Annual,1,Payment Issues
CUST03476,2022-04-24,Premium,95,52,India,46-55,Paid Ads,3,7,3,2026-07-19,Monthly,0,Not Churned
CUST03477,2023-08-17,Premium,106,36,USA,46-55,Organic,6,15,0,2026-08-26,Monthly,1,Competitor
CUST03478,2022-09-21,Standard,61,47,India,36-45,Social Media,1,12,0,2026-08-09,Annual,1,Competitor
CUST03479,2025-09-05,Standard,61,11,India,26-35,Referral,2,8,1,2026-08-07,Monthly,0,Not Churned
CUST03480,2026-05-03,Standard,67,3,India,36-45,Social Media,6,10,0,2026-06-29,Monthly,0,Not Churned
CUST03481,2024-08-11,Basic,35,24,India,26-35,Organic,4,16,1,2026-07-16,Annual,1,Pricing
CUST03482,2023-05-19,Standard,64,39,India,26-35,Referral,0,15,1,2026-07-09,Monthly,1,Competitor
CUST03483,2025-10-05,Basic,29,10,Germany,26-35,Referral,4,11,0,2026-06-13,Annual,1,Pricing
CUST03484,2024-06-12,Premium,107,26,India,46-55,Paid Ads,2,9,0,2026-06-03,Monthly,0,Not Churned
CUST03485,2022-05-24,Standard,61,51,USA,26-35,Social Media,4,15,0,2026-07-10,Annual,0,Not Churned
CUST03486,2023-12-15,Standard,62,32,Australia,36-45,Organic,3,13,1,2026-06-03,Monthly,0,Not Churned
CUST03487,2022-04-24,Basic,36,52,UK,26-35,Referral,2,11,1,2026-08-27,Monthly,0,Not Churned
CUST03488,2025-12-04,Basic,24,8,UK,36-45,Referral,4,16,0,2026-06-19,Monthly,0,Not Churned
CUST03489,2022-09-21,Basic,32,47,UK,36-45,Paid Ads,2,18,1,2026-08-20,Monthly,0,Not Churned
CUST03490,2025-07-07,Standard,55,13,Australia,46-55,Referral,2,11,0,2026-08-12,Monthly,0,Not Churned
CUST03491,2021-10-26,Basic,37,58,Australia,18-25,Organic,1,12,1,2026-06-24,Monthly,0,Not Churned
CUST03492,2026-05-03,Standard,66,3,UK,26-35,Referral,4,13,0,2026-07-13,Annual,0,Not Churned
CUST03493,2022-03-25,Premium,94,53,Australia,36-45,Paid Ads,1,9,0,2026-08-08,Monthly,0,Not Churned
CUST03494,2022-03-25,Premium,101,53,USA,26-35,Paid Ads,1,16,0,2026-08-22,Monthly,1,Competitor
CUST03495,2025-05-08,Standard,61,15,India,26-35,Paid Ads,3,11,0,2026-07-02,Monthly,0,Not Churned
CUST03496,2022-03-25,Basic,34,53,Australia,36-45,Paid Ads,6,11,0,2026-06-20,Annual,0,Not Churned
CUST03497,2024-11-09,Premium,97,21,USA,36-45,Referral,4,7,1,2026-08-19,Annual,0,Not Churned
CUST03498,2021-11-25,Premium,101,57,Australia,18-25,Social Media,5,12,0,2026-06-05,Annual,0,Not Churned
CUST03499,2023-02-18,Basic,30,42,India,26-35,Paid Ads,4,17,0,2026-07-02,Monthly,0,Not Churned
CUST03500,2024-03-14,Standard,66,29,USA,46-55,Paid Ads,3,10,1,2026-08-13,Monthly,0,Not Churned
CUST03501,2022-03-25,Basic,25,53,Germany,36-45,Paid Ads,3,7,0,2026-07-08,Monthly,1,Pricing
CUST03502,2022-09-21,Premium,98,47,India,18-25,Referral,0,5,0,2026-08-10,Annual,0,Not Churned
CUST03503,2024-05-13,Premium,107,27,Germany,26-35,Paid Ads,2,7,0,2026-06-27,Monthly,0,Not Churned
CUST03504,2024-02-13,Basic,33,30,Germany,36-45,Paid Ads,2,18,0,2026-08-31,Annual,0,Not Churned
CUST03505,2021-09-26,Premium,97,59,Australia,26-35,Referral,4,8,2,2026-06-26,Monthly,0,Not Churned
CUST03506,2025-06-07,Standard,56,14,USA,46-55,Organic,7,19,0,2026-07-03,Monthly,0,Not Churned
CUST03507,2023-03-20,Premium,94,41,UK,36-45,Organic,5,11,0,2026-07-11,Monthly,0,Not Churned
CUST03508,2021-11-25,Standard,58,57,Australia,26-35,Organic,2,4,2,2026-07-02,Monthly,0,Not Churned
CUST03509,2025-05-08,Premium,103,15,Canada,46-55,Paid Ads,2,5,0,2026-08-07,Monthly,0,Not Churned
CUST03510,2022-10-21,Basic,31,46,UK,26-35,Organic,3,10,0,2026-08-09,Monthly,0,Not Churned
CUST03511,2022-09-21,Basic,35,47,Germany,26-35,Referral,6,12,0,2026-08-26,Monthly,1,Pricing
CUST03512,2021-09-26,Basic,32,59,UK,36-45,Organic,4,20,0,2026-06-10,Annual,0,Not Churned
CUST03513,2022-10-21,Premium,100,46,Germany,36-45,Paid Ads,3,12,0,2026-07-18,Monthly,0,Not Churned
CUST03514,2023-02-18,Premium,105,42,India,26-35,Organic,4,14,1,2026-07-14,Monthly,0,Not Churned
CUST03515,2022-12-20,Premium,104,44,India,26-35,Referral,0,10,0,2026-06-19,Monthly,0,Not Churned
CUST03516,2022-04-24,Premium,94,52,USA,26-35,Social Media,5,14,0,2026-07-26,Monthly,1,Competitor
CUST03517,2025-06-07,Basic,24,14,USA,26-35,Referral,2,13,0,2026-08-14,Monthly,0,Not Churned
CUST03518,2024-07-12,Basic,38,25,Canada,36-45,Paid Ads,2,7,0,2026-07-13,Monthly,0,Not Churned
CUST03519,2024-05-13,Basic,24,27,India,36-45,Referral,4,9,0,2026-07-08,Monthly,0,Not Churned
CUST03520,2022-09-21,Basic,25,47,Germany,26-35,Organic,3,13,0,2026-08-28,Monthly,0,Not Churned
CUST03521,2022-12-20,Basic,24,44,India,26-35,Organic,2,8,0,2026-07-31,Annual,0,Not Churned
CUST03522,2026-06-02,Standard,57,2,USA,26-35,Organic,6,14,2,2026-08-17,Monthly,1,Payment Issues
CUST03523,2022-05-24,Basic,33,51,India,26-35,Organic,3,18,0,2026-07-15,Monthly,0,Not Churned
CUST03524,2025-03-09,Basic,32,17,USA,18-25,Organic,3,13,0,2026-07-07,Monthly,0,Not Churned
CUST03525,2025-05-08,Basic,35,15,India,26-35,Paid Ads,1,12,0,2026-06-08,Monthly,0,Not Churned
CUST03526,2024-05-13,Basic,27,27,India,26-35,Organic,2,7,0,2026-06-08,Monthly,0,Not Churned
CUST03527,2022-01-24,Premium,106,55,Canada,36-45,Partner,5,12,0,2026-07-17,Monthly,0,Not Churned
CUST03528,2025-10-05,Standard,57,10,India,36-45,Social Media,4,12,2,2026-08-06,Monthly,0,Not Churned
CUST03529,2023-01-19,Premium,100,43,India,26-35,Partner,0,10,2,2026-08-21,Annual,0,Not Churned
CUST03530,2022-10-21,Standard,67,46,Canada,46-55,Organic,2,11,0,2026-06-05,Monthly,0,Not Churned
CUST03531,2025-11-04,Basic,34,9,India,46-55,Social Media,1,16,0,2026-08-17,Annual,1,Pricing
CUST03532,2026-05-03,Standard,62,3,USA,56+,Social Media,0,8,1,2026-06-27,Monthly,1,Competitor
CUST03533,2024-08-11,Basic,30,24,India,46-55,Partner,3,6,0,2026-06-02,Monthly,0,Not Churned
CUST03534,2026-07-02,Basic,24,1,India,36-45,Paid Ads,4,12,0,2026-08-23,Annual,0,Not Churned
CUST03535,2023-06-18,Basic,24,38,UK,36-45,Social Media,4,18,1,2026-06-16,Monthly,0,Not Churned
CUST03536,2026-02-02,Basic,27,6,India,18-25,Organic,2,9,0,2026-08-01,Monthly,0,Not Churned
CUST03537,2026-03-04,Basic,27,5,Australia,36-45,Organic,5,7,1,2026-07-26,Annual,0,Not Churned
CUST03538,2026-04-03,Basic,24,4,Australia,36-45,Organic,2,21,0,2026-07-24,Monthly,0,Not Churned
CUST03539,2026-05-03,Standard,59,3,India,36-45,Partner,5,18,0,2026-07-14,Annual,1,Competitor
CUST03540,2022-11-20,Basic,33,45,Germany,36-45,Organic,6,19,1,2026-06-06,Monthly,0,Not Churned
CUST03541,2024-02-13,Basic,25,30,India,26-35,Organic,0,11,0,2026-06-22,Monthly,0,Not Churned
CUST03542,2023-08-17,Premium,104,36,India,36-45,Partner,3,15,0,2026-06-30,Monthly,0,Not Churned
CUST03543,2024-09-10,Basic,28,23,India,26-35,Organic,6,6,2,2026-06-22,Monthly,0,Not Churned
CUST03544,2026-01-03,Basic,31,7,USA,36-45,Social Media,4,9,1,2026-07-12,Monthly,0,Not Churned
CUST03545,2022-05-24,Premium,108,51,UK,46-55,Social Media,1,14,0,2026-08-20,Annual,0,Not Churned
CUST03546,2023-12-15,Basic,26,32,India,46-55,Organic,3,15,0,2026-07-05,Monthly,0,Not Churned
CUST03547,2023-01-19,Basic,32,43,Australia,36-45,Organic,2,8,0,2026-06-12,Monthly,0,Not Churned
CUST03548,2025-10-05,Standard,60,10,UK,18-25,Paid Ads,4,14,1,2026-06-25,Monthly,0,Not Churned
CUST03549,2022-05-24,Basic,32,51,USA,46-55,Partner,3,24,0,2026-06-16,Monthly,0,Not Churned
CUST03550,2022-05-24,Standard,54,51,Canada,26-35,Social Media,2,16,1,2026-06-13,Monthly,0,Not Churned
CUST03551,2023-07-18,Premium,98,37,Germany,46-55,Paid Ads,0,18,0,2026-06-20,Monthly,0,Not Churned
CUST03552,2023-11-15,Basic,35,33,India,26-35,Paid Ads,5,10,0,2026-07-23,Monthly,0,Not Churned
CUST03553,2024-06-12,Standard,66,26,India,26-35,Paid Ads,3,15,1,2026-07-12,Annual,0,Not Churned
CUST03554,2023-01-19,Standard,56,43,USA,36-45,Referral,4,13,0,2026-08-14,Annual,0,Not Churned
CUST03555,2022-11-20,Basic,27,45,USA,36-45,Paid Ads,2,17,0,2026-06-04,Annual,0,Not Churned
CUST03556,2024-01-14,Standard,57,31,USA,26-35,Organic,6,9,1,2026-08-18,Monthly,0,Not Churned
CUST03557,2024-02-13,Basic,34,30,India,36-45,Referral,2,9,0,2026-07-24,Monthly,1,Pricing
CUST03558,2024-09-10,Standard,65,23,UK,36-45,Paid Ads,4,7,0,2026-08-03,Monthly,0,Not Churned
CUST03559,2024-03-14,Basic,30,29,UK,26-35,Organic,5,12,0,2026-07-09,Annual,0,Not Churned
CUST03560,2025-12-04,Standard,63,8,USA,36-45,Social Media,3,11,1,2026-08-01,Monthly,0,Not Churned
CUST03561,2022-01-24,Basic,34,55,India,26-35,Referral,1,7,1,2026-06-27,Monthly,0,Not Churned
CUST03562,2025-04-08,Premium,101,16,USA,36-45,Paid Ads,4,11,0,2026-08-20,Monthly,0,Not Churned
CUST03563,2021-12-25,Basic,34,56,USA,18-25,Referral,5,15,0,2026-06-24,Monthly,0,Not Churned
CUST03564,2025-11-04,Standard,63,9,USA,36-45,Paid Ads,1,8,1,2026-07-19,Annual,0,Not Churned
CUST03565,2026-04-03,Standard,58,4,Germany,26-35,Referral,1,13,1,2026-08-03,Monthly,0,Not Churned
CUST03566,2025-01-08,Standard,66,19,USA,26-35,Social Media,0,7,0,2026-08-25,Monthly,0,Not Churned
CUST03567,2023-05-19,Standard,66,39,India,36-45,Referral,3,4,0,2026-07-12,Annual,1,Low Engagement
CUST03568,2022-12-20,Standard,65,44,USA,36-45,Referral,1,10,1,2026-06-19,Monthly,0,Not Churned
CUST03569,2023-03-20,Standard,63,41,Australia,56+,Referral,3,19,1,2026-08-17,Annual,0,Not Churned
CUST03570,2025-07-07,Premium,100,13,Canada,46-55,Paid Ads,4,10,0,2026-06-29,Annual,0,Not Churned
CUST03571,2025-08-06,Basic,26,12,USA,36-45,Organic,2,17,0,2026-07-30,Monthly,0,Not Churned
CUST03572,2025-11-04,Standard,56,9,India,26-35,Paid Ads,4,17,0,2026-08-04,Monthly,0,Not Churned
CUST03573,2025-08-06,Premium,96,12,USA,26-35,Referral,1,15,0,2026-06-25,Monthly,0,Not Churned
CUST03574,2024-08-11,Premium,105,24,USA,18-25,Paid Ads,2,7,0,2026-06-18,Monthly,0,Not Churned
CUST03575,2022-08-22,Premium,97,48,Germany,26-35,Paid Ads,4,13,1,2026-07-08,Annual,0,Not Churned
CUST03576,2025-07-07,Basic,29,13,UK,46-55,Social Media,1,6,1,2026-06-02,Monthly,0,Not Churned
CUST03577,2023-09-16,Basic,38,35,UK,26-35,Organic,5,8,0,2026-08-25,Monthly,1,Pricing
CUST03578,2023-12-15,Standard,58,32,USA,26-35,Referral,5,9,1,2026-07-08,Annual,0,Not Churned
CUST03579,2023-06-18,Standard,61,38,USA,26-35,Paid Ads,2,11,0,2026-07-09,Monthly,0,Not Churned
CUST03580,2025-06-07,Standard,67,14,Canada,26-35,Paid Ads,3,10,0,2026-06-05,Annual,0,Not Churned
CUST03581,2026-06-02,Standard,67,2,USA,18-25,Paid Ads,3,13,1,2026-07-01,Annual,0,Not Churned
CUST03582,2022-02-23,Premium,105,54,Germany,36-45,Organic,1,8,2,2026-07-17,Monthly,0,Not Churned
CUST03583,2024-11-09,Basic,36,21,USA,26-35,Paid Ads,1,13,0,2026-08-08,Annual,0,Not Churned
CUST03584,2024-01-14,Premium,98,31,India,36-45,Paid Ads,1,11,1,2026-07-07,Monthly,0,Not Churned
CUST03585,2022-04-24,Standard,64,52,UK,36-45,Paid Ads,4,14,0,2026-06-16,Annual,0,Not Churned
CUST03586,2023-09-16,Basic,35,35,India,36-45,Referral,1,4,0,2026-06-22,Annual,1,Low Engagement
CUST03587,2025-04-08,Standard,58,16,India,36-45,Paid Ads,3,11,0,2026-08-20,Monthly,0,Not Churned
CUST03588,2023-04-19,Standard,67,40,USA,36-45,Social Media,6,17,0,2026-06-10,Monthly,0,Not Churned
CUST03589,2024-06-12,Basic,33,26,Canada,26-35,Referral,4,10,0,2026-06-06,Monthly,0,Not Churned
CUST03590,2023-06-18,Basic,25,38,USA,26-35,Organic,3,10,0,2026-06-10,Monthly,0,Not Churned
CUST03591,2021-11-25,Premium,105,57,India,46-55,Organic,1,8,1,2026-07-31,Monthly,0,Not Churned
CUST03592,2026-05-03,Basic,34,3,UK,18-25,Organic,2,9,0,2026-08-13,Monthly,0,Not Churned
CUST03593,2023-07-18,Standard,64,37,USA,26-35,Partner,0,11,0,2026-07-19,Monthly,0,Not Churned
CUST03594,2023-08-17,Standard,58,36,Germany,26-35,Social Media,2,12,0,2026-06-06,Monthly,1,Competitor
CUST03595,2023-06-18,Standard,68,38,USA,36-45,Organic,4,17,0,2026-08-04,Monthly,0,Not Churned
CUST03596,2026-06-02,Standard,65,2,UK,18-25,Referral,5,12,1,2026-06-08,Monthly,0,Not Churned
CUST03597,2024-10-10,Basic,30,22,India,36-45,Partner,1,20,1,2026-08-08,Monthly,0,Not Churned
CUST03598,2026-05-03,Standard,55,3,Canada,36-45,Referral,3,6,0,2026-08-12,Annual,0,Not Churned
CUST03599,2023-04-19,Basic,37,40,Canada,26-35,Paid Ads,2,17,0,2026-08-18,Monthly,0,Not Churned
CUST03600,2022-09-21,Standard,66,47,Australia,26-35,Organic,2,8,0,2026-08-29,Monthly,0,Not Churned
CUST03601,2023-02-18,Basic,29,42,India,36-45,Organic,4,9,0,2026-07-15,Annual,0,Not Churned
CUST03602,2022-09-21,Standard,60,47,USA,26-35,Referral,5,11,0,2026-08-17,Monthly,0,Not Churned
CUST03603,2024-06-12,Basic,28,26,UK,18-25,Social Media,5,15,0,2026-08-06,Annual,0,Not Churned
CUST03604,2024-05-13,Basic,32,27,India,26-35,Paid Ads,2,14,1,2026-06-20,Monthly,0,Not Churned
CUST03605,2023-06-18,Basic,37,38,USA,36-45,Organic,4,4,0,2026-06-15,Monthly,0,Not Churned
CUST03606,2022-12-20,Basic,27,44,Germany,36-45,Partner,3,27,0,2026-08-23,Monthly,0,Not Churned
CUST03607,2025-12-04,Premium,107,8,USA,26-35,Social Media,1,10,0,2026-07-30,Annual,0,Not Churned
CUST03608,2024-09-10,Basic,37,23,Germany,36-45,Organic,5,10,1,2026-07-04,Annual,0,Not Churned
CUST03609,2026-02-02,Premium,106,6,India,36-45,Organic,1,12,1,2026-08-29,Annual,0,Not Churned
CUST03610,2024-07-12,Premium,103,25,UK,26-35,Paid Ads,3,13,0,2026-08-09,Monthly,0,Not Churned
CUST03611,2021-09-26,Standard,68,59,USA,18-25,Organic,10,6,0,2026-08-26,Monthly,0,Not Churned
CUST03612,2021-11-25,Basic,24,57,USA,46-55,Organic,6,11,0,2026-06-15,Monthly,0,Not Churned
CUST03613,2021-10-26,Basic,37,58,Germany,36-45,Organic,2,10,0,2026-06-21,Monthly,0,Not Churned
CUST03614,2025-04-08,Standard,61,16,India,36-45,Partner,4,8,1,2026-06-06,Annual,0,Not Churned
CUST03615,2024-06-12,Basic,38,26,Australia,26-35,Social Media,4,14,1,2026-07-16,Monthly,0,Not Churned
CUST03616,2025-05-08,Basic,31,15,UK,36-45,Organic,4,11,1,2026-07-20,Monthly,0,Not Churned
CUST03617,2022-04-24,Standard,60,52,India,36-45,Social Media,2,8,0,2026-07-14,Monthly,0,Not Churned
CUST03618,2022-09-21,Premium,101,47,Australia,18-25,Referral,3,11,0,2026-08-15,Monthly,0,Not Churned
CUST03619,2023-12-15,Standard,55,32,USA,46-55,Paid Ads,4,6,0,2026-06-19,Monthly,0,Not Churned
CUST03620,2023-04-19,Basic,26,40,Canada,26-35,Social Media,1,8,0,2026-08-20,Monthly,0,Not Churned
CUST03621,2025-01-08,Standard,62,19,USA,18-25,Referral,2,10,0,2026-08-10,Monthly,0,Not Churned
CUST03622,2025-06-07,Basic,24,14,Australia,18-25,Social Media,2,13,1,2026-08-21,Annual,1,Pricing
CUST03623,2021-09-26,Basic,31,59,UK,36-45,Paid Ads,2,12,0,2026-08-10,Monthly,1,Pricing
CUST03624,2022-03-25,Premium,101,53,India,36-45,Paid Ads,3,12,0,2026-06-04,Monthly,1,Competitor
CUST03625,2022-08-22,Basic,30,48,UK,36-45,Organic,6,14,0,2026-08-28,Annual,0,Not Churned
CUST03626,2022-12-20,Basic,36,44,India,46-55,Paid Ads,4,10,1,2026-06-11,Annual,1,Pricing
CUST03627,2023-09-16,Basic,37,35,USA,26-35,Referral,4,11,0,2026-08-17,Monthly,0,Not Churned
CUST03628,2024-06-12,Premium,104,26,India,36-45,Partner,2,11,0,2026-07-20,Monthly,0,Not Churned
CUST03629,2022-04-24,Standard,58,52,India,36-45,Referral,3,15,0,2026-07-22,Annual,1,Competitor
CUST03630,2023-07-18,Standard,57,37,India,56+,Organic,4,13,0,2026-08-10,Monthly,0,Not Churned
CUST03631,2025-07-07,Standard,63,13,USA,26-35,Organic,0,15,1,2026-06-25,Monthly,0,Not Churned
CUST03632,2022-09-21,Basic,33,47,USA,56+,Social Media,1,9,1,2026-07-20,Monthly,0,Not Churned
CUST03633,2025-12-04,Standard,66,8,USA,18-25,Paid Ads,1,14,0,2026-07-13,Annual,0,Not Churned
CUST03634,2025-06-07,Basic,38,14,India,36-45,Paid Ads,3,16,0,2026-06-20,Annual,1,Pricing
CUST03635,2024-06-12,Basic,33,26,UK,36-45,Social Media,1,10,0,2026-07-15,Annual,0,Not Churned
CUST03636,2022-09-21,Standard,67,47,UK,46-55,Partner,2,11,1,2026-07-09,Monthly,0,Not Churned
CUST03637,2021-12-25,Premium,103,56,USA,18-25,Referral,5,9,0,2026-08-25,Monthly,0,Not Churned
CUST03638,2024-02-13,Basic,29,30,Australia,18-25,Organic,2,18,0,2026-07-03,Annual,0,Not Churned
CUST03639,2022-05-24,Basic,35,51,UK,18-25,Paid Ads,4,9,2,2026-08-09,Monthly,0,Not Churned
CUST03640,2023-04-19,Basic,34,40,UK,36-45,Social Media,0,15,1,2026-07-22,Monthly,0,Not Churned
CUST03641,2023-02-18,Basic,24,42,India,36-45,Partner,5,16,0,2026-07-02,Monthly,0,Not Churned
CUST03642,2025-07-07,Premium,106,13,India,46-55,Partner,3,8,0,2026-08-21,Monthly,0,Not Churned
CUST03643,2023-08-17,Standard,58,36,Australia,26-35,Paid Ads,2,13,1,2026-06-27,Annual,0,Not Churned
CUST03644,2025-09-05,Standard,67,11,Australia,18-25,Social Media,1,19,0,2026-07-21,Monthly,0,Not Churned
CUST03645,2026-06-02,Standard,57,2,India,26-35,Organic,2,14,0,2026-08-17,Monthly,0,Not Churned
CUST03646,2024-02-13,Basic,27,30,USA,18-25,Organic,3,10,0,2026-06-16,Monthly,0,Not Churned
CUST03647,2022-05-24,Standard,60,51,UK,36-45,Paid Ads,2,14,0,2026-08-13,Monthly,1,Competitor
CUST03648,2024-08-11,Standard,62,24,UK,46-55,Partner,3,11,0,2026-06-14,Annual,0,Not Churned
CUST03649,2021-08-27,Standard,61,60,Australia,56+,Organic,5,11,2,2026-07-17,Annual,0,Not Churned
CUST03650,2022-03-25,Premium,104,53,India,26-35,Paid Ads,3,11,0,2026-08-15,Monthly,0,Not Churned
CUST03651,2025-02-07,Standard,66,18,USA,18-25,Partner,1,16,0,2026-06-27,Annual,0,Not Churned
CUST03652,2024-09-10,Basic,37,23,India,26-35,Paid Ads,2,17,1,2026-08-26,Monthly,0,Not Churned
CUST03653,2022-03-25,Premium,105,53,USA,36-45,Organic,3,9,0,2026-06-19,Monthly,0,Not Churned
CUST03654,2026-02-02,Basic,31,6,India,56+,Referral,5,20,0,2026-08-10,Monthly,0,Not Churned
CUST03655,2022-10-21,Basic,28,46,Australia,18-25,Referral,6,9,1,2026-08-13,Monthly,0,Not Churned
CUST03656,2022-06-23,Basic,29,50,USA,18-25,Paid Ads,3,13,0,2026-07-22,Annual,0,Not Churned
CUST03657,2025-09-05,Basic,25,11,Australia,36-45,Partner,4,6,0,2026-08-01,Annual,1,Pricing
CUST03658,2026-01-03,Standard,66,7,India,36-45,Organic,3,14,1,2026-08-28,Annual,0,Not Churned
CUST03659,2022-09-21,Standard,64,47,India,26-35,Partner,4,14,1,2026-07-01,Annual,0,Not Churned
CUST03660,2023-11-15,Premium,107,33,India,46-55,Social Media,1,10,0,2026-08-18,Monthly,0,Not Churned
CUST03661,2021-10-26,Standard,56,58,USA,18-25,Paid Ads,4,11,1,2026-07-10,Monthly,0,Not Churned
CUST03662,2025-10-05,Standard,58,10,Canada,46-55,Social Media,0,17,0,2026-06-04,Monthly,0,Not Churned
CUST03663,2024-11-09,Basic,25,21,USA,26-35,Organic,0,8,0,2026-07-25,Annual,0,Not Churned
CUST03664,2025-11-04,Basic,26,9,India,18-25,Organic,4,9,1,2026-07-03,Annual,0,Not Churned
CUST03665,2022-01-24,Standard,57,55,India,26-35,Partner,0,14,1,2026-08-27,Monthly,0,Not Churned
CUST03666,2024-02-13,Standard,59,30,India,26-35,Organic,4,18,0,2026-08-23,Annual,1,Competitor
CUST03667,2022-08-22,Premium,98,48,Canada,36-45,Organic,1,8,1,2026-08-28,Annual,0,Not Churned
CUST03668,2022-08-22,Basic,33,48,USA,36-45,Paid Ads,0,11,1,2026-06-16,Monthly,0,Not Churned
CUST03669,2024-07-12,Basic,27,25,Canada,26-35,Organic,3,9,0,2026-07-09,Monthly,1,Pricing
CUST03670,2024-07-12,Standard,66,25,UK,36-45,Social Media,5,14,0,2026-07-06,Monthly,1,Competitor
CUST03671,2022-07-23,Basic,38,49,India,26-35,Partner,2,6,1,2026-08-24,Monthly,0,Not Churned
CUST03672,2024-08-11,Basic,25,24,India,18-25,Paid Ads,6,12,0,2026-06-03,Annual,0,Not Churned
CUST03673,2025-08-06,Standard,65,12,Canada,56+,Paid Ads,1,18,0,2026-08-18,Annual,0,Not Churned
CUST03674,2026-01-03,Basic,34,7,Canada,46-55,Paid Ads,5,14,0,2026-08-04,Monthly,0,Not Churned
CUST03675,2021-09-26,Standard,58,59,USA,18-25,Organic,0,10,0,2026-06-12,Annual,0,Not Churned
CUST03676,2023-10-16,Basic,28,34,India,26-35,Organic,1,12,0,2026-07-16,Monthly,1,Pricing
CUST03677,2026-05-03,Basic,34,3,India,36-45,Organic,5,16,1,2026-06-06,Monthly,0,Not Churned
CUST03678,2026-02-02,Basic,30,6,India,26-35,Paid Ads,3,8,0,2026-07-10,Monthly,0,Not Churned
CUST03679,2021-09-26,Premium,94,59,India,36-45,Referral,3,13,1,2026-06-15,Annual,0,Not Churned
CUST03680,2024-05-13,Basic,27,27,India,36-45,Partner,2,15,0,2026-06-19,Annual,0,Not Churned
CUST03681,2025-01-08,Standard,64,19,USA,26-35,Referral,0,10,0,2026-06-26,Monthly,0,Not Churned
CUST03682,2025-12-04,Basic,28,8,India,18-25,Referral,2,16,0,2026-06-27,Annual,0,Not Churned
CUST03683,2023-08-17,Standard,61,36,India,36-45,Paid Ads,3,14,1,2026-06-11,Annual,0,Not Churned
CUST03684,2023-05-19,Basic,35,39,Australia,26-35,Social Media,4,7,1,2026-08-27,Monthly,1,Pricing
CUST03685,2023-08-17,Standard,68,36,USA,26-35,Partner,5,8,0,2026-08-23,Monthly,0,Not Churned
CUST03686,2025-02-07,Standard,65,18,Germany,36-45,Partner,6,10,0,2026-06-24,Annual,0,Not Churned
CUST03687,2026-01-03,Premium,101,7,India,36-45,Organic,3,14,2,2026-08-16,Monthly,0,Not Churned
CUST03688,2021-12-25,Basic,24,56,UK,26-35,Referral,1,14,0,2026-08-08,Monthly,0,Not Churned
CUST03689,2026-07-02,Basic,28,1,India,46-55,Referral,1,14,0,2026-06-18,Monthly,1,Pricing
CUST03690,2026-03-04,Basic,33,5,UK,36-45,Organic,4,8,0,2026-07-05,Annual,0,Not Churned
CUST03691,2023-02-18,Premium,94,42,India,26-35,Partner,2,10,0,2026-08-16,Annual,0,Not Churned
CUST03692,2025-06-07,Standard,54,14,India,26-35,Organic,2,10,2,2026-07-31,Monthly,0,Not Churned
CUST03693,2021-12-25,Standard,55,56,Germany,36-45,Organic,2,12,1,2026-07-10,Annual,0,Not Churned
CUST03694,2026-07-02,Basic,25,1,USA,26-35,Paid Ads,3,14,0,2026-07-29,Monthly,0,Not Churned
CUST03695,2025-08-06,Basic,38,12,Germany,26-35,Paid Ads,6,9,0,2026-08-27,Monthly,0,Not Churned
CUST03696,2025-01-08,Basic,38,19,India,36-45,Partner,5,15,0,2026-07-08,Annual,0,Not Churned
CUST03697,2026-06-02,Premium,102,2,India,36-45,Paid Ads,1,13,0,2026-07-16,Monthly,0,Not Churned
CUST03698,2025-06-07,Standard,57,14,USA,36-45,Paid Ads,6,12,0,2026-08-10,Monthly,0,Not Churned
CUST03699,2026-05-03,Premium,96,3,UK,36-45,Referral,4,12,0,2026-06-16,Monthly,0,Not Churned
CUST03700,2022-05-24,Basic,34,51,USA,26-35,Organic,2,14,2,2026-06-06,Monthly,0,Not Churned
CUST03701,2023-09-16,Standard,54,35,Germany,26-35,Social Media,3,13,1,2026-06-12,Monthly,0,Not Churned
CUST03702,2025-07-07,Standard,65,13,India,36-45,Social Media,3,12,1,2026-07-28,Monthly,0,Not Churned
CUST03703,2022-07-23,Basic,25,49,UK,36-45,Paid Ads,3,12,2,2026-07-13,Annual,0,Not Churned
CUST03704,2026-05-03,Premium,99,3,India,36-45,Partner,3,10,0,2026-07-16,Monthly,0,Not Churned
CUST03705,2025-06-07,Premium,102,14,India,26-35,Referral,1,13,0,2026-06-06,Monthly,0,Not Churned
CUST03706,2023-10-16,Premium,98,34,USA,56+,Referral,3,12,0,2026-08-21,Annual,0,Not Churned
CUST03707,2022-11-20,Standard,57,45,USA,18-25,Partner,2,11,1,2026-08-14,Annual,0,Not Churned
CUST03708,2025-11-04,Basic,36,9,India,26-35,Referral,4,16,1,2026-08-13,Monthly,1,Pricing
CUST03709,2025-10-05,Basic,28,10,India,26-35,Paid Ads,4,7,0,2026-07-05,Monthly,0,Not Churned
CUST03710,2025-12-04,Premium,102,8,USA,26-35,Organic,2,9,1,2026-06-12,Annual,0,Not Churned
CUST03711,2024-03-14,Basic,35,29,USA,36-45,Referral,1,12,0,2026-08-10,Monthly,0,Not Churned
CUST03712,2022-02-23,Standard,66,54,India,18-25,Partner,6,12,2,2026-08-25,Monthly,1,Payment Issues
CUST03713,2023-05-19,Standard,60,39,India,26-35,Paid Ads,4,19,1,2026-06-13,Monthly,0,Not Churned
CUST03714,2023-11-15,Standard,61,33,India,26-35,Paid Ads,5,8,1,2026-08-05,Monthly,0,Not Churned
CUST03715,2024-09-10,Premium,108,23,Germany,36-45,Paid Ads,2,8,1,2026-08-30,Monthly,0,Not Churned
CUST03716,2025-12-04,Basic,27,8,Germany,46-55,Referral,1,11,1,2026-08-12,Monthly,0,Not Churned
CUST03717,2023-04-19,Basic,34,40,USA,36-45,Organic,3,11,2,2026-06-16,Monthly,1,Payment Issues
CUST03718,2023-06-18,Basic,31,38,Germany,26-35,Social Media,2,12,0,2026-08-11,Monthly,0,Not Churned
CUST03719,2024-09-10,Standard,59,23,UK,36-45,Social Media,5,17,0,2026-07-21,Annual,0,Not Churned
CUST03720,2021-09-26,Basic,28,59,India,18-25,Paid Ads,3,10,0,2026-08-01,Annual,0,Not Churned
CUST03721,2022-06-23,Basic,36,50,India,26-35,Organic,4,13,0,2026-06-30,Monthly,0,Not Churned
CUST03722,2023-08-17,Premium,105,36,Australia,46-55,Referral,4,11,0,2026-08-28,Monthly,0,Not Churned
CUST03723,2021-12-25,Premium,100,56,UK,26-35,Organic,0,11,0,2026-08-23,Annual,0,Not Churned
CUST03724,2023-01-19,Basic,29,43,Australia,18-25,Paid Ads,1,17,1,2026-07-27,Monthly,0,Not Churned
CUST03725,2024-12-09,Basic,26,20,Australia,26-35,Organic,2,8,1,2026-06-04,Annual,0,Not Churned
CUST03726,2021-12-25,Premium,98,56,USA,26-35,Referral,3,18,0,2026-06-03,Monthly,0,Not Churned
CUST03727,2021-10-26,Basic,32,58,India,26-35,Paid Ads,3,6,1,2026-08-19,Monthly,0,Not Churned
CUST03728,2022-08-22,Basic,30,48,India,26-35,Social Media,1,12,0,2026-07-07,Monthly,0,Not Churned
CUST03729,2025-08-06,Basic,35,12,India,26-35,Social Media,3,14,0,2026-08-27,Annual,0,Not Churned
CUST03730,2023-08-17,Standard,57,36,India,46-55,Partner,3,12,0,2026-08-17,Monthly,0,Not Churned
CUST03731,2025-11-04,Basic,30,9,USA,36-45,Organic,0,6,1,2026-07-01,Annual,0,Not Churned
CUST03732,2023-11-15,Premium,98,33,India,46-55,Organic,3,14,0,2026-08-29,Monthly,0,Not Churned
CUST03733,2026-02-02,Standard,64,6,India,36-45,Paid Ads,4,16,0,2026-07-11,Monthly,0,Not Churned
CUST03734,2023-12-15,Standard,66,32,USA,36-45,Organic,5,14,0,2026-08-08,Monthly,0,Not Churned
CUST03735,2026-07-02,Basic,38,1,India,26-35,Organic,4,11,0,2026-08-12,Monthly,0,Not Churned
CUST03736,2021-08-27,Standard,55,60,USA,18-25,Referral,2,14,0,2026-08-22,Monthly,0,Not Churned
CUST03737,2022-02-23,Standard,66,54,USA,36-45,Referral,5,14,0,2026-06-29,Monthly,1,Competitor
CUST03738,2022-04-24,Standard,59,52,UK,26-35,Organic,4,16,0,2026-08-05,Monthly,0,Not Churned
CUST03739,2024-08-11,Standard,60,24,Germany,18-25,Paid Ads,1,5,1,2026-07-14,Monthly,1,Competitor
CUST03740,2024-03-14,Standard,61,29,India,26-35,Paid Ads,2,13,0,2026-07-11,Annual,1,Competitor
CUST03741,2025-12-04,Premium,99,8,India,36-45,Organic,3,11,0,2026-08-14,Annual,0,Not Churned
CUST03742,2025-07-07,Premium,101,13,Australia,56+,Social Media,2,8,0,2026-07-14,Monthly,0,Not Churned
CUST03743,2024-07-12,Standard,60,25,USA,26-35,Organic,2,11,0,2026-07-03,Monthly,0,Not Churned
CUST03744,2022-01-24,Basic,25,55,Canada,36-45,Organic,4,10,0,2026-07-09,Monthly,1,Pricing
CUST03745,2024-03-14,Basic,37,29,India,46-55,Organic,1,9,0,2026-07-04,Monthly,0,Not Churned
CUST03746,2021-09-26,Basic,29,59,Australia,26-35,Organic,3,15,0,2026-06-23,Monthly,1,Pricing
CUST03747,2024-08-11,Standard,62,24,Germany,18-25,Social Media,1,8,1,2026-06-09,Monthly,0,Not Churned
CUST03748,2024-05-13,Standard,65,27,UK,26-35,Organic,3,14,0,2026-06-23,Annual,0,Not Churned
CUST03749,2022-05-24,Standard,59,51,India,46-55,Referral,3,6,1,2026-08-29,Annual,0,Not Churned
CUST03750,2024-06-12,Premium,97,26,Australia,26-35,Paid Ads,3,8,0,2026-07-27,Monthly,1,Competitor
CUST03751,2024-12-09,Premium,100,20,Canada,26-35,Referral,6,9,0,2026-08-16,Annual,0,Not Churned
CUST03752,2026-04-03,Premium,96,4,Canada,26-35,Partner,2,11,0,2026-08-13,Monthly,0,Not Churned
CUST03753,2024-10-10,Basic,28,22,India,46-55,Social Media,5,14,0,2026-07-02,Monthly,0,Not Churned
CUST03754,2026-01-03,Standard,54,7,Canada,46-55,Organic,2,10,2,2026-06-10,Annual,1,Payment Issues
CUST03755,2021-11-25,Basic,38,57,India,26-35,Social Media,2,10,0,2026-08-15,Monthly,1,Pricing
CUST03756,2021-10-26,Basic,33,58,India,46-55,Paid Ads,3,13,0,2026-06-11,Annual,0,Not Churned
CUST03757,2022-02-23,Basic,26,54,USA,26-35,Paid Ads,6,9,1,2026-06-04,Monthly,0,Not Churned
CUST03758,2025-02-07,Basic,31,18,India,26-35,Referral,8,11,1,2026-07-27,Annual,0,Not Churned
CUST03759,2025-10-05,Standard,62,10,UK,46-55,Partner,3,17,2,2026-06-05,Monthly,0,Not Churned
CUST03760,2024-01-14,Premium,102,31,UK,36-45,Organic,2,14,0,2026-07-15,Annual,0,Not Churned
CUST03761,2024-06-12,Basic,38,26,India,26-35,Social Media,7,12,1,2026-08-05,Monthly,1,Poor Support Experience
CUST03762,2022-01-24,Standard,63,55,UK,26-35,Organic,3,11,0,2026-07-14,Monthly,1,Competitor
CUST03763,2022-09-21,Standard,55,47,Germany,36-45,Paid Ads,5,16,0,2026-06-19,Annual,0,Not Churned
CUST03764,2022-11-20,Basic,27,45,India,46-55,Social Media,3,9,0,2026-07-06,Annual,0,Not Churned
CUST03765,2024-06-12,Standard,58,26,USA,46-55,Paid Ads,3,11,1,2026-08-06,Annual,0,Not Churned
CUST03766,2024-07-12,Basic,38,25,India,36-45,Organic,1,8,0,2026-06-13,Monthly,0,Not Churned
CUST03767,2021-12-25,Standard,56,56,USA,46-55,Paid Ads,5,19,1,2026-06-13,Monthly,0,Not Churned
CUST03768,2022-04-24,Standard,66,52,India,36-45,Social Media,3,14,0,2026-08-26,Monthly,0,Not Churned
CUST03769,2025-02-07,Basic,34,18,USA,36-45,Paid Ads,2,9,1,2026-07-12,Monthly,1,Pricing
CUST03770,2024-08-11,Basic,24,24,India,36-45,Organic,4,13,1,2026-06-28,Annual,0,Not Churned
CUST03771,2022-02-23,Standard,59,54,Germany,26-35,Paid Ads,1,11,0,2026-07-26,Annual,0,Not Churned
CUST03772,2022-12-20,Premium,107,44,UK,18-25,Partner,4,5,2,2026-07-21,Annual,1,Payment Issues
CUST03773,2025-05-08,Basic,38,15,USA,26-35,Referral,1,18,1,2026-07-28,Monthly,0,Not Churned
CUST03774,2025-12-04,Standard,63,8,USA,36-45,Referral,1,8,0,2026-08-01,Monthly,0,Not Churned
CUST03775,2023-01-19,Standard,55,43,USA,26-35,Social Media,2,14,1,2026-07-31,Annual,0,Not Churned
CUST03776,2024-07-12,Premium,102,25,USA,18-25,Organic,2,14,1,2026-07-31,Annual,0,Not Churned
CUST03777,2023-09-16,Premium,94,35,USA,26-35,Referral,5,16,1,2026-07-25,Annual,0,Not Churned
CUST03778,2024-08-11,Standard,64,24,USA,18-25,Paid Ads,1,11,0,2026-06-10,Annual,0,Not Churned
CUST03779,2022-10-21,Standard,62,46,India,36-45,Organic,4,9,0,2026-06-29,Annual,0,Not Churned
CUST03780,2021-10-26,Premium,100,58,India,26-35,Organic,4,18,2,2026-06-16,Monthly,0,Not Churned
CUST03781,2023-04-19,Basic,34,40,USA,18-25,Social Media,6,19,1,2026-07-13,Annual,0,Not Churned
CUST03782,2022-03-25,Basic,36,53,Australia,36-45,Organic,4,15,1,2026-08-11,Monthly,1,Pricing
CUST03783,2023-06-18,Basic,33,38,India,46-55,Paid Ads,6,6,3,2026-07-27,Annual,0,Not Churned
CUST03784,2024-11-09,Premium,95,21,India,18-25,Organic,2,11,0,2026-08-31,Monthly,1,Competitor
CUST03785,2022-02-23,Premium,107,54,India,26-35,Organic,2,11,0,2026-08-12,Monthly,1,Competitor
CUST03786,2026-07-02,Basic,29,1,Germany,46-55,Paid Ads,2,10,1,2026-07-20,Monthly,0,Not Churned
CUST03787,2024-06-12,Standard,61,26,Australia,26-35,Social Media,2,13,0,2026-08-10,Monthly,0,Not Churned
CUST03788,2025-10-05,Standard,68,10,USA,46-55,Organic,3,8,0,2026-08-31,Monthly,0,Not Churned
CUST03789,2024-06-12,Basic,25,26,Germany,26-35,Organic,2,13,0,2026-08-07,Monthly,0,Not Churned
CUST03790,2026-06-02,Premium,108,2,USA,26-35,Referral,6,11,2,2026-08-13,Monthly,0,Not Churned
CUST03791,2023-04-19,Basic,28,40,Germany,26-35,Referral,2,11,0,2026-07-03,Monthly,0,Not Churned
CUST03792,2025-06-07,Basic,36,14,India,18-25,Referral,3,9,2,2026-08-22,Monthly,0,Not Churned
CUST03793,2023-11-15,Standard,65,33,India,46-55,Organic,2,12,0,2026-07-15,Monthly,1,Competitor
CUST03794,2021-11-25,Standard,64,57,UK,56+,Social Media,3,14,1,2026-07-18,Monthly,0,Not Churned
CUST03795,2023-05-19,Basic,29,39,USA,56+,Paid Ads,6,12,1,2026-08-25,Monthly,0,Not Churned
CUST03796,2026-07-02,Standard,56,1,UK,46-55,Referral,3,22,0,2026-08-14,Monthly,1,Competitor
CUST03797,2024-02-13,Standard,67,30,India,46-55,Organic,4,12,1,2026-07-04,Monthly,0,Not Churned
CUST03798,2023-07-18,Basic,35,37,UK,36-45,Organic,2,12,0,2026-06-15,Annual,0,Not Churned
CUST03799,2025-02-07,Basic,25,18,India,46-55,Social Media,3,10,1,2026-06-19,Monthly,1,Pricing
CUST03800,2024-02-13,Standard,68,30,India,26-35,Organic,2,14,0,2026-07-13,Annual,0,Not Churned
CUST03801,2024-05-13,Basic,34,27,Australia,26-35,Organic,2,11,0,2026-08-14,Monthly,0,Not Churned
CUST03802,2021-08-27,Premium,99,60,Australia,36-45,Referral,1,7,0,2026-08-24,Monthly,0,Not Churned
CUST03803,2022-07-23,Premium,96,49,Germany,46-55,Paid Ads,4,10,0,2026-07-26,Monthly,0,Not Churned
CUST03804,2022-07-23,Premium,95,49,UK,36-45,Referral,4,12,0,2026-07-10,Monthly,0,Not Churned
CUST03805,2024-02-13,Basic,38,30,UK,46-55,Referral,2,12,0,2026-07-28,Monthly,0,Not Churned
CUST03806,2022-11-20,Premium,94,45,USA,26-35,Paid Ads,1,13,0,2026-08-16,Annual,0,Not Churned
CUST03807,2022-03-25,Standard,67,53,India,36-45,Paid Ads,3,24,0,2026-07-14,Annual,0,Not Churned
CUST03808,2023-08-17,Basic,31,36,India,56+,Partner,2,16,0,2026-07-01,Annual,0,Not Churned
CUST03809,2024-11-09,Basic,24,21,India,26-35,Paid Ads,3,18,1,2026-08-29,Annual,0,Not Churned
CUST03810,2022-02-23,Basic,35,54,Australia,46-55,Referral,4,15,0,2026-08-01,Monthly,0,Not Churned
CUST03811,2025-04-08,Standard,68,16,India,36-45,Organic,2,11,0,2026-08-09,Monthly,0,Not Churned
CUST03812,2025-03-09,Standard,58,17,Germany,36-45,Social Media,4,13,0,2026-07-15,Annual,0,Not Churned
CUST03813,2025-02-07,Basic,34,18,USA,46-55,Organic,6,12,1,2026-08-10,Annual,0,Not Churned
CUST03814,2023-10-16,Standard,59,34,UK,26-35,Referral,4,19,1,2026-07-25,Monthly,0,Not Churned
CUST03815,2024-11-09,Basic,34,21,India,26-35,Paid Ads,3,13,0,2026-08-03,Annual,0,Not Churned
CUST03816,2025-08-06,Standard,65,12,India,36-45,Referral,5,15,0,2026-06-20,Monthly,1,Competitor
CUST03817,2024-01-14,Basic,35,31,Germany,18-25,Paid Ads,1,9,0,2026-06-24,Monthly,0,Not Churned
CUST03818,2025-10-05,Premium,96,10,India,26-35,Referral,1,6,0,2026-08-12,Annual,1,Competitor
CUST03819,2023-03-20,Premium,107,41,India,26-35,Organic,4,11,0,2026-07-03,Annual,0,Not Churned
CUST03820,2022-01-24,Standard,60,55,India,46-55,Paid Ads,4,8,1,2026-08-14,Annual,0,Not Churned
CUST03821,2021-10-26,Basic,25,58,India,18-25,Social Media,3,8,1,2026-06-21,Annual,0,Not Churned
CUST03822,2026-04-03,Basic,30,4,India,26-35,Organic,4,6,2,2026-07-30,Monthly,0,Not Churned
CUST03823,2025-05-08,Premium,95,15,UK,46-55,Organic,2,14,1,2026-07-01,Monthly,1,Competitor
CUST03824,2022-03-25,Basic,28,53,USA,46-55,Paid Ads,3,10,0,2026-08-10,Monthly,1,Pricing
CUST03825,2021-09-26,Basic,30,59,USA,36-45,Partner,4,15,0,2026-08-12,Annual,1,Pricing
CUST03826,2022-01-24,Basic,34,55,India,36-45,Organic,4,10,0,2026-07-05,Monthly,0,Not Churned
CUST03827,2023-02-18,Standard,64,42,Canada,26-35,Organic,3,17,1,2026-07-27,Annual,0,Not Churned
CUST03828,2023-03-20,Standard,67,41,Canada,26-35,Referral,3,9,2,2026-08-23,Monthly,0,Not Churned
CUST03829,2024-04-13,Premium,96,28,India,18-25,Organic,3,13,0,2026-08-11,Annual,0,Not Churned
CUST03830,2021-10-26,Basic,37,58,USA,36-45,Paid Ads,2,14,1,2026-08-04,Monthly,0,Not Churned
CUST03831,2026-01-03,Basic,34,7,India,26-35,Social Media,1,11,0,2026-08-17,Monthly,0,Not Churned
CUST03832,2025-09-05,Premium,97,11,Canada,36-45,Organic,5,7,0,2026-06-02,Monthly,0,Not Churned
CUST03833,2024-03-14,Premium,94,29,Canada,26-35,Referral,0,16,0,2026-06-13,Monthly,0,Not Churned
CUST03834,2023-10-16,Basic,26,34,Australia,26-35,Paid Ads,6,13,0,2026-07-19,Monthly,0,Not Churned
CUST03835,2022-04-24,Standard,62,52,India,36-45,Partner,5,15,1,2026-08-01,Annual,0,Not Churned
CUST03836,2021-10-26,Basic,33,58,USA,46-55,Partner,6,7,0,2026-07-30,Monthly,0,Not Churned
CUST03837,2022-04-24,Premium,98,52,India,26-35,Paid Ads,2,7,1,2026-08-04,Annual,0,Not Churned
CUST03838,2024-02-13,Basic,38,30,USA,26-35,Referral,3,13,0,2026-08-09,Annual,0,Not Churned
CUST03839,2024-05-13,Premium,108,27,USA,18-25,Referral,1,10,0,2026-07-07,Monthly,0,Not Churned
CUST03840,2024-07-12,Standard,61,25,India,18-25,Paid Ads,3,9,0,2026-07-23,Monthly,0,Not Churned
CUST03841,2021-12-25,Standard,55,56,UK,36-45,Organic,2,12,1,2026-08-10,Annual,0,Not Churned
CUST03842,2022-08-22,Basic,26,48,USA,26-35,Partner,3,14,1,2026-06-18,Monthly,0,Not Churned
CUST03843,2023-06-18,Standard,60,38,Australia,18-25,Paid Ads,3,9,1,2026-06-06,Monthly,0,Not Churned
CUST03844,2023-04-19,Standard,67,40,India,46-55,Organic,5,17,0,2026-07-05,Monthly,0,Not Churned
CUST03845,2024-09-10,Basic,33,23,Australia,36-45,Social Media,1,8,0,2026-06-29,Monthly,0,Not Churned
CUST03846,2021-12-25,Standard,57,56,Germany,18-25,Referral,2,9,1,2026-08-09,Monthly,0,Not Churned
CUST03847,2024-03-14,Premium,102,29,Australia,18-25,Organic,3,12,0,2026-06-09,Monthly,0,Not Churned
CUST03848,2022-01-24,Standard,67,55,Canada,18-25,Organic,2,15,1,2026-08-31,Monthly,0,Not Churned
CUST03849,2022-06-23,Standard,60,50,Canada,26-35,Organic,5,11,1,2026-06-14,Monthly,0,Not Churned
CUST03850,2025-09-05,Basic,37,11,USA,36-45,Partner,3,17,0,2026-06-11,Monthly,0,Not Churned
CUST03851,2021-08-27,Standard,64,60,India,36-45,Partner,2,9,0,2026-06-05,Monthly,0,Not Churned
CUST03852,2022-02-23,Basic,35,54,UK,18-25,Paid Ads,3,12,0,2026-08-03,Monthly,0,Not Churned
CUST03853,2026-04-03,Standard,54,4,UK,36-45,Social Media,4,6,2,2026-07-16,Monthly,0,Not Churned
CUST03854,2023-08-17,Premium,97,36,Germany,26-35,Paid Ads,3,8,0,2026-06-06,Monthly,0,Not Churned
CUST03855,2024-01-14,Standard,63,31,USA,26-35,Referral,2,10,0,2026-07-19,Monthly,1,Competitor
CUST03856,2025-10-05,Basic,34,10,India,46-55,Paid Ads,3,11,0,2026-07-09,Monthly,0,Not Churned
CUST03857,2022-02-23,Basic,29,54,UK,26-35,Paid Ads,6,16,0,2026-07-31,Annual,0,Not Churned
CUST03858,2025-04-08,Standard,59,16,Germany,18-25,Organic,3,13,0,2026-07-04,Monthly,1,Competitor
CUST03859,2021-12-25,Standard,63,56,India,46-55,Organic,3,11,0,2026-08-02,Annual,0,Not Churned
CUST03860,2022-03-25,Premium,99,53,India,26-35,Organic,1,10,1,2026-06-22,Monthly,0,Not Churned
CUST03861,2024-02-13,Premium,98,30,USA,26-35,Organic,3,9,0,2026-06-04,Annual,0,Not Churned
CUST03862,2023-09-16,Standard,56,35,India,36-45,Partner,0,12,0,2026-08-03,Monthly,0,Not Churned
CUST03863,2022-12-20,Basic,25,44,India,36-45,Partner,1,14,0,2026-06-04,Monthly,0,Not Churned
CUST03864,2025-03-09,Basic,26,17,India,46-55,Social Media,3,13,1,2026-06-10,Monthly,0,Not Churned
CUST03865,2026-03-04,Basic,32,5,Australia,26-35,Organic,3,14,0,2026-07-19,Monthly,0,Not Churned
CUST03866,2026-05-03,Basic,26,3,India,26-35,Paid Ads,1,16,0,2026-06-08,Annual,0,Not Churned
CUST03867,2025-04-08,Standard,56,16,USA,18-25,Paid Ads,2,7,0,2026-06-05,Annual,0,Not Churned
CUST03868,2022-05-24,Standard,54,51,Canada,36-45,Paid Ads,1,12,0,2026-07-25,Monthly,0,Not Churned
CUST03869,2026-04-03,Standard,55,4,Germany,26-35,Organic,7,16,0,2026-07-30,Monthly,0,Not Churned
CUST03870,2025-11-04,Basic,34,9,Germany,36-45,Paid Ads,2,10,0,2026-06-03,Monthly,0,Not Churned
CUST03871,2026-04-03,Basic,35,4,USA,18-25,Organic,1,14,0,2026-07-23,Monthly,0,Not Churned
CUST03872,2024-11-09,Basic,26,21,Germany,18-25,Social Media,2,13,1,2026-08-19,Monthly,0,Not Churned
CUST03873,2025-10-05,Basic,25,10,India,26-35,Referral,4,16,0,2026-08-30,Monthly,0,Not Churned
CUST03874,2022-03-25,Premium,101,53,Canada,56+,Paid Ads,0,14,1,2026-07-20,Annual,0,Not Churned
CUST03875,2024-01-14,Basic,29,31,UK,46-55,Referral,1,9,2,2026-06-28,Monthly,0,Not Churned
CUST03876,2025-03-09,Standard,60,17,India,56+,Organic,4,14,0,2026-07-29,Annual,0,Not Churned
CUST03877,2025-04-08,Basic,24,16,USA,26-35,Organic,1,10,0,2026-07-05,Annual,0,Not Churned
CUST03878,2023-05-19,Premium,99,39,India,18-25,Paid Ads,0,11,0,2026-08-12,Monthly,0,Not Churned
CUST03879,2022-09-21,Standard,55,47,Australia,26-35,Social Media,5,15,0,2026-08-31,Monthly,1,Competitor
CUST03880,2022-06-23,Basic,36,50,USA,36-45,Organic,2,18,0,2026-07-22,Annual,0,Not Churned
CUST03881,2026-02-02,Standard,68,6,UK,18-25,Referral,4,11,0,2026-08-06,Monthly,1,Competitor
CUST03882,2024-02-13,Standard,59,30,India,26-35,Organic,5,9,0,2026-07-01,Monthly,0,Not Churned
CUST03883,2025-05-08,Premium,96,15,India,18-25,Organic,3,14,0,2026-06-09,Annual,0,Not Churned
CUST03884,2023-01-19,Basic,30,43,Germany,26-35,Organic,1,10,0,2026-06-11,Monthly,0,Not Churned
CUST03885,2022-04-24,Premium,96,52,Canada,26-35,Referral,4,11,0,2026-07-23,Annual,0,Not Churned
CUST03886,2024-01-14,Premium,102,31,Germany,18-25,Paid Ads,5,11,0,2026-08-14,Monthly,0,Not Churned
CUST03887,2024-02-13,Premium,96,30,India,26-35,Referral,3,18,0,2026-08-03,Annual,0,Not Churned
CUST03888,2023-07-18,Standard,60,37,India,26-35,Organic,4,11,2,2026-07-21,Annual,0,Not Churned
CUST03889,2025-04-08,Standard,65,16,USA,36-45,Organic,3,14,0,2026-08-06,Monthly,0,Not Churned
CUST03890,2022-12-20,Standard,57,44,USA,36-45,Referral,5,15,0,2026-06-02,Annual,0,Not Churned
CUST03891,2022-03-25,Standard,61,53,India,18-25,Organic,2,15,1,2026-08-19,Annual,0,Not Churned
CUST03892,2023-08-17,Standard,67,36,Canada,36-45,Organic,1,8,1,2026-07-04,Monthly,0,Not Churned
CUST03893,2026-06-02,Standard,55,2,USA,18-25,Paid Ads,3,10,0,2026-07-14,Annual,0,Not Churned
CUST03894,2024-04-13,Standard,61,28,India,26-35,Referral,1,14,2,2026-07-30,Monthly,0,Not Churned
CUST03895,2022-08-22,Standard,62,48,India,36-45,Referral,3,7,2,2026-08-25,Annual,0,Not Churned
CUST03896,2023-04-19,Premium,106,40,USA,56+,Organic,1,9,0,2026-08-06,Monthly,0,Not Churned
CUST03897,2025-03-09,Basic,31,17,Canada,36-45,Referral,3,9,1,2026-07-13,Monthly,1,Pricing
CUST03898,2023-03-20,Premium,99,41,USA,26-35,Referral,3,12,1,2026-08-13,Monthly,0,Not Churned
CUST03899,2023-06-18,Standard,63,38,USA,36-45,Paid Ads,5,9,2,2026-06-27,Monthly,0,Not Churned
CUST03900,2023-08-17,Premium,94,36,India,26-35,Organic,2,7,2,2026-07-15,Annual,0,Not Churned
CUST03901,2023-12-15,Standard,60,32,Australia,26-35,Referral,3,8,0,2026-08-10,Monthly,0,Not Churned
CUST03902,2022-02-23,Basic,24,54,Germany,26-35,Referral,2,8,0,2026-08-08,Monthly,0,Not Churned
CUST03903,2021-09-26,Premium,100,59,UK,36-45,Organic,6,7,1,2026-07-30,Monthly,1,Competitor
CUST03904,2024-07-12,Basic,37,25,India,26-35,Referral,1,9,2,2026-06-27,Monthly,0,Not Churned
CUST03905,2025-07-07,Premium,95,13,USA,36-45,Paid Ads,2,6,0,2026-06-22,Monthly,1,Competitor
CUST03906,2025-06-07,Standard,61,14,UK,36-45,Social Media,3,6,0,2026-08-02,Monthly,0,Not Churned
CUST03907,2022-12-20,Standard,55,44,Germany,18-25,Organic,5,9,2,2026-07-27,Annual,0,Not Churned
CUST03908,2021-08-27,Basic,26,60,Germany,46-55,Organic,2,15,0,2026-08-25,Monthly,0,Not Churned
CUST03909,2024-07-12,Standard,66,25,Australia,36-45,Paid Ads,1,15,0,2026-06-20,Annual,0,Not Churned
CUST03910,2023-09-16,Basic,35,35,India,26-35,Paid Ads,5,5,0,2026-06-05,Annual,0,Not Churned
CUST03911,2024-03-14,Basic,26,29,Germany,18-25,Paid Ads,7,11,0,2026-08-08,Monthly,0,Not Churned
CUST03912,2025-05-08,Basic,24,15,UK,36-45,Referral,7,14,0,2026-07-20,Annual,0,Not Churned
CUST03913,2025-05-08,Basic,28,15,Canada,26-35,Referral,3,18,0,2026-06-04,Monthly,0,Not Churned
CUST03914,2022-09-21,Premium,98,47,USA,46-55,Referral,3,13,0,2026-07-20,Monthly,1,Competitor
CUST03915,2022-09-21,Premium,103,47,India,18-25,Organic,2,10,0,2026-07-02,Monthly,0,Not Churned
CUST03916,2023-04-19,Basic,28,40,USA,18-25,Referral,1,8,0,2026-08-28,Monthly,0,Not Churned
CUST03917,2025-03-09,Standard,67,17,India,46-55,Paid Ads,1,17,1,2026-07-07,Monthly,0,Not Churned
CUST03918,2024-07-12,Basic,36,25,USA,56+,Organic,2,12,1,2026-08-29,Annual,0,Not Churned
CUST03919,2024-09-10,Standard,62,23,Australia,18-25,Organic,2,12,1,2026-08-15,Annual,0,Not Churned
CUST03920,2022-10-21,Premium,99,46,India,36-45,Organic,3,11,2,2026-06-16,Annual,0,Not Churned
CUST03921,2023-12-15,Premium,99,32,India,26-35,Paid Ads,3,14,0,2026-08-23,Monthly,0,Not Churned
CUST03922,2021-10-26,Standard,56,58,India,36-45,Paid Ads,2,8,1,2026-07-07,Monthly,0,Not Churned
CUST03923,2024-01-14,Standard,58,31,USA,46-55,Partner,6,13,0,2026-06-17,Annual,0,Not Churned
CUST03924,2024-09-10,Basic,33,23,Germany,18-25,Social Media,4,15,0,2026-07-08,Monthly,0,Not Churned
CUST03925,2023-06-18,Premium,100,38,India,26-35,Social Media,3,5,0,2026-08-11,Monthly,0,Not Churned
CUST03926,2025-03-09,Basic,26,17,India,18-25,Paid Ads,2,13,1,2026-07-24,Monthly,1,Pricing
CUST03927,2024-03-14,Standard,55,29,Australia,18-25,Social Media,3,9,0,2026-07-26,Monthly,0,Not Churned
CUST03928,2026-06-02,Standard,58,2,Australia,18-25,Organic,1,18,1,2026-06-13,Annual,0,Not Churned
CUST03929,2025-09-05,Standard,56,11,India,46-55,Referral,1,12,1,2026-07-21,Annual,0,Not Churned
CUST03930,2025-04-08,Basic,28,16,Canada,26-35,Paid Ads,4,18,0,2026-07-04,Monthly,1,Pricing
CUST03931,2022-05-24,Premium,102,51,UK,26-35,Organic,2,14,0,2026-08-10,Annual,1,Competitor
CUST03932,2025-03-09,Basic,34,17,Canada,36-45,Organic,4,12,0,2026-06-23,Monthly,0,Not Churned
CUST03933,2024-11-09,Standard,63,21,USA,26-35,Referral,3,14,0,2026-07-23,Monthly,1,Competitor
CUST03934,2021-09-26,Basic,24,59,Germany,26-35,Organic,4,11,1,2026-06-07,Monthly,0,Not Churned
CUST03935,2024-11-09,Basic,27,21,India,18-25,Referral,5,13,0,2026-08-23,Monthly,0,Not Churned
CUST03936,2026-02-02,Standard,63,6,India,36-45,Partner,2,10,0,2026-07-19,Monthly,0,Not Churned
CUST03937,2022-10-21,Standard,68,46,USA,18-25,Organic,2,19,0,2026-08-05,Annual,0,Not Churned
CUST03938,2022-11-20,Basic,28,45,USA,36-45,Paid Ads,0,12,1,2026-06-06,Annual,0,Not Churned
CUST03939,2024-09-10,Basic,25,23,Germany,26-35,Referral,5,12,0,2026-06-19,Monthly,1,Pricing
CUST03940,2021-10-26,Standard,65,58,USA,36-45,Organic,4,10,1,2026-07-06,Monthly,1,Competitor
CUST03941,2021-11-25,Standard,55,57,India,36-45,Partner,6,12,1,2026-07-07,Annual,0,Not Churned
CUST03942,2023-12-15,Premium,94,32,USA,36-45,Social Media,1,7,0,2026-06-13,Monthly,0,Not Churned
CUST03943,2023-05-19,Basic,37,39,USA,26-35,Organic,2,13,0,2026-07-13,Monthly,1,Pricing
CUST03944,2022-11-20,Basic,31,45,Germany,26-35,Organic,3,11,0,2026-07-22,Monthly,0,Not Churned
CUST03945,2023-06-18,Basic,25,38,USA,46-55,Partner,3,15,1,2026-07-06,Monthly,1,Pricing
CUST03946,2024-03-14,Basic,26,29,UK,18-25,Partner,1,9,2,2026-06-17,Monthly,0,Not Churned
CUST03947,2024-01-14,Standard,68,31,UK,26-35,Paid Ads,3,13,1,2026-08-20,Monthly,0,Not Churned
CUST03948,2024-07-12,Standard,65,25,Canada,36-45,Organic,2,5,0,2026-08-07,Annual,0,Not Churned
CUST03949,2026-06-02,Basic,25,2,UK,46-55,Referral,1,22,0,2026-06-16,Annual,0,Not Churned
CUST03950,2024-10-10,Basic,27,22,India,26-35,Organic,4,15,0,2026-07-05,Monthly,0,Not Churned
CUST03951,2023-07-18,Basic,37,37,Australia,36-45,Partner,4,9,1,2026-07-23,Monthly,0,Not Churned
CUST03952,2022-12-20,Premium,94,44,Canada,36-45,Social Media,2,10,3,2026-07-29,Monthly,0,Not Churned
CUST03953,2025-05-08,Premium,96,15,Canada,18-25,Referral,2,9,0,2026-06-13,Monthly,1,Competitor
CUST03954,2026-02-02,Basic,28,6,Germany,36-45,Organic,0,5,2,2026-08-06,Annual,0,Not Churned
CUST03955,2021-10-26,Basic,33,58,Canada,46-55,Referral,5,10,1,2026-06-05,Monthly,0,Not Churned
CUST03956,2023-11-15,Premium,94,33,Australia,56+,Organic,2,12,1,2026-07-29,Monthly,0,Not Churned
CUST03957,2025-09-05,Premium,97,11,Germany,18-25,Organic,1,8,0,2026-08-21,Annual,0,Not Churned
CUST03958,2022-03-25,Standard,59,53,India,36-45,Paid Ads,2,17,0,2026-07-27,Annual,1,Competitor
CUST03959,2025-08-06,Basic,38,12,USA,26-35,Paid Ads,2,15,0,2026-06-27,Monthly,0,Not Churned
CUST03960,2024-08-11,Basic,27,24,USA,18-25,Social Media,5,14,0,2026-07-14,Monthly,0,Not Churned
CUST03961,2026-05-03,Standard,60,3,India,36-45,Social Media,5,14,0,2026-06-16,Monthly,0,Not Churned
CUST03962,2024-02-13,Basic,37,30,Australia,18-25,Paid Ads,1,13,0,2026-07-30,Monthly,0,Not Churned
CUST03963,2025-01-08,Basic,30,19,Canada,26-35,Paid Ads,2,11,2,2026-07-27,Monthly,0,Not Churned
CUST03964,2022-11-20,Standard,59,45,Canada,26-35,Paid Ads,1,14,0,2026-07-17,Annual,0,Not Churned
CUST03965,2023-01-19,Basic,32,43,Germany,26-35,Paid Ads,2,7,0,2026-06-29,Monthly,0,Not Churned
CUST03966,2022-01-24,Standard,55,55,India,26-35,Referral,2,15,0,2026-06-16,Annual,0,Not Churned
CUST03967,2026-01-03,Basic,36,7,Canada,26-35,Paid Ads,4,15,1,2026-07-15,Annual,0,Not Churned
CUST03968,2025-08-06,Basic,33,12,USA,36-45,Partner,2,15,0,2026-07-15,Monthly,0,Not Churned
CUST03969,2022-06-23,Standard,61,50,India,26-35,Referral,0,15,0,2026-08-10,Monthly,0,Not Churned
CUST03970,2024-03-14,Basic,31,29,India,36-45,Organic,0,9,0,2026-06-04,Monthly,0,Not Churned
CUST03971,2022-08-22,Premium,104,48,Australia,46-55,Organic,2,11,0,2026-08-21,Monthly,0,Not Churned
CUST03972,2025-12-04,Standard,63,8,USA,26-35,Paid Ads,3,15,0,2026-06-02,Monthly,0,Not Churned
CUST03973,2024-11-09,Basic,37,21,Australia,36-45,Paid Ads,1,20,2,2026-08-31,Monthly,1,Payment Issues
CUST03974,2021-11-25,Standard,67,57,USA,36-45,Paid Ads,5,11,0,2026-08-12,Annual,0,Not Churned
CUST03975,2025-07-07,Basic,34,13,India,36-45,Organic,2,9,0,2026-08-25,Monthly,0,Not Churned
CUST03976,2022-07-23,Premium,97,49,India,26-35,Partner,4,10,0,2026-07-10,Monthly,0,Not Churned
CUST03977,2024-05-13,Basic,29,27,USA,36-45,Organic,4,10,0,2026-08-12,Annual,0,Not Churned
CUST03978,2026-04-03,Standard,64,4,Germany,18-25,Referral,3,14,1,2026-08-13,Annual,0,Not Churned
CUST03979,2023-12-15,Basic,29,32,India,26-35,Organic,2,13,3,2026-06-26,Monthly,0,Not Churned
CUST03980,2024-08-11,Standard,58,24,Germany,36-45,Paid Ads,5,9,0,2026-08-27,Monthly,0,Not Churned
CUST03981,2023-03-20,Premium,107,41,Germany,18-25,Paid Ads,3,6,0,2026-08-26,Monthly,0,Not Churned
CUST03982,2025-11-04,Premium,94,9,Germany,36-45,Paid Ads,3,9,0,2026-06-13,Annual,0,Not Churned
CUST03983,2025-10-05,Basic,26,10,USA,36-45,Paid Ads,3,17,0,2026-07-09,Monthly,0,Not Churned
CUST03984,2025-09-05,Basic,30,11,Germany,36-45,Referral,5,6,0,2026-08-11,Annual,0,Not Churned
CUST03985,2023-11-15,Premium,101,33,USA,18-25,Referral,2,11,1,2026-06-19,Monthly,0,Not Churned
CUST03986,2022-07-23,Premium,95,49,India,56+,Referral,3,10,3,2026-07-14,Annual,0,Not Churned
CUST03987,2026-01-03,Basic,26,7,India,36-45,Social Media,1,9,0,2026-08-24,Annual,1,Pricing
CUST03988,2025-09-05,Standard,57,11,Germany,26-35,Social Media,0,7,1,2026-06-14,Monthly,0,Not Churned
CUST03989,2022-11-20,Basic,37,45,India,26-35,Referral,1,10,1,2026-07-12,Annual,0,Not Churned
CUST03990,2024-04-13,Premium,104,28,USA,36-45,Organic,5,17,0,2026-06-05,Annual,0,Not Churned
CUST03991,2023-06-18,Basic,28,38,India,46-55,Partner,2,17,0,2026-07-21,Monthly,1,Pricing
CUST03992,2024-02-13,Basic,26,30,India,36-45,Partner,3,10,1,2026-07-07,Monthly,0,Not Churned
CUST03993,2022-01-24,Standard,58,55,India,36-45,Referral,4,10,1,2026-06-24,Annual,0,Not Churned
CUST03994,2025-12-04,Basic,31,8,Australia,26-35,Paid Ads,3,12,0,2026-07-21,Annual,0,Not Churned
CUST03995,2024-05-13,Standard,61,27,USA,26-35,Organic,2,16,1,2026-06-17,Monthly,0,Not Churned
CUST03996,2024-10-10,Standard,67,22,Australia,26-35,Social Media,3,9,0,2026-08-03,Monthly,1,Competitor
CUST03997,2023-02-18,Basic,25,42,UK,36-45,Social Media,8,10,0,2026-06-11,Monthly,0,Not Churned
CUST03998,2023-12-15,Basic,29,32,Germany,26-35,Referral,2,13,0,2026-07-15,Monthly,0,Not Churned
CUST03999,2025-06-07,Standard,57,14,USA,26-35,Referral,4,12,1,2026-07-26,Monthly,0,Not Churned
CUST04000,2024-06-12,Basic,32,26,UK,26-35,Organic,6,18,0,2026-07-19,Monthly,0,Not Churned
CUST04001,2022-12-20,Standard,63,44,USA,46-55,Paid Ads,0,9,2,2026-08-29,Monthly,0,Not Churned
CUST04002,2021-10-26,Premium,95,58,USA,36-45,Referral,4,10,1,2026-08-05,Annual,0,Not Churned
CUST04003,2022-01-24,Standard,61,55,Australia,26-35,Organic,1,12,1,2026-08-10,Monthly,0,Not Churned
CUST04004,2025-09-05,Basic,24,11,UK,46-55,Referral,4,16,2,2026-06-23,Monthly,1,Payment Issues
CUST04005,2026-01-03,Basic,34,7,Canada,18-25,Social Media,2,10,1,2026-08-13,Monthly,0,Not Churned
CUST04006,2022-01-24,Basic,29,55,Canada,18-25,Paid Ads,3,10,0,2026-06-03,Monthly,0,Not Churned
CUST04007,2022-11-20,Basic,34,45,India,18-25,Organic,1,13,1,2026-06-11,Annual,0,Not Churned
CUST04008,2024-02-13,Standard,64,30,UK,18-25,Social Media,1,11,1,2026-06-25,Monthly,0,Not Churned
CUST04009,2026-06-02,Standard,67,2,India,18-25,Organic,3,17,0,2026-07-15,Annual,0,Not Churned
CUST04010,2023-09-16,Basic,35,35,USA,36-45,Paid Ads,6,9,0,2026-08-14,Annual,0,Not Churned
CUST04011,2024-06-12,Basic,33,26,UK,36-45,Referral,3,11,0,2026-06-13,Monthly,0,Not Churned
CUST04012,2024-07-12,Basic,36,25,Germany,36-45,Social Media,3,7,0,2026-08-04,Annual,0,Not Churned
CUST04013,2026-07-02,Standard,54,1,India,36-45,Social Media,4,10,1,2026-07-21,Monthly,0,Not Churned
CUST04014,2024-03-14,Basic,25,29,India,36-45,Paid Ads,3,10,0,2026-08-20,Monthly,0,Not Churned
CUST04015,2024-08-11,Standard,56,24,India,26-35,Paid Ads,1,9,1,2026-06-27,Monthly,0,Not Churned
CUST04016,2022-01-24,Basic,32,55,USA,36-45,Social Media,3,13,0,2026-08-12,Monthly,1,Pricing
CUST04017,2023-06-18,Premium,98,38,Australia,36-45,Referral,0,13,0,2026-06-14,Monthly,0,Not Churned
CUST04018,2026-07-02,Premium,103,1,Australia,46-55,Referral,2,15,0,2026-07-24,Monthly,0,Not Churned
CUST04019,2024-07-12,Basic,33,25,Canada,26-35,Paid Ads,2,15,2,2026-06-29,Monthly,0,Not Churned
CUST04020,2023-10-16,Basic,35,34,Australia,18-25,Paid Ads,1,15,2,2026-06-05,Monthly,0,Not Churned
CUST04021,2023-02-18,Standard,55,42,India,36-45,Paid Ads,4,9,0,2026-07-11,Monthly,0,Not Churned
CUST04022,2022-12-20,Basic,33,44,India,36-45,Paid Ads,2,9,0,2026-07-02,Monthly,1,Pricing
CUST04023,2026-03-04,Standard,58,5,India,26-35,Paid Ads,3,8,0,2026-07-29,Monthly,0,Not Churned
CUST04024,2023-03-20,Premium,98,41,Australia,36-45,Partner,3,16,0,2026-08-30,Monthly,0,Not Churned
CUST04025,2025-08-06,Standard,54,12,Canada,18-25,Paid Ads,4,12,1,2026-07-29,Monthly,0,Not Churned
CUST04026,2025-12-04,Premium,96,8,UK,56+,Organic,1,15,0,2026-08-13,Monthly,0,Not Churned
CUST04027,2023-02-18,Basic,28,42,India,18-25,Paid Ads,3,7,0,2026-07-03,Monthly,0,Not Churned
CUST04028,2025-06-07,Basic,32,14,USA,18-25,Referral,3,8,2,2026-07-31,Monthly,0,Not Churned
CUST04029,2024-12-09,Standard,63,20,Germany,18-25,Partner,3,10,0,2026-07-13,Monthly,1,Competitor
CUST04030,2022-09-21,Basic,24,47,India,26-35,Social Media,2,15,1,2026-08-03,Annual,0,Not Churned
CUST04031,2023-04-19,Standard,61,40,Canada,18-25,Social Media,4,17,0,2026-07-27,Monthly,0,Not Churned
CUST04032,2025-11-04,Basic,24,9,India,36-45,Social Media,1,13,1,2026-08-30,Annual,1,Pricing
CUST04033,2021-08-27,Basic,32,60,India,46-55,Partner,4,12,0,2026-07-19,Monthly,0,Not Churned
CUST04034,2021-09-26,Premium,99,59,Canada,26-35,Organic,6,9,0,2026-07-25,Monthly,0,Not Churned
CUST04035,2026-03-04,Basic,24,5,India,36-45,Paid Ads,2,10,0,2026-07-24,Monthly,0,Not Churned
CUST04036,2026-07-02,Premium,101,1,Canada,18-25,Paid Ads,6,8,0,2026-06-28,Annual,0,Not Churned
CUST04037,2025-09-05,Premium,98,11,UK,26-35,Paid Ads,1,14,0,2026-08-08,Monthly,0,Not Churned
CUST04038,2022-02-23,Standard,60,54,USA,26-35,Referral,5,13,1,2026-08-23,Annual,0,Not Churned
CUST04039,2026-04-03,Standard,60,4,Canada,26-35,Paid Ads,1,8,0,2026-06-10,Annual,0,Not Churned
CUST04040,2023-06-18,Standard,68,38,USA,36-45,Referral,1,9,0,2026-08-10,Annual,0,Not Churned
CUST04041,2025-03-09,Premium,100,17,India,18-25,Paid Ads,2,17,0,2026-06-04,Monthly,0,Not Churned
CUST04042,2026-04-03,Basic,29,4,Canada,46-55,Paid Ads,2,16,0,2026-08-20,Monthly,0,Not Churned
CUST04043,2023-12-15,Standard,64,32,USA,36-45,Paid Ads,5,5,0,2026-06-18,Monthly,0,Not Churned
CUST04044,2026-03-04,Standard,61,5,India,36-45,Social Media,3,4,0,2026-06-06,Monthly,1,Low Engagement
CUST04045,2024-10-10,Standard,62,22,Australia,46-55,Referral,1,12,1,2026-08-26,Monthly,0,Not Churned
CUST04046,2025-06-07,Standard,65,14,USA,46-55,Partner,4,13,2,2026-06-14,Monthly,1,Payment Issues
CUST04047,2024-11-09,Basic,38,21,Australia,36-45,Social Media,3,12,0,2026-08-13,Annual,1,Pricing
CUST04048,2025-02-07,Standard,55,18,Australia,26-35,Paid Ads,2,13,0,2026-08-23,Annual,0,Not Churned
CUST04049,2026-05-03,Premium,100,3,USA,26-35,Organic,3,12,0,2026-08-02,Monthly,0,Not Churned
CUST04050,2022-03-25,Basic,38,53,USA,36-45,Referral,3,9,2,2026-06-03,Monthly,0,Not Churned
CUST04051,2025-09-05,Premium,95,11,USA,36-45,Referral,3,12,0,2026-06-30,Annual,0,Not Churned
CUST04052,2022-09-21,Standard,59,47,USA,46-55,Paid Ads,4,3,0,2026-07-02,Monthly,0,Not Churned
CUST04053,2023-05-19,Premium,95,39,Australia,26-35,Organic,4,12,0,2026-06-09,Annual,0,Not Churned
CUST04054,2023-08-17,Standard,63,36,Canada,26-35,Referral,4,13,0,2026-07-27,Annual,0,Not Churned
CUST04055,2024-05-13,Standard,59,27,India,26-35,Organic,1,8,0,2026-07-12,Monthly,0,Not Churned
CUST04056,2023-06-18,Basic,25,38,UK,46-55,Partner,3,14,0,2026-08-02,Annual,0,Not Churned
CUST04057,2024-07-12,Premium,94,25,Germany,18-25,Referral,4,15,0,2026-07-29,Annual,0,Not Churned
CUST04058,2023-02-18,Basic,30,42,USA,26-35,Organic,4,6,0,2026-08-14,Monthly,0,Not Churned
CUST04059,2023-05-19,Premium,96,39,Canada,26-35,Organic,4,12,0,2026-08-29,Monthly,0,Not Churned
CUST04060,2023-09-16,Premium,107,35,Canada,18-25,Referral,4,12,1,2026-06-26,Annual,0,Not Churned
CUST04061,2025-05-08,Basic,35,15,USA,26-35,Referral,2,8,1,2026-06-02,Monthly,0,Not Churned
CUST04062,2021-09-26,Basic,37,59,USA,36-45,Referral,3,6,0,2026-08-07,Annual,0,Not Churned
CUST04063,2022-03-25,Standard,66,53,Canada,18-25,Referral,5,13,0,2026-08-20,Monthly,0,Not Churned
CUST04064,2021-11-25,Basic,27,57,USA,36-45,Referral,4,13,0,2026-07-19,Monthly,0,Not Churned
CUST04065,2022-08-22,Premium,106,48,USA,56+,Paid Ads,4,12,0,2026-08-11,Annual,0,Not Churned
CUST04066,2024-11-09,Basic,29,21,UK,56+,Partner,2,18,1,2026-07-21,Monthly,0,Not Churned
CUST04067,2026-05-03,Basic,28,3,Canada,36-45,Paid Ads,2,15,0,2026-08-08,Monthly,0,Not Churned
CUST04068,2024-08-11,Premium,97,24,India,36-45,Organic,4,13,2,2026-08-19,Monthly,0,Not Churned
CUST04069,2022-01-24,Standard,62,55,India,26-35,Paid Ads,2,12,0,2026-08-20,Monthly,1,Competitor
CUST04070,2022-12-20,Premium,99,44,India,56+,Organic,3,15,0,2026-06-18,Monthly,0,Not Churned
CUST04071,2026-03-04,Basic,29,5,USA,26-35,Paid Ads,5,13,0,2026-07-13,Monthly,0,Not Churned
CUST04072,2023-07-18,Standard,55,37,India,26-35,Referral,2,19,1,2026-08-12,Monthly,0,Not Churned
CUST04073,2023-11-15,Standard,59,33,USA,18-25,Organic,2,13,3,2026-07-31,Monthly,0,Not Churned
CUST04074,2024-08-11,Standard,60,24,India,26-35,Social Media,3,10,0,2026-08-01,Monthly,0,Not Churned
CUST04075,2026-02-02,Standard,61,6,USA,18-25,Referral,3,13,1,2026-06-05,Monthly,0,Not Churned
CUST04076,2022-09-21,Standard,68,47,USA,36-45,Organic,1,9,0,2026-08-18,Monthly,0,Not Churned
CUST04077,2022-03-25,Standard,67,53,USA,36-45,Paid Ads,3,10,1,2026-07-18,Monthly,1,Competitor
CUST04078,2022-11-20,Basic,31,45,USA,36-45,Paid Ads,3,14,0,2026-07-31,Annual,0,Not Churned
CUST04079,2026-01-03,Standard,62,7,India,26-35,Organic,3,18,0,2026-08-09,Monthly,0,Not Churned
CUST04080,2022-06-23,Basic,33,50,Australia,46-55,Organic,0,13,1,2026-06-30,Monthly,1,Pricing
CUST04081,2025-01-08,Standard,64,19,India,18-25,Organic,4,13,1,2026-07-23,Annual,0,Not Churned
CUST04082,2021-11-25,Basic,36,57,UK,26-35,Paid Ads,5,13,0,2026-06-10,Monthly,0,Not Churned
CUST04083,2024-11-09,Standard,65,21,Germany,36-45,Organic,2,8,0,2026-06-14,Monthly,0,Not Churned
CUST04084,2026-02-02,Standard,56,6,USA,46-55,Organic,4,17,0,2026-06-15,Monthly,0,Not Churned
CUST04085,2023-04-19,Basic,33,40,Australia,26-35,Social Media,1,16,0,2026-08-13,Monthly,0,Not Churned
CUST04086,2026-05-03,Basic,38,3,India,36-45,Organic,1,10,1,2026-08-19,Monthly,0,Not Churned
CUST04087,2022-07-23,Basic,30,49,USA,36-45,Paid Ads,2,11,0,2026-08-24,Annual,0,Not Churned
CUST04088,2025-06-07,Standard,60,14,USA,46-55,Organic,1,18,0,2026-08-28,Monthly,0,Not Churned
CUST04089,2024-12-09,Premium,94,20,India,18-25,Organic,3,15,1,2026-08-01,Monthly,0,Not Churned
CUST04090,2025-06-07,Basic,31,14,USA,26-35,Referral,7,16,1,2026-08-30,Annual,0,Not Churned
CUST04091,2026-06-02,Standard,68,2,USA,26-35,Organic,2,7,2,2026-08-02,Annual,1,Payment Issues
CUST04092,2024-07-12,Basic,27,25,UK,18-25,Organic,3,12,1,2026-06-10,Monthly,0,Not Churned
CUST04093,2026-04-03,Standard,58,4,Germany,18-25,Referral,4,10,0,2026-06-10,Monthly,1,Competitor
CUST04094,2023-03-20,Premium,107,41,India,56+,Organic,3,10,0,2026-07-01,Annual,0,Not Churned
CUST04095,2022-01-24,Basic,29,55,India,26-35,Paid Ads,6,10,0,2026-08-04,Monthly,0,Not Churned
CUST04096,2022-08-22,Standard,56,48,USA,46-55,Organic,4,10,0,2026-08-13,Monthly,0,Not Churned
CUST04097,2022-01-24,Basic,28,55,USA,26-35,Paid Ads,1,14,0,2026-06-06,Monthly,0,Not Churned
CUST04098,2023-11-15,Basic,33,33,Canada,46-55,Organic,2,13,1,2026-07-10,Monthly,0,Not Churned
CUST04099,2026-06-02,Basic,28,2,USA,36-45,Partner,5,5,1,2026-06-08,Monthly,1,Pricing
CUST04100,2024-09-10,Basic,24,23,India,18-25,Paid Ads,3,7,0,2026-06-02,Annual,0,Not Churned
CUST04101,2022-12-20,Standard,56,44,UK,36-45,Referral,5,8,0,2026-07-21,Annual,0,Not Churned
CUST04102,2022-08-22,Standard,56,48,Australia,26-35,Referral,2,16,0,2026-08-02,Monthly,0,Not Churned
CUST04103,2024-11-09,Standard,54,21,USA,26-35,Social Media,4,14,0,2026-07-30,Monthly,0,Not Churned
CUST04104,2022-01-24,Basic,36,55,USA,26-35,Referral,6,22,0,2026-06-26,Monthly,0,Not Churned
CUST04105,2025-05-08,Basic,30,15,India,26-35,Social Media,3,11,0,2026-08-11,Monthly,0,Not Churned
CUST04106,2022-05-24,Standard,54,51,India,36-45,Paid Ads,2,9,0,2026-07-22,Monthly,0,Not Churned
CUST04107,2024-08-11,Premium,100,24,India,36-45,Paid Ads,2,9,0,2026-06-30,Monthly,0,Not Churned
CUST04108,2024-12-09,Basic,27,20,USA,26-35,Social Media,3,9,0,2026-06-15,Annual,0,Not Churned
CUST04109,2021-12-25,Premium,102,56,Germany,46-55,Social Media,1,15,1,2026-06-28,Monthly,0,Not Churned
CUST04110,2023-06-18,Standard,60,38,USA,46-55,Organic,1,15,0,2026-08-17,Monthly,0,Not Churned
CUST04111,2024-07-12,Standard,58,25,India,18-25,Paid Ads,3,14,0,2026-08-29,Monthly,1,Competitor
CUST04112,2024-10-10,Standard,60,22,India,18-25,Referral,1,10,0,2026-07-12,Monthly,0,Not Churned
CUST04113,2022-04-24,Basic,32,52,USA,26-35,Organic,1,10,1,2026-06-24,Monthly,0,Not Churned
CUST04114,2022-05-24,Basic,33,51,UK,36-45,Partner,5,14,0,2026-08-01,Monthly,0,Not Churned
CUST04115,2022-09-21,Standard,59,47,USA,26-35,Paid Ads,1,12,1,2026-07-02,Annual,0,Not Churned
CUST04116,2026-04-03,Basic,24,4,USA,26-35,Referral,4,10,0,2026-06-19,Monthly,1,Pricing
CUST04117,2025-04-08,Premium,99,16,USA,36-45,Organic,1,11,1,2026-08-27,Monthly,0,Not Churned
CUST04118,2023-01-19,Standard,54,43,India,36-45,Organic,4,15,0,2026-06-14,Annual,0,Not Churned
CUST04119,2026-01-03,Basic,36,7,India,26-35,Organic,3,13,2,2026-06-30,Annual,0,Not Churned
CUST04120,2024-08-11,Standard,65,24,India,46-55,Organic,7,12,0,2026-07-23,Annual,0,Not Churned
CUST04121,2023-10-16,Basic,27,34,India,36-45,Paid Ads,8,12,0,2026-08-13,Monthly,0,Not Churned
CUST04122,2021-11-25,Standard,67,57,India,26-35,Social Media,4,8,1,2026-07-06,Monthly,1,Competitor
CUST04123,2023-05-19,Standard,61,39,India,36-45,Paid Ads,2,12,1,2026-08-04,Annual,0,Not Churned
CUST04124,2022-01-24,Premium,98,55,Canada,18-25,Organic,1,10,1,2026-08-20,Monthly,0,Not Churned
CUST04125,2024-03-14,Standard,68,29,UK,26-35,Organic,3,13,1,2026-08-13,Annual,1,Competitor
CUST04126,2022-12-20,Standard,58,44,UK,26-35,Referral,3,12,0,2026-06-08,Monthly,0,Not Churned
CUST04127,2024-06-12,Standard,66,26,Australia,18-25,Paid Ads,4,19,0,2026-06-26,Monthly,0,Not Churned
CUST04128,2025-06-07,Premium,103,14,India,26-35,Partner,2,14,1,2026-08-28,Monthly,0,Not Churned
CUST04129,2022-09-21,Basic,34,47,Australia,26-35,Social Media,0,11,0,2026-07-09,Monthly,0,Not Churned
CUST04130,2024-12-09,Basic,31,20,USA,36-45,Social Media,2,13,1,2026-07-14,Annual,0,Not Churned
CUST04131,2026-01-03,Basic,31,7,USA,36-45,Organic,4,11,0,2026-07-17,Annual,0,Not Churned
CUST04132,2025-02-07,Basic,24,18,USA,18-25,Social Media,2,16,0,2026-08-29,Monthly,0,Not Churned
CUST04133,2023-01-19,Standard,66,43,India,18-25,Organic,1,15,0,2026-07-24,Monthly,0,Not Churned
CUST04134,2025-10-05,Standard,66,10,Germany,36-45,Referral,3,11,0,2026-06-19,Monthly,0,Not Churned
CUST04135,2022-10-21,Standard,58,46,India,18-25,Paid Ads,5,15,0,2026-07-21,Annual,0,Not Churned
CUST04136,2024-02-13,Basic,35,30,India,26-35,Referral,4,11,0,2026-08-29,Monthly,0,Not Churned
CUST04137,2026-05-03,Standard,58,3,India,26-35,Organic,2,14,1,2026-07-12,Monthly,0,Not Churned
CUST04138,2022-06-23,Basic,31,50,India,46-55,Paid Ads,4,17,0,2026-06-13,Monthly,0,Not Churned
CUST04139,2022-12-20,Standard,54,44,India,46-55,Organic,5,9,2,2026-08-02,Annual,0,Not Churned
CUST04140,2022-03-25,Standard,60,53,India,36-45,Organic,4,10,0,2026-08-06,Monthly,1,Competitor
CUST04141,2026-07-02,Basic,30,1,India,26-35,Referral,3,12,0,2026-06-28,Annual,0,Not Churned
CUST04142,2024-02-13,Basic,36,30,Australia,36-45,Partner,7,13,2,2026-08-16,Monthly,0,Not Churned
CUST04143,2022-11-20,Basic,32,45,India,26-35,Social Media,5,10,1,2026-08-13,Annual,0,Not Churned
CUST04144,2026-06-02,Premium,95,2,India,26-35,Paid Ads,3,12,1,2026-06-17,Monthly,0,Not Churned
CUST04145,2025-05-08,Premium,108,15,UK,36-45,Organic,2,18,0,2026-08-27,Monthly,0,Not Churned
CUST04146,2025-09-05,Standard,56,11,Germany,36-45,Organic,2,14,1,2026-07-08,Monthly,0,Not Churned
CUST04147,2023-12-15,Basic,27,32,India,18-25,Organic,4,10,1,2026-06-05,Annual,0,Not Churned
CUST04148,2026-02-02,Standard,54,6,India,18-25,Partner,4,16,0,2026-08-10,Monthly,0,Not Churned
CUST04149,2026-02-02,Standard,68,6,Germany,36-45,Paid Ads,2,12,3,2026-06-18,Annual,0,Not Churned
CUST04150,2024-04-13,Standard,60,28,India,46-55,Social Media,4,15,1,2026-08-06,Annual,0,Not Churned
CUST04151,2021-12-25,Basic,37,56,USA,36-45,Referral,4,14,0,2026-07-07,Monthly,0,Not Churned
CUST04152,2021-11-25,Basic,33,57,India,26-35,Referral,2,11,0,2026-08-11,Annual,0,Not Churned
CUST04153,2024-07-12,Standard,56,25,Germany,46-55,Partner,2,13,1,2026-07-14,Annual,0,Not Churned
CUST04154,2024-09-10,Basic,26,23,Germany,36-45,Organic,7,14,0,2026-08-23,Annual,0,Not Churned
CUST04155,2025-08-06,Basic,26,12,Canada,36-45,Paid Ads,2,9,0,2026-06-04,Annual,0,Not Churned
CUST04156,2022-08-22,Basic,31,48,India,26-35,Social Media,4,6,1,2026-08-01,Annual,0,Not Churned
CUST04157,2022-08-22,Standard,62,48,USA,26-35,Referral,1,11,0,2026-07-18,Monthly,0,Not Churned
CUST04158,2025-10-05,Premium,103,10,India,26-35,Organic,1,11,1,2026-06-30,Annual,0,Not Churned
CUST04159,2025-03-09,Premium,106,17,Australia,26-35,Organic,3,7,0,2026-08-29,Annual,0,Not Churned
CUST04160,2022-04-24,Standard,67,52,Australia,26-35,Social Media,6,10,1,2026-08-07,Monthly,0,Not Churned
CUST04161,2022-01-24,Standard,55,55,USA,36-45,Organic,2,15,0,2026-07-25,Monthly,0,Not Churned
CUST04162,2026-06-02,Basic,33,2,UK,26-35,Partner,1,9,2,2026-06-04,Annual,0,Not Churned
CUST04163,2021-08-27,Standard,68,60,India,46-55,Organic,4,7,1,2026-08-04,Monthly,0,Not Churned
CUST04164,2021-11-25,Basic,33,57,USA,18-25,Referral,4,10,1,2026-06-20,Monthly,1,Pricing
CUST04165,2022-11-20,Standard,54,45,UK,26-35,Referral,4,21,1,2026-08-01,Monthly,0,Not Churned
CUST04166,2025-03-09,Basic,37,17,USA,36-45,Referral,4,20,0,2026-08-09,Annual,0,Not Churned
CUST04167,2025-11-04,Basic,32,9,USA,26-35,Paid Ads,1,8,0,2026-06-20,Monthly,0,Not Churned
CUST04168,2022-09-21,Basic,29,47,India,26-35,Social Media,3,11,1,2026-07-11,Annual,0,Not Churned
CUST04169,2026-01-03,Basic,37,7,Canada,26-35,Referral,2,5,1,2026-08-13,Monthly,0,Not Churned
CUST04170,2025-07-07,Basic,38,13,Australia,46-55,Social Media,4,10,0,2026-06-27,Annual,0,Not Churned
CUST04171,2025-10-05,Basic,32,10,Germany,56+,Organic,3,12,0,2026-07-01,Monthly,0,Not Churned
CUST04172,2024-10-10,Premium,99,22,UK,36-45,Organic,4,12,0,2026-08-23,Annual,0,Not Churned
CUST04173,2024-04-13,Standard,55,28,USA,36-45,Organic,3,12,2,2026-06-10,Monthly,0,Not Churned
CUST04174,2022-01-24,Standard,54,55,India,18-25,Organic,4,11,0,2026-07-02,Monthly,0,Not Churned
CUST04175,2022-06-23,Premium,107,50,Germany,46-55,Referral,1,9,0,2026-08-11,Monthly,0,Not Churned
CUST04176,2023-02-18,Premium,101,42,USA,56+,Paid Ads,2,10,1,2026-08-29,Annual,0,Not Churned
CUST04177,2021-08-27,Standard,56,60,UK,36-45,Social Media,2,16,2,2026-08-09,Annual,1,Payment Issues
CUST04178,2022-06-23,Premium,94,50,UK,36-45,Organic,2,13,1,2026-08-08,Monthly,0,Not Churned
CUST04179,2025-06-07,Basic,38,14,Australia,36-45,Paid Ads,3,8,0,2026-07-10,Annual,0,Not Churned
CUST04180,2025-01-08,Basic,31,19,India,26-35,Social Media,4,8,3,2026-08-15,Annual,0,Not Churned
CUST04181,2022-02-23,Standard,65,54,India,46-55,Partner,3,12,0,2026-06-04,Monthly,0,Not Churned
CUST04182,2026-07-02,Standard,54,1,UK,36-45,Partner,3,17,1,2026-06-27,Monthly,0,Not Churned
CUST04183,2024-05-13,Standard,61,27,Australia,36-45,Social Media,4,13,0,2026-07-29,Monthly,0,Not Churned
CUST04184,2026-04-03,Basic,24,4,UK,36-45,Referral,6,12,1,2026-07-09,Monthly,0,Not Churned
CUST04185,2021-12-25,Basic,32,56,USA,46-55,Partner,4,9,0,2026-07-15,Annual,0,Not Churned
CUST04186,2024-08-11,Standard,67,24,USA,36-45,Referral,1,8,1,2026-08-01,Monthly,0,Not Churned
CUST04187,2025-06-07,Basic,32,14,Canada,26-35,Partner,8,9,0,2026-08-11,Monthly,0,Not Churned
CUST04188,2023-07-18,Standard,65,37,Canada,26-35,Organic,0,11,0,2026-08-21,Annual,0,Not Churned
CUST04189,2024-09-10,Standard,66,23,UK,56+,Partner,2,12,0,2026-07-22,Annual,0,Not Churned
CUST04190,2026-03-04,Standard,62,5,India,36-45,Referral,3,5,1,2026-06-24,Monthly,1,Competitor
CUST04191,2024-12-09,Standard,56,20,Germany,46-55,Organic,5,13,0,2026-08-22,Monthly,0,Not Churned
CUST04192,2024-10-10,Premium,97,22,USA,46-55,Organic,2,15,0,2026-07-25,Monthly,1,Competitor
CUST04193,2022-10-21,Standard,58,46,Canada,36-45,Social Media,0,13,1,2026-06-05,Annual,0,Not Churned
CUST04194,2023-04-19,Standard,59,40,India,26-35,Paid Ads,6,16,0,2026-08-09,Annual,0,Not Churned
CUST04195,2022-12-20,Standard,62,44,India,26-35,Partner,5,11,0,2026-08-16,Monthly,0,Not Churned
CUST04196,2021-10-26,Basic,36,58,Australia,36-45,Organic,4,18,0,2026-08-20,Monthly,1,Pricing
CUST04197,2022-07-23,Basic,34,49,India,26-35,Paid Ads,8,19,1,2026-07-13,Monthly,0,Not Churned
CUST04198,2023-09-16,Basic,35,35,USA,36-45,Paid Ads,1,14,0,2026-08-16,Annual,0,Not Churned
CUST04199,2023-08-17,Standard,57,36,USA,36-45,Paid Ads,4,12,0,2026-06-15,Monthly,0,Not Churned
CUST04200,2026-03-04,Standard,67,5,Canada,26-35,Referral,3,9,0,2026-08-11,Annual,0,Not Churned
CUST04201,2023-11-15,Premium,107,33,India,36-45,Referral,2,15,1,2026-08-31,Monthly,0,Not Churned
CUST04202,2021-11-25,Basic,29,57,India,26-35,Organic,2,10,1,2026-07-25,Annual,0,Not Churned
CUST04203,2024-08-11,Basic,36,24,Germany,26-35,Organic,2,12,0,2026-06-29,Monthly,0,Not Churned
CUST04204,2023-10-16,Premium,94,34,USA,26-35,Organic,1,9,1,2026-07-19,Monthly,0,Not Churned
CUST04205,2023-07-18,Basic,25,37,India,46-55,Social Media,4,11,0,2026-07-11,Monthly,0,Not Churned
CUST04206,2024-07-12,Standard,61,25,India,26-35,Paid Ads,7,8,0,2026-07-27,Monthly,0,Not Churned
CUST04207,2022-05-24,Standard,57,51,Germany,26-35,Paid Ads,6,23,0,2026-07-30,Monthly,0,Not Churned
CUST04208,2023-07-18,Standard,63,37,India,26-35,Paid Ads,4,17,0,2026-08-12,Monthly,0,Not Churned
CUST04209,2024-07-12,Basic,30,25,UK,26-35,Social Media,2,13,1,2026-07-30,Monthly,0,Not Churned
CUST04210,2024-10-10,Basic,27,22,USA,36-45,Organic,5,13,1,2026-08-04,Monthly,0,Not Churned
CUST04211,2022-11-20,Basic,37,45,Australia,18-25,Organic,3,16,0,2026-08-02,Monthly,0,Not Churned
CUST04212,2026-03-04,Standard,62,5,Canada,46-55,Referral,1,13,2,2026-08-12,Annual,1,Payment Issues
CUST04213,2025-12-04,Standard,62,8,USA,26-35,Partner,4,8,1,2026-08-26,Annual,0,Not Churned
CUST04214,2022-03-25,Basic,27,53,India,36-45,Referral,3,12,0,2026-07-02,Monthly,0,Not Churned
CUST04215,2023-03-20,Standard,66,41,Australia,18-25,Organic,3,11,0,2026-08-21,Monthly,0,Not Churned
CUST04216,2022-09-21,Premium,108,47,USA,56+,Paid Ads,4,16,0,2026-08-09,Annual,0,Not Churned
CUST04217,2024-05-13,Basic,31,27,Germany,26-35,Partner,4,11,0,2026-06-24,Monthly,0,Not Churned
CUST04218,2023-09-16,Standard,59,35,USA,46-55,Paid Ads,0,13,0,2026-08-13,Monthly,0,Not Churned
CUST04219,2026-07-02,Standard,54,1,UK,36-45,Paid Ads,6,12,0,2026-07-28,Monthly,0,Not Churned
CUST04220,2024-12-09,Basic,38,20,India,36-45,Paid Ads,3,6,1,2026-06-22,Monthly,0,Not Churned
CUST04221,2026-01-03,Basic,30,7,Canada,46-55,Partner,1,11,1,2026-07-29,Monthly,0,Not Churned
CUST04222,2022-11-20,Standard,54,45,India,18-25,Referral,1,14,0,2026-08-11,Annual,0,Not Churned
CUST04223,2026-05-03,Premium,96,3,USA,36-45,Referral,2,14,0,2026-06-04,Monthly,1,Competitor
CUST04224,2023-02-18,Premium,101,42,India,26-35,Organic,1,16,0,2026-06-28,Annual,0,Not Churned
CUST04225,2021-12-25,Standard,68,56,India,36-45,Referral,3,17,1,2026-07-30,Annual,0,Not Churned
CUST04226,2022-06-23,Standard,62,50,India,56+,Paid Ads,2,17,0,2026-07-24,Annual,0,Not Churned
CUST04227,2022-08-22,Basic,26,48,India,46-55,Organic,2,9,1,2026-08-30,Monthly,0,Not Churned
CUST04228,2025-11-04,Standard,54,9,Australia,18-25,Social Media,4,13,0,2026-07-19,Monthly,0,Not Churned
CUST04229,2022-09-21,Standard,54,47,USA,26-35,Paid Ads,2,8,0,2026-08-16,Monthly,0,Not Churned
CUST04230,2025-06-07,Basic,30,14,Canada,26-35,Organic,5,11,0,2026-07-04,Monthly,0,Not Churned
CUST04231,2025-01-08,Standard,58,19,India,18-25,Partner,0,13,0,2026-08-31,Annual,0,Not Churned
CUST04232,2024-05-13,Standard,66,27,USA,18-25,Organic,4,20,0,2026-07-24,Monthly,0,Not Churned
CUST04233,2026-02-02,Basic,37,6,USA,26-35,Referral,2,11,1,2026-07-09,Annual,0,Not Churned
CUST04234,2026-01-03,Premium,94,7,Germany,56+,Referral,0,13,0,2026-07-30,Monthly,0,Not Churned
CUST04235,2023-07-18,Basic,29,37,Australia,36-45,Partner,2,10,2,2026-07-22,Annual,0,Not Churned
CUST04236,2024-06-12,Basic,37,26,USA,36-45,Social Media,2,14,0,2026-06-20,Monthly,0,Not Churned
CUST04237,2025-07-07,Basic,29,13,Canada,26-35,Referral,0,13,0,2026-07-29,Monthly,1,Pricing
CUST04238,2023-07-18,Standard,67,37,India,36-45,Paid Ads,4,16,0,2026-08-10,Annual,0,Not Churned
CUST04239,2022-10-21,Standard,57,46,USA,56+,Paid Ads,0,14,0,2026-06-12,Monthly,0,Not Churned
CUST04240,2023-11-15,Basic,30,33,India,36-45,Partner,3,13,0,2026-06-15,Monthly,0,Not Churned
CUST04241,2022-04-24,Standard,60,52,India,18-25,Organic,5,7,1,2026-08-15,Monthly,0,Not Churned
CUST04242,2023-11-15,Basic,35,33,India,26-35,Social Media,3,12,2,2026-07-12,Monthly,0,Not Churned
CUST04243,2023-03-20,Standard,62,41,UK,56+,Organic,9,11,1,2026-08-21,Monthly,1,Poor Support Experience
CUST04244,2025-11-04,Standard,65,9,USA,26-35,Organic,3,7,0,2026-08-07,Monthly,0,Not Churned
CUST04245,2025-05-08,Standard,54,15,Canada,36-45,Organic,4,10,1,2026-07-26,Monthly,0,Not Churned
CUST04246,2026-03-04,Premium,98,5,USA,18-25,Organic,1,10,1,2026-07-25,Annual,0,Not Churned
CUST04247,2022-03-25,Basic,38,53,India,18-25,Partner,4,14,2,2026-06-09,Monthly,1,Payment Issues
CUST04248,2024-03-14,Basic,33,29,Canada,46-55,Social Media,1,12,1,2026-07-04,Annual,0,Not Churned
CUST04249,2022-03-25,Standard,56,53,Australia,26-35,Paid Ads,4,8,0,2026-06-20,Monthly,0,Not Churned
CUST04250,2026-01-03,Premium,100,7,Australia,26-35,Referral,3,13,1,2026-06-22,Annual,0,Not Churned
CUST04251,2024-01-14,Basic,27,31,USA,26-35,Referral,4,14,0,2026-06-18,Monthly,0,Not Churned
CUST04252,2022-02-23,Basic,27,54,Canada,56+,Social Media,3,4,2,2026-07-18,Monthly,1,Payment Issues
CUST04253,2023-10-16,Basic,36,34,Canada,18-25,Social Media,2,6,1,2026-06-29,Monthly,0,Not Churned
CUST04254,2025-09-05,Standard,65,11,India,46-55,Organic,4,10,1,2026-08-24,Monthly,0,Not Churned
CUST04255,2023-02-18,Basic,24,42,India,26-35,Paid Ads,3,9,0,2026-07-12,Annual,0,Not Churned
CUST04256,2025-01-08,Standard,54,19,India,46-55,Referral,0,14,0,2026-08-18,Annual,0,Not Churned
CUST04257,2026-03-04,Premium,103,5,India,56+,Partner,1,5,0,2026-06-30,Monthly,0,Not Churned
CUST04258,2024-09-10,Standard,55,23,USA,26-35,Referral,1,11,0,2026-06-18,Annual,0,Not Churned
CUST04259,2022-09-21,Basic,38,47,Germany,18-25,Social Media,3,18,0,2026-07-28,Monthly,0,Not Churned
CUST04260,2026-06-02,Standard,55,2,USA,18-25,Social Media,0,3,1,2026-06-20,Monthly,0,Not Churned
CUST04261,2023-01-19,Basic,24,43,Canada,36-45,Referral,5,11,0,2026-08-26,Annual,0,Not Churned
CUST04262,2026-04-03,Premium,101,4,UK,18-25,Social Media,9,17,0,2026-07-03,Monthly,1,Poor Support Experience
CUST04263,2025-03-09,Standard,59,17,India,26-35,Paid Ads,6,18,1,2026-07-15,Monthly,0,Not Churned
CUST04264,2022-01-24,Basic,29,55,India,26-35,Paid Ads,3,18,0,2026-06-03,Monthly,0,Not Churned
CUST04265,2024-01-14,Standard,63,31,USA,26-35,Social Media,3,6,0,2026-06-19,Monthly,0,Not Churned
CUST04266,2021-09-26,Standard,63,59,UK,18-25,Organic,1,13,1,2026-06-06,Monthly,0,Not Churned
CUST04267,2024-02-13,Standard,62,30,Germany,46-55,Paid Ads,1,10,1,2026-07-11,Monthly,0,Not Churned
CUST04268,2026-06-02,Basic,28,2,USA,46-55,Referral,5,14,1,2026-08-21,Annual,0,Not Churned
CUST04269,2024-08-11,Premium,108,24,Australia,26-35,Paid Ads,2,11,0,2026-07-18,Monthly,0,Not Churned
CUST04270,2025-10-05,Premium,97,10,USA,36-45,Partner,2,12,0,2026-08-29,Monthly,0,Not Churned
CUST04271,2024-04-13,Standard,68,28,UK,36-45,Partner,3,7,0,2026-07-10,Annual,0,Not Churned
CUST04272,2023-01-19,Premium,104,43,USA,36-45,Paid Ads,6,13,0,2026-07-17,Monthly,0,Not Churned
CUST04273,2023-12-15,Basic,29,32,India,36-45,Paid Ads,2,7,0,2026-08-27,Monthly,0,Not Churned
CUST04274,2023-11-15,Standard,61,33,India,36-45,Referral,6,14,2,2026-06-08,Annual,0,Not Churned
CUST04275,2025-02-07,Standard,67,18,India,36-45,Paid Ads,2,16,0,2026-07-11,Annual,0,Not Churned
CUST04276,2024-08-11,Standard,54,24,USA,36-45,Organic,3,12,1,2026-07-15,Monthly,0,Not Churned
CUST04277,2023-07-18,Standard,60,37,Canada,26-35,Referral,1,15,1,2026-07-13,Annual,1,Competitor
CUST04278,2024-02-13,Basic,31,30,India,26-35,Referral,2,10,0,2026-08-24,Annual,0,Not Churned
CUST04279,2026-03-04,Basic,32,5,UK,26-35,Organic,5,15,3,2026-07-12,Monthly,0,Not Churned
CUST04280,2021-09-26,Basic,34,59,India,36-45,Social Media,3,7,0,2026-07-17,Monthly,1,Pricing
CUST04281,2024-09-10,Basic,31,23,Canada,26-35,Referral,2,13,0,2026-08-18,Monthly,0,Not Churned
CUST04282,2024-02-13,Standard,60,30,Canada,36-45,Organic,1,13,1,2026-07-17,Monthly,0,Not Churned
CUST04283,2026-04-03,Basic,26,4,Canada,26-35,Referral,1,7,0,2026-08-14,Monthly,0,Not Churned
CUST04284,2023-03-20,Basic,25,41,USA,46-55,Organic,3,8,1,2026-07-09,Annual,1,Pricing
CUST04285,2022-05-24,Standard,68,51,India,18-25,Organic,3,19,0,2026-06-13,Annual,0,Not Churned
CUST04286,2024-08-11,Standard,56,24,Canada,36-45,Social Media,2,8,0,2026-08-30,Monthly,0,Not Churned
CUST04287,2026-05-03,Premium,97,3,India,36-45,Partner,1,10,0,2026-06-27,Monthly,0,Not Churned
CUST04288,2025-05-08,Standard,57,15,India,26-35,Organic,2,7,0,2026-08-09,Monthly,0,Not Churned
CUST04289,2021-12-25,Basic,29,56,India,26-35,Partner,3,15,1,2026-08-31,Monthly,0,Not Churned
CUST04290,2022-10-21,Premium,105,46,UK,46-55,Organic,7,15,0,2026-07-30,Monthly,0,Not Churned
CUST04291,2026-07-02,Standard,60,1,UK,26-35,Organic,8,9,2,2026-06-27,Monthly,1,Payment Issues
CUST04292,2025-10-05,Basic,35,10,UK,46-55,Organic,3,8,1,2026-08-17,Annual,0,Not Churned
CUST04293,2022-11-20,Standard,57,45,USA,46-55,Organic,0,11,2,2026-07-27,Monthly,0,Not Churned
CUST04294,2024-06-12,Premium,103,26,India,36-45,Paid Ads,1,6,0,2026-06-02,Monthly,0,Not Churned
CUST04295,2022-01-24,Basic,29,55,Australia,36-45,Partner,4,13,0,2026-07-14,Monthly,1,Pricing
CUST04296,2025-08-06,Basic,32,12,USA,36-45,Organic,4,11,1,2026-06-12,Annual,0,Not Churned
CUST04297,2026-07-02,Basic,37,1,USA,36-45,Paid Ads,2,13,1,2026-07-13,Monthly,0,Not Churned
CUST04298,2026-06-02,Basic,29,2,USA,56+,Referral,2,8,1,2026-07-23,Monthly,0,Not Churned
CUST04299,2021-09-26,Standard,67,59,India,26-35,Paid Ads,3,21,0,2026-06-21,Annual,1,Competitor
CUST04300,2025-09-05,Standard,56,11,India,26-35,Referral,4,7,0,2026-08-05,Monthly,0,Not Churned
CUST04301,2025-08-06,Basic,24,12,USA,26-35,Paid Ads,1,15,0,2026-06-07,Monthly,0,Not Churned
CUST04302,2024-04-13,Premium,104,28,India,36-45,Organic,5,10,2,2026-06-05,Annual,0,Not Churned
CUST04303,2023-11-15,Standard,63,33,India,26-35,Referral,6,13,0,2026-06-29,Annual,0,Not Churned
CUST04304,2023-02-18,Standard,63,42,Australia,46-55,Organic,2,13,0,2026-08-18,Monthly,0,Not Churned
CUST04305,2026-05-03,Premium,106,3,USA,26-35,Organic,4,21,0,2026-06-14,Monthly,0,Not Churned
CUST04306,2023-03-20,Basic,28,41,USA,46-55,Paid Ads,3,21,1,2026-07-24,Annual,0,Not Churned
CUST04307,2022-07-23,Standard,63,49,UK,26-35,Paid Ads,2,16,1,2026-07-23,Annual,1,Competitor
CUST04308,2025-01-08,Standard,63,19,Germany,26-35,Referral,1,13,0,2026-07-14,Monthly,0,Not Churned
CUST04309,2025-02-07,Premium,96,18,India,18-25,Paid Ads,3,16,0,2026-06-06,Annual,0,Not Churned
CUST04310,2023-07-18,Standard,61,37,Australia,26-35,Referral,3,16,1,2026-06-14,Annual,0,Not Churned
CUST04311,2024-04-13,Basic,33,28,USA,26-35,Referral,2,13,0,2026-08-19,Monthly,0,Not Churned
CUST04312,2024-01-14,Premium,108,31,India,46-55,Paid Ads,3,13,1,2026-07-02,Monthly,1,Competitor
CUST04313,2026-01-03,Basic,24,7,India,26-35,Partner,2,10,0,2026-08-11,Annual,0,Not Churned
CUST04314,2022-09-21,Premium,104,47,USA,36-45,Partner,2,16,1,2026-07-05,Monthly,0,Not Churned
CUST04315,2023-06-18,Premium,95,38,UK,26-35,Referral,6,18,1,2026-06-18,Annual,0,Not Churned
CUST04316,2021-10-26,Basic,26,58,India,18-25,Organic,2,12,0,2026-07-18,Annual,0,Not Churned
CUST04317,2026-03-04,Standard,56,5,USA,36-45,Paid Ads,4,12,0,2026-07-16,Annual,0,Not Churned
CUST04318,2025-01-08,Basic,35,19,UK,18-25,Organic,6,13,1,2026-08-27,Monthly,0,Not Churned
CUST04319,2025-07-07,Standard,61,13,USA,46-55,Paid Ads,2,14,0,2026-08-31,Annual,0,Not Churned
CUST04320,2023-05-19,Standard,58,39,Australia,36-45,Organic,5,15,0,2026-07-09,Monthly,1,Competitor
CUST04321,2024-04-13,Standard,61,28,Australia,26-35,Referral,1,10,0,2026-07-23,Monthly,1,Competitor
CUST04322,2021-11-25,Premium,104,57,USA,36-45,Organic,5,13,1,2026-08-31,Monthly,0,Not Churned
CUST04323,2026-06-02,Standard,67,2,Germany,18-25,Partner,2,16,1,2026-08-01,Annual,0,Not Churned
CUST04324,2026-02-02,Standard,68,6,India,36-45,Organic,3,15,0,2026-06-18,Monthly,0,Not Churned
CUST04325,2025-05-08,Premium,108,15,India,46-55,Referral,3,17,1,2026-06-20,Annual,0,Not Churned
CUST04326,2024-04-13,Premium,104,28,USA,46-55,Partner,2,14,0,2026-07-31,Monthly,0,Not Churned
CUST04327,2023-07-18,Basic,29,37,UK,26-35,Organic,0,4,0,2026-07-27,Annual,0,Not Churned
CUST04328,2024-07-12,Premium,108,25,UK,26-35,Partner,3,14,0,2026-08-21,Monthly,0,Not Churned
CUST04329,2021-12-25,Basic,35,56,USA,36-45,Paid Ads,3,10,0,2026-08-01,Monthly,0,Not Churned
CUST04330,2023-12-15,Premium,95,32,India,56+,Partner,5,12,1,2026-08-14,Annual,0,Not Churned
CUST04331,2021-11-25,Basic,34,57,India,46-55,Partner,2,14,0,2026-07-17,Monthly,0,Not Churned
CUST04332,2022-01-24,Basic,27,55,Australia,26-35,Organic,1,11,1,2026-07-10,Monthly,0,Not Churned
CUST04333,2023-07-18,Standard,62,37,Australia,36-45,Social Media,5,6,1,2026-08-08,Annual,0,Not Churned
CUST04334,2023-08-17,Standard,57,36,UK,46-55,Organic,3,10,0,2026-08-29,Annual,0,Not Churned
CUST04335,2024-02-13,Basic,28,30,UK,26-35,Organic,2,4,1,2026-07-17,Monthly,0,Not Churned
CUST04336,2022-11-20,Basic,28,45,USA,46-55,Organic,2,15,0,2026-06-03,Monthly,0,Not Churned
CUST04337,2024-08-11,Standard,63,24,India,26-35,Organic,2,10,0,2026-08-12,Monthly,0,Not Churned
CUST04338,2025-02-07,Premium,101,18,USA,26-35,Referral,2,10,1,2026-06-13,Monthly,0,Not Churned
CUST04339,2026-07-02,Basic,29,1,UK,26-35,Paid Ads,2,7,0,2026-07-18,Monthly,0,Not Churned
CUST04340,2026-05-03,Basic,33,3,USA,36-45,Social Media,5,14,1,2026-07-02,Monthly,1,Pricing
CUST04341,2026-01-03,Standard,60,7,India,46-55,Paid Ads,3,17,0,2026-08-13,Monthly,1,Competitor
CUST04342,2023-11-15,Basic,29,33,Germany,36-45,Partner,3,14,1,2026-07-10,Monthly,0,Not Churned
CUST04343,2024-11-09,Premium,107,21,Australia,18-25,Organic,3,19,0,2026-07-31,Monthly,0,Not Churned
CUST04344,2025-06-07,Premium,107,14,India,26-35,Organic,2,8,1,2026-08-25,Monthly,0,Not Churned
CUST04345,2022-09-21,Standard,67,47,UK,36-45,Referral,4,16,0,2026-07-18,Monthly,0,Not Churned
CUST04346,2022-08-22,Basic,28,48,Germany,36-45,Social Media,4,10,1,2026-06-15,Monthly,0,Not Churned
CUST04347,2023-07-18,Standard,68,37,India,36-45,Social Media,4,9,0,2026-07-05,Monthly,0,Not Churned
CUST04348,2026-05-03,Standard,58,3,USA,18-25,Paid Ads,3,11,2,2026-06-16,Annual,0,Not Churned
CUST04349,2021-09-26,Premium,96,59,USA,36-45,Organic,2,17,1,2026-07-23,Annual,0,Not Churned
CUST04350,2022-07-23,Standard,60,49,USA,46-55,Organic,4,10,0,2026-06-28,Monthly,1,Competitor
CUST04351,2023-07-18,Standard,66,37,Australia,36-45,Paid Ads,1,15,0,2026-06-27,Monthly,0,Not Churned
CUST04352,2021-12-25,Standard,63,56,USA,36-45,Paid Ads,4,12,1,2026-08-19,Annual,0,Not Churned
CUST04353,2024-07-12,Standard,58,25,India,46-55,Paid Ads,1,10,0,2026-07-15,Annual,0,Not Churned
CUST04354,2021-08-27,Premium,100,60,India,36-45,Referral,3,15,0,2026-08-07,Monthly,0,Not Churned
CUST04355,2022-02-23,Standard,68,54,India,36-45,Referral,7,14,0,2026-06-07,Monthly,0,Not Churned
CUST04356,2023-11-15,Standard,55,33,USA,36-45,Referral,2,8,1,2026-08-23,Monthly,0,Not Churned
CUST04357,2025-07-07,Basic,32,13,UK,26-35,Organic,4,17,0,2026-08-24,Annual,0,Not Churned
CUST04358,2022-03-25,Standard,61,53,India,36-45,Referral,5,5,0,2026-07-21,Annual,0,Not Churned
CUST04359,2022-06-23,Standard,68,50,UK,46-55,Organic,6,10,0,2026-06-21,Annual,0,Not Churned
CUST04360,2023-11-15,Basic,28,33,UK,26-35,Organic,3,15,0,2026-08-07,Monthly,0,Not Churned
CUST04361,2024-03-14,Basic,25,29,India,46-55,Social Media,2,15,1,2026-08-16,Annual,1,Pricing
CUST04362,2025-01-08,Standard,59,19,UK,36-45,Referral,2,16,1,2026-07-11,Monthly,1,Competitor
CUST04363,2021-09-26,Standard,61,59,UK,26-35,Social Media,3,16,0,2026-08-02,Annual,0,Not Churned
CUST04364,2024-06-12,Standard,60,26,USA,36-45,Organic,3,10,0,2026-06-06,Monthly,1,Competitor
CUST04365,2022-03-25,Basic,31,53,India,26-35,Partner,2,12,1,2026-08-25,Monthly,0,Not Churned
CUST04366,2021-11-25,Standard,57,57,UK,46-55,Organic,2,10,0,2026-07-21,Monthly,0,Not Churned
CUST04367,2022-01-24,Basic,37,55,Germany,26-35,Social Media,3,15,1,2026-06-29,Annual,0,Not Churned
CUST04368,2023-06-18,Standard,56,38,USA,46-55,Paid Ads,1,11,2,2026-06-12,Annual,1,Payment Issues
CUST04369,2025-11-04,Basic,30,9,USA,36-45,Organic,2,11,1,2026-07-23,Monthly,0,Not Churned
CUST04370,2022-10-21,Basic,25,46,USA,36-45,Organic,2,10,1,2026-08-02,Monthly,0,Not Churned
CUST04371,2024-02-13,Basic,37,30,India,56+,Organic,4,15,0,2026-08-21,Monthly,0,Not Churned
CUST04372,2024-10-10,Basic,28,22,USA,18-25,Paid Ads,2,9,1,2026-08-11,Monthly,0,Not Churned
CUST04373,2023-01-19,Basic,36,43,India,36-45,Partner,6,14,1,2026-06-22,Monthly,1,Pricing
CUST04374,2026-04-03,Basic,30,4,India,18-25,Paid Ads,4,12,0,2026-07-02,Monthly,0,Not Churned
CUST04375,2026-01-03,Standard,54,7,USA,46-55,Referral,2,15,1,2026-07-02,Monthly,0,Not Churned
CUST04376,2025-02-07,Standard,57,18,India,36-45,Social Media,4,15,2,2026-08-10,Annual,1,Payment Issues
CUST04377,2022-06-23,Basic,38,50,USA,46-55,Referral,3,11,2,2026-07-15,Annual,0,Not Churned
CUST04378,2026-02-02,Premium,95,6,India,46-55,Paid Ads,1,9,0,2026-08-25,Monthly,0,Not Churned
CUST04379,2024-03-14,Basic,29,29,India,18-25,Partner,1,14,1,2026-07-02,Monthly,0,Not Churned
CUST04380,2026-03-04,Standard,65,5,Australia,18-25,Organic,0,17,1,2026-06-21,Monthly,0,Not Churned
CUST04381,2026-02-02,Basic,24,6,Australia,36-45,Paid Ads,2,12,0,2026-07-07,Monthly,0,Not Churned
CUST04382,2023-10-16,Basic,30,34,India,36-45,Social Media,4,10,0,2026-07-06,Annual,0,Not Churned
CUST04383,2023-10-16,Standard,56,34,USA,26-35,Organic,3,7,0,2026-08-21,Annual,0,Not Churned
CUST04384,2026-07-02,Standard,65,1,India,18-25,Referral,2,16,2,2026-06-20,Monthly,1,Payment Issues
CUST04385,2025-02-07,Premium,94,18,USA,36-45,Organic,1,9,0,2026-07-07,Annual,0,Not Churned
CUST04386,2024-05-13,Standard,68,27,USA,18-25,Organic,4,13,2,2026-07-17,Annual,0,Not Churned
CUST04387,2025-10-05,Premium,101,10,India,46-55,Organic,2,14,0,2026-08-12,Monthly,0,Not Churned
CUST04388,2023-05-19,Basic,30,39,UK,46-55,Partner,4,16,1,2026-07-27,Annual,0,Not Churned
CUST04389,2026-06-02,Basic,25,2,India,36-45,Social Media,1,19,0,2026-07-16,Monthly,0,Not Churned
CUST04390,2025-01-08,Basic,30,19,India,18-25,Organic,3,16,0,2026-08-24,Monthly,0,Not Churned
CUST04391,2024-05-13,Basic,26,27,Canada,18-25,Organic,1,9,0,2026-08-07,Monthly,0,Not Churned
CUST04392,2022-02-23,Standard,68,54,UK,36-45,Paid Ads,2,11,0,2026-08-03,Annual,0,Not Churned
CUST04393,2024-10-10,Standard,66,22,USA,56+,Referral,3,15,1,2026-07-21,Monthly,0,Not Churned
CUST04394,2025-10-05,Basic,32,10,USA,26-35,Social Media,3,16,0,2026-06-09,Monthly,0,Not Churned
CUST04395,2021-09-26,Premium,101,59,USA,26-35,Partner,4,20,1,2026-08-08,Annual,0,Not Churned
CUST04396,2021-11-25,Premium,98,57,USA,18-25,Social Media,2,12,0,2026-06-02,Monthly,0,Not Churned
CUST04397,2022-12-20,Basic,30,44,USA,36-45,Referral,2,10,0,2026-08-10,Annual,0,Not Churned
CUST04398,2024-05-13,Basic,26,27,USA,36-45,Organic,2,11,2,2026-08-26,Monthly,0,Not Churned
CUST04399,2025-08-06,Basic,24,12,USA,18-25,Organic,2,10,0,2026-06-26,Monthly,0,Not Churned
CUST04400,2025-05-08,Basic,24,15,UK,26-35,Referral,5,12,0,2026-07-21,Monthly,0,Not Churned
CUST04401,2022-06-23,Basic,38,50,UK,36-45,Paid Ads,3,14,0,2026-07-02,Annual,0,Not Churned
CUST04402,2022-01-24,Standard,64,55,USA,26-35,Social Media,4,11,0,2026-06-30,Monthly,1,Competitor
CUST04403,2026-07-02,Basic,25,1,USA,36-45,Paid Ads,4,13,1,2026-07-15,Monthly,1,Pricing
CUST04404,2023-06-18,Basic,31,38,USA,46-55,Organic,3,14,0,2026-07-20,Monthly,0,Not Churned
CUST04405,2023-03-20,Premium,94,41,USA,36-45,Paid Ads,3,10,0,2026-08-27,Monthly,0,Not Churned
CUST04406,2024-08-11,Standard,64,24,USA,36-45,Partner,3,9,0,2026-08-01,Monthly,0,Not Churned
CUST04407,2026-02-02,Premium,105,6,Australia,46-55,Social Media,2,10,0,2026-08-16,Monthly,1,Competitor
CUST04408,2024-03-14,Basic,28,29,UK,46-55,Organic,2,11,0,2026-06-30,Monthly,0,Not Churned
CUST04409,2026-02-02,Basic,32,6,Australia,26-35,Social Media,4,10,0,2026-07-13,Monthly,0,Not Churned
CUST04410,2023-06-18,Standard,65,38,UK,26-35,Paid Ads,3,7,0,2026-06-29,Annual,0,Not Churned
CUST04411,2022-08-22,Basic,32,48,Germany,46-55,Paid Ads,1,9,1,2026-08-27,Monthly,0,Not Churned
CUST04412,2025-05-08,Basic,25,15,UK,26-35,Paid Ads,0,8,0,2026-06-18,Monthly,0,Not Churned
CUST04413,2025-12-04,Standard,60,8,Germany,46-55,Referral,2,13,0,2026-06-29,Monthly,1,Competitor
CUST04414,2024-03-14,Standard,64,29,India,18-25,Paid Ads,2,11,2,2026-06-16,Monthly,0,Not Churned
CUST04415,2026-06-02,Standard,54,2,India,46-55,Referral,2,11,1,2026-08-03,Annual,1,Competitor
CUST04416,2025-09-05,Standard,56,11,USA,36-45,Referral,3,9,0,2026-08-29,Annual,1,Competitor
CUST04417,2025-11-04,Standard,59,9,Germany,36-45,Organic,1,6,0,2026-06-03,Monthly,1,Competitor
CUST04418,2025-04-08,Basic,32,16,USA,26-35,Organic,1,6,1,2026-06-03,Monthly,0,Not Churned
CUST04419,2021-10-26,Basic,33,58,India,56+,Social Media,2,13,0,2026-07-23,Annual,0,Not Churned
CUST04420,2024-08-11,Basic,25,24,USA,26-35,Referral,7,10,0,2026-06-30,Annual,0,Not Churned
CUST04421,2023-10-16,Basic,30,34,UK,26-35,Paid Ads,2,5,0,2026-08-08,Annual,0,Not Churned
CUST04422,2023-01-19,Premium,108,43,India,18-25,Organic,2,16,0,2026-07-10,Monthly,0,Not Churned
CUST04423,2024-08-11,Standard,57,24,UK,46-55,Organic,3,12,1,2026-08-26,Annual,0,Not Churned
CUST04424,2022-07-23,Standard,55,49,Germany,26-35,Paid Ads,4,9,1,2026-07-13,Annual,0,Not Churned
CUST04425,2023-06-18,Basic,26,38,Australia,36-45,Organic,5,14,0,2026-08-12,Monthly,0,Not Churned
CUST04426,2023-06-18,Basic,29,38,India,36-45,Paid Ads,3,9,1,2026-06-23,Monthly,0,Not Churned
CUST04427,2024-07-12,Basic,33,25,India,46-55,Social Media,2,10,1,2026-08-07,Annual,0,Not Churned
CUST04428,2023-03-20,Basic,32,41,USA,36-45,Organic,2,13,0,2026-08-03,Monthly,0,Not Churned
CUST04429,2022-03-25,Basic,31,53,USA,36-45,Social Media,2,9,0,2026-07-02,Annual,0,Not Churned
CUST04430,2023-11-15,Standard,63,33,India,36-45,Referral,2,6,0,2026-06-26,Monthly,0,Not Churned
CUST04431,2022-12-20,Standard,67,44,Canada,36-45,Organic,4,11,1,2026-07-20,Monthly,1,Competitor
CUST04432,2023-01-19,Standard,64,43,USA,26-35,Referral,1,18,0,2026-06-28,Annual,0,Not Churned
CUST04433,2025-03-09,Standard,62,17,Australia,18-25,Organic,4,10,0,2026-08-06,Annual,0,Not Churned
CUST04434,2026-01-03,Premium,97,7,Germany,18-25,Referral,6,12,0,2026-07-18,Monthly,1,Competitor
CUST04435,2021-09-26,Basic,35,59,India,26-35,Organic,2,12,1,2026-08-27,Annual,0,Not Churned
CUST04436,2024-05-13,Basic,27,27,Germany,26-35,Paid Ads,5,12,0,2026-06-23,Monthly,0,Not Churned
CUST04437,2023-08-17,Basic,38,36,UK,36-45,Referral,5,9,0,2026-08-18,Monthly,1,Pricing
CUST04438,2023-03-20,Standard,62,41,USA,56+,Organic,4,9,0,2026-06-28,Monthly,0,Not Churned
CUST04439,2025-01-08,Premium,101,19,USA,26-35,Organic,3,14,0,2026-08-04,Monthly,0,Not Churned
CUST04440,2025-05-08,Basic,35,15,USA,36-45,Paid Ads,4,15,0,2026-07-03,Monthly,0,Not Churned
CUST04441,2026-02-02,Premium,108,6,India,36-45,Paid Ads,2,14,2,2026-06-17,Annual,0,Not Churned
CUST04442,2021-11-25,Premium,95,57,UK,26-35,Social Media,4,16,1,2026-08-07,Annual,1,Competitor
CUST04443,2023-08-17,Basic,31,36,India,36-45,Organic,2,8,2,2026-08-03,Monthly,0,Not Churned
CUST04444,2026-03-04,Basic,24,5,UK,56+,Paid Ads,3,6,1,2026-08-30,Annual,0,Not Churned
CUST04445,2022-03-25,Standard,62,53,India,18-25,Paid Ads,3,8,1,2026-07-12,Annual,1,Competitor
CUST04446,2022-11-20,Premium,102,45,India,36-45,Organic,5,9,1,2026-07-25,Monthly,0,Not Churned
CUST04447,2026-03-04,Basic,36,5,USA,18-25,Referral,3,14,0,2026-07-19,Monthly,0,Not Churned
CUST04448,2026-06-02,Standard,68,2,USA,26-35,Organic,1,21,0,2026-07-25,Annual,0,Not Churned
CUST04449,2023-01-19,Basic,31,43,USA,36-45,Social Media,1,11,2,2026-08-10,Annual,0,Not Churned
CUST04450,2025-02-07,Standard,64,18,India,46-55,Paid Ads,3,10,0,2026-07-13,Annual,0,Not Churned
CUST04451,2023-12-15,Standard,58,32,Australia,36-45,Organic,0,8,0,2026-08-03,Monthly,0,Not Churned
CUST04452,2022-09-21,Standard,58,47,UK,26-35,Referral,2,10,0,2026-06-26,Annual,0,Not Churned
CUST04453,2022-07-23,Premium,106,49,India,46-55,Referral,4,11,4,2026-08-16,Annual,0,Not Churned
CUST04454,2024-03-14,Premium,96,29,USA,26-35,Paid Ads,0,7,1,2026-06-08,Annual,0,Not Churned
CUST04455,2022-07-23,Premium,98,49,USA,36-45,Organic,1,10,0,2026-08-09,Monthly,0,Not Churned
CUST04456,2024-12-09,Basic,27,20,India,26-35,Organic,0,8,0,2026-06-21,Monthly,0,Not Churned
CUST04457,2025-01-08,Standard,54,19,UK,46-55,Paid Ads,4,12,1,2026-06-29,Monthly,0,Not Churned
CUST04458,2022-04-24,Basic,32,52,Canada,36-45,Organic,0,13,0,2026-06-30,Monthly,0,Not Churned
CUST04459,2025-04-08,Standard,68,16,Canada,46-55,Referral,4,17,2,2026-08-28,Monthly,0,Not Churned
CUST04460,2025-09-05,Standard,63,11,India,26-35,Referral,2,12,1,2026-07-04,Annual,0,Not Churned
CUST04461,2021-08-27,Standard,67,60,Australia,36-45,Social Media,1,10,0,2026-08-18,Monthly,0,Not Churned
CUST04462,2024-04-13,Standard,57,28,India,36-45,Referral,1,11,0,2026-08-08,Monthly,0,Not Churned
CUST04463,2024-10-10,Premium,96,22,Germany,36-45,Referral,3,8,1,2026-06-22,Monthly,0,Not Churned
CUST04464,2024-05-13,Basic,29,27,India,36-45,Referral,3,9,2,2026-06-27,Monthly,1,Payment Issues
CUST04465,2025-03-09,Standard,54,17,USA,18-25,Partner,4,15,1,2026-07-04,Monthly,0,Not Churned
CUST04466,2025-12-04,Basic,28,8,USA,26-35,Organic,5,6,0,2026-08-13,Monthly,0,Not Churned
CUST04467,2025-12-04,Basic,38,8,India,26-35,Organic,2,9,0,2026-08-17,Annual,0,Not Churned
CUST04468,2024-09-10,Basic,30,23,Canada,46-55,Organic,0,10,1,2026-06-23,Annual,0,Not Churned
CUST04469,2023-12-15,Premium,95,32,UK,46-55,Paid Ads,1,15,1,2026-08-29,Monthly,0,Not Churned
CUST04470,2022-12-20,Premium,103,44,India,18-25,Organic,4,16,1,2026-08-29,Annual,0,Not Churned
CUST04471,2025-05-08,Premium,102,15,UK,46-55,Organic,1,20,1,2026-07-15,Monthly,0,Not Churned
CUST04472,2024-05-13,Premium,105,27,USA,26-35,Paid Ads,4,13,0,2026-06-08,Annual,0,Not Churned
CUST04473,2021-09-26,Basic,38,59,India,26-35,Partner,4,17,0,2026-06-08,Annual,0,Not Churned
CUST04474,2026-04-03,Basic,29,4,Germany,26-35,Partner,3,9,2,2026-08-19,Monthly,0,Not Churned
CUST04475,2023-04-19,Standard,55,40,Australia,46-55,Referral,3,9,0,2026-07-29,Monthly,0,Not Churned
CUST04476,2023-12-15,Standard,61,32,India,36-45,Paid Ads,3,9,0,2026-08-14,Monthly,0,Not Churned
CUST04477,2021-11-25,Standard,61,57,USA,26-35,Social Media,2,12,0,2026-07-15,Monthly,0,Not Churned
CUST04478,2022-09-21,Basic,24,47,India,36-45,Social Media,2,12,0,2026-08-18,Monthly,1,Pricing
CUST04479,2023-07-18,Standard,65,37,Canada,26-35,Partner,3,13,0,2026-06-27,Monthly,1,Competitor
CUST04480,2022-02-23,Standard,54,54,Germany,26-35,Referral,6,13,2,2026-07-03,Monthly,1,Payment Issues
CUST04481,2025-10-05,Basic,24,10,USA,26-35,Organic,2,20,0,2026-08-18,Monthly,0,Not Churned
CUST04482,2021-12-25,Standard,65,56,Canada,26-35,Organic,3,17,0,2026-08-21,Monthly,0,Not Churned
CUST04483,2022-03-25,Standard,57,53,USA,46-55,Partner,5,12,1,2026-07-09,Monthly,1,Competitor
CUST04484,2024-04-13,Standard,57,28,USA,36-45,Organic,6,11,1,2026-07-08,Monthly,1,Competitor
CUST04485,2022-04-24,Basic,31,52,Germany,26-35,Organic,7,14,0,2026-06-27,Annual,0,Not Churned
CUST04486,2023-12-15,Standard,54,32,USA,26-35,Paid Ads,0,7,1,2026-06-25,Monthly,0,Not Churned
CUST04487,2023-12-15,Basic,33,32,USA,18-25,Organic,2,15,1,2026-06-27,Annual,0,Not Churned
CUST04488,2021-12-25,Basic,26,56,UK,26-35,Partner,2,12,0,2026-06-18,Annual,0,Not Churned
CUST04489,2022-05-24,Standard,64,51,India,36-45,Organic,3,10,2,2026-08-17,Monthly,0,Not Churned
CUST04490,2025-05-08,Standard,54,15,India,26-35,Organic,4,10,2,2026-08-18,Monthly,0,Not Churned
CUST04491,2026-02-02,Basic,32,6,Germany,36-45,Partner,7,14,0,2026-07-17,Monthly,0,Not Churned
CUST04492,2025-11-04,Standard,63,9,UK,26-35,Paid Ads,2,8,1,2026-08-29,Annual,0,Not Churned
CUST04493,2023-06-18,Standard,65,38,Australia,26-35,Social Media,4,2,1,2026-06-30,Monthly,0,Not Churned
CUST04494,2024-02-13,Standard,62,30,India,46-55,Paid Ads,3,5,1,2026-06-26,Monthly,0,Not Churned
CUST04495,2023-03-20,Standard,60,41,USA,26-35,Referral,3,15,0,2026-07-17,Annual,0,Not Churned
CUST04496,2023-04-19,Standard,66,40,Germany,26-35,Organic,6,9,0,2026-07-11,Annual,0,Not Churned
CUST04497,2025-04-08,Standard,65,16,India,26-35,Paid Ads,7,20,1,2026-07-15,Annual,0,Not Churned
CUST04498,2021-08-27,Basic,38,60,India,26-35,Organic,6,9,0,2026-08-15,Monthly,0,Not Churned
CUST04499,2024-07-12,Basic,31,25,USA,26-35,Partner,1,15,1,2026-07-18,Monthly,1,Pricing
CUST04500,2025-10-05,Standard,54,10,USA,26-35,Organic,6,6,1,2026-06-07,Annual,0,Not Churned
CUST04501,2024-02-13,Standard,58,30,India,46-55,Organic,5,12,1,2026-07-29,Monthly,1,Competitor
CUST04502,2025-11-04,Standard,68,9,Australia,36-45,Social Media,3,12,0,2026-08-02,Monthly,0,Not Churned
CUST04503,2023-04-19,Basic,37,40,Germany,36-45,Paid Ads,0,10,0,2026-06-15,Monthly,1,Pricing
CUST04504,2021-11-25,Basic,25,57,USA,26-35,Referral,1,12,0,2026-06-25,Annual,0,Not Churned
CUST04505,2022-10-21,Standard,66,46,Canada,36-45,Referral,4,12,1,2026-07-26,Annual,0,Not Churned
CUST04506,2022-01-24,Basic,24,55,Australia,26-35,Organic,1,18,0,2026-07-27,Monthly,0,Not Churned
CUST04507,2026-01-03,Standard,56,7,UK,18-25,Organic,5,10,3,2026-07-28,Annual,0,Not Churned
CUST04508,2023-01-19,Basic,30,43,India,26-35,Partner,3,17,0,2026-06-25,Monthly,0,Not Churned
CUST04509,2022-04-24,Standard,54,52,India,26-35,Organic,2,6,0,2026-07-02,Monthly,0,Not Churned
CUST04510,2022-08-22,Premium,104,48,India,18-25,Paid Ads,4,8,0,2026-07-05,Annual,0,Not Churned
CUST04511,2022-07-23,Basic,25,49,India,18-25,Referral,2,14,1,2026-07-08,Annual,0,Not Churned
CUST04512,2022-01-24,Standard,55,55,India,26-35,Organic,5,13,0,2026-07-15,Monthly,0,Not Churned
CUST04513,2023-04-19,Basic,27,40,USA,26-35,Referral,6,11,2,2026-07-16,Monthly,0,Not Churned
CUST04514,2025-08-06,Standard,68,12,India,26-35,Paid Ads,1,13,1,2026-07-08,Monthly,0,Not Churned
CUST04515,2021-11-25,Standard,65,57,India,18-25,Social Media,2,16,0,2026-06-17,Monthly,0,Not Churned
CUST04516,2025-03-09,Standard,56,17,USA,26-35,Organic,2,13,0,2026-08-17,Annual,0,Not Churned
CUST04517,2024-07-12,Standard,56,25,India,26-35,Organic,4,16,1,2026-08-30,Monthly,1,Competitor
CUST04518,2022-09-21,Premium,103,47,Canada,18-25,Social Media,1,10,2,2026-07-14,Annual,1,Payment Issues
CUST04519,2026-01-03,Basic,28,7,India,26-35,Paid Ads,3,11,1,2026-07-30,Monthly,0,Not Churned
CUST04520,2022-01-24,Basic,26,55,Australia,18-25,Paid Ads,8,12,0,2026-06-14,Monthly,0,Not Churned
CUST04521,2025-01-08,Premium,104,19,Germany,36-45,Social Media,4,10,1,2026-07-15,Monthly,0,Not Churned
CUST04522,2025-03-09,Standard,60,17,UK,26-35,Referral,2,10,2,2026-07-12,Monthly,1,Payment Issues
CUST04523,2023-12-15,Premium,98,32,Canada,26-35,Paid Ads,1,14,0,2026-06-07,Monthly,0,Not Churned
CUST04524,2024-09-10,Standard,57,23,Germany,18-25,Organic,3,14,1,2026-06-10,Monthly,0,Not Churned
CUST04525,2022-11-20,Premium,105,45,India,26-35,Social Media,3,16,0,2026-08-06,Monthly,0,Not Churned
CUST04526,2023-12-15,Standard,56,32,Germany,26-35,Organic,2,9,0,2026-06-25,Annual,0,Not Churned
CUST04527,2024-06-12,Standard,68,26,Canada,56+,Partner,5,14,0,2026-07-12,Monthly,0,Not Churned
CUST04528,2025-12-04,Premium,105,8,Canada,46-55,Organic,2,15,1,2026-07-09,Monthly,0,Not Churned
CUST04529,2024-10-10,Standard,57,22,USA,18-25,Social Media,5,19,0,2026-06-08,Monthly,0,Not Churned
CUST04530,2022-10-21,Basic,37,46,USA,36-45,Paid Ads,2,12,0,2026-06-20,Monthly,0,Not Churned
CUST04531,2022-01-24,Basic,38,55,UK,26-35,Organic,3,13,0,2026-07-18,Annual,1,Pricing
CUST04532,2021-11-25,Basic,35,57,UK,18-25,Paid Ads,2,10,0,2026-08-11,Monthly,0,Not Churned
CUST04533,2025-12-04,Basic,25,8,UK,36-45,Organic,2,16,1,2026-07-31,Monthly,0,Not Churned
CUST04534,2022-10-21,Basic,24,46,India,18-25,Organic,2,11,1,2026-06-18,Monthly,0,Not Churned
CUST04535,2026-03-04,Standard,56,5,USA,26-35,Organic,6,12,0,2026-06-23,Monthly,0,Not Churned
CUST04536,2025-08-06,Standard,64,12,USA,36-45,Social Media,1,12,0,2026-06-19,Monthly,1,Competitor
CUST04537,2024-05-13,Standard,55,27,India,36-45,Organic,3,13,1,2026-08-30,Monthly,0,Not Churned
CUST04538,2024-12-09,Standard,54,20,India,56+,Partner,3,11,2,2026-07-19,Monthly,1,Payment Issues
CUST04539,2025-09-05,Basic,24,11,India,36-45,Organic,1,12,1,2026-08-24,Annual,0,Not Churned
CUST04540,2023-08-17,Basic,25,36,USA,36-45,Referral,5,14,0,2026-07-08,Monthly,1,Pricing
CUST04541,2022-04-24,Basic,36,52,USA,26-35,Social Media,3,6,1,2026-06-03,Annual,0,Not Churned
CUST04542,2026-06-02,Standard,66,2,India,18-25,Partner,1,10,0,2026-07-25,Monthly,1,Competitor
CUST04543,2025-10-05,Basic,32,10,Germany,36-45,Organic,8,11,0,2026-08-01,Annual,0,Not Churned
CUST04544,2023-02-18,Basic,36,42,Canada,56+,Referral,6,8,0,2026-07-20,Monthly,0,Not Churned
CUST04545,2026-01-03,Standard,66,7,Canada,26-35,Organic,3,8,0,2026-08-13,Monthly,0,Not Churned
CUST04546,2021-12-25,Premium,98,56,India,56+,Paid Ads,4,13,1,2026-08-16,Monthly,0,Not Churned
CUST04547,2025-08-06,Basic,32,12,UK,18-25,Referral,1,12,2,2026-08-30,Monthly,0,Not Churned
CUST04548,2022-01-24,Standard,61,55,USA,26-35,Paid Ads,1,15,0,2026-07-30,Monthly,0,Not Churned
CUST04549,2025-04-08,Standard,66,16,Germany,26-35,Paid Ads,3,17,0,2026-06-08,Monthly,1,Competitor
CUST04550,2024-01-14,Standard,64,31,Canada,26-35,Organic,6,12,4,2026-07-30,Monthly,0,Not Churned
CUST04551,2024-05-13,Premium,99,27,USA,36-45,Organic,3,10,1,2026-08-04,Monthly,0,Not Churned
CUST04552,2023-12-15,Basic,24,32,Australia,26-35,Organic,1,16,0,2026-08-20,Monthly,0,Not Churned
CUST04553,2023-02-18,Basic,33,42,India,46-55,Social Media,4,15,0,2026-08-13,Monthly,0,Not Churned
CUST04554,2023-04-19,Premium,98,40,India,36-45,Organic,2,17,0,2026-06-25,Monthly,0,Not Churned
CUST04555,2024-05-13,Standard,65,27,UK,26-35,Referral,3,14,0,2026-06-30,Monthly,0,Not Churned
CUST04556,2021-09-26,Standard,54,59,India,36-45,Social Media,5,17,0,2026-06-16,Annual,0,Not Churned
CUST04557,2024-07-12,Standard,60,25,India,18-25,Referral,4,14,0,2026-08-10,Monthly,0,Not Churned
CUST04558,2023-04-19,Standard,63,40,Canada,36-45,Referral,3,7,1,2026-08-09,Monthly,0,Not Churned
CUST04559,2026-03-04,Premium,107,5,India,26-35,Referral,4,13,0,2026-07-30,Monthly,0,Not Churned
CUST04560,2026-04-03,Premium,104,4,UK,26-35,Paid Ads,1,16,1,2026-08-24,Monthly,0,Not Churned
CUST04561,2022-03-25,Standard,61,53,Australia,36-45,Paid Ads,3,7,0,2026-08-13,Monthly,0,Not Churned
CUST04562,2022-12-20,Basic,31,44,India,46-55,Partner,0,6,0,2026-08-18,Annual,1,Pricing
CUST04563,2023-01-19,Premium,100,43,India,36-45,Partner,2,10,1,2026-08-10,Annual,0,Not Churned
CUST04564,2025-05-08,Basic,25,15,India,36-45,Referral,3,11,1,2026-07-23,Monthly,0,Not Churned
CUST04565,2025-07-07,Basic,28,13,India,36-45,Organic,5,20,0,2026-06-12,Annual,0,Not Churned
CUST04566,2023-11-15,Premium,97,33,India,26-35,Paid Ads,3,15,0,2026-08-14,Monthly,0,Not Churned
CUST04567,2026-03-04,Basic,28,5,India,46-55,Paid Ads,6,9,0,2026-08-10,Monthly,1,Pricing
CUST04568,2026-02-02,Basic,33,6,USA,26-35,Social Media,2,8,0,2026-08-18,Annual,0,Not Churned
CUST04569,2022-11-20,Basic,32,45,India,26-35,Referral,4,21,0,2026-06-22,Monthly,0,Not Churned
CUST04570,2024-07-12,Premium,108,25,UK,26-35,Paid Ads,2,16,1,2026-08-03,Annual,0,Not Churned
CUST04571,2024-07-12,Standard,57,25,Australia,26-35,Referral,2,11,1,2026-07-01,Monthly,0,Not Churned
CUST04572,2025-10-05,Standard,68,10,Canada,26-35,Organic,3,15,0,2026-08-12,Monthly,0,Not Churned
CUST04573,2025-08-06,Basic,38,12,USA,26-35,Social Media,1,10,0,2026-08-07,Monthly,0,Not Churned
CUST04574,2026-05-03,Standard,65,3,India,26-35,Organic,6,14,2,2026-07-27,Monthly,1,Payment Issues
CUST04575,2024-03-14,Standard,61,29,UK,36-45,Referral,0,12,0,2026-06-16,Annual,0,Not Churned
CUST04576,2024-03-14,Basic,31,29,USA,36-45,Organic,1,14,1,2026-07-25,Monthly,0,Not Churned
CUST04577,2023-01-19,Standard,55,43,India,36-45,Organic,0,12,1,2026-08-23,Annual,0,Not Churned
CUST04578,2024-08-11,Basic,37,24,Australia,26-35,Organic,2,11,2,2026-06-03,Monthly,0,Not Churned
CUST04579,2024-08-11,Premium,99,24,India,36-45,Partner,1,11,0,2026-06-11,Annual,0,Not Churned
CUST04580,2024-07-12,Standard,58,25,India,18-25,Referral,5,12,0,2026-08-22,Annual,0,Not Churned
CUST04581,2022-09-21,Premium,95,47,Australia,36-45,Paid Ads,3,17,0,2026-08-14,Monthly,0,Not Churned
CUST04582,2022-07-23,Basic,35,49,Australia,26-35,Social Media,3,15,3,2026-08-08,Annual,0,Not Churned
CUST04583,2023-07-18,Standard,63,37,India,36-45,Referral,0,11,1,2026-08-25,Monthly,1,Competitor
CUST04584,2026-03-04,Standard,57,5,USA,26-35,Referral,4,7,1,2026-08-13,Monthly,1,Competitor
CUST04585,2022-01-24,Standard,60,55,USA,36-45,Paid Ads,0,9,0,2026-06-07,Monthly,0,Not Churned
CUST04586,2025-09-05,Premium,106,11,Canada,46-55,Organic,2,11,1,2026-08-19,Annual,0,Not Churned
CUST04587,2023-04-19,Basic,24,40,India,36-45,Organic,8,13,1,2026-06-28,Monthly,0,Not Churned
CUST04588,2023-01-19,Basic,38,43,USA,26-35,Organic,3,7,0,2026-06-26,Monthly,0,Not Churned
CUST04589,2022-01-24,Standard,62,55,Germany,26-35,Referral,3,13,0,2026-07-20,Monthly,0,Not Churned
CUST04590,2024-10-10,Standard,63,22,India,46-55,Organic,4,7,0,2026-07-21,Monthly,0,Not Churned
CUST04591,2022-04-24,Standard,65,52,Australia,26-35,Paid Ads,3,12,0,2026-08-30,Annual,0,Not Churned
CUST04592,2025-05-08,Basic,24,15,Germany,46-55,Paid Ads,6,16,1,2026-06-15,Monthly,1,Pricing
CUST04593,2025-11-04,Standard,68,9,India,26-35,Organic,1,12,0,2026-08-16,Monthly,1,Competitor
CUST04594,2022-06-23,Basic,35,50,Canada,56+,Partner,2,9,1,2026-08-22,Monthly,0,Not Churned
CUST04595,2026-02-02,Standard,58,6,India,46-55,Partner,2,25,0,2026-06-29,Monthly,1,Competitor
CUST04596,2024-06-12,Standard,60,26,Canada,36-45,Organic,2,18,1,2026-08-20,Annual,0,Not Churned
CUST04597,2026-02-02,Standard,61,6,Canada,18-25,Social Media,2,11,0,2026-06-30,Monthly,0,Not Churned
CUST04598,2023-12-15,Basic,25,32,India,26-35,Paid Ads,4,12,0,2026-07-12,Annual,0,Not Churned
CUST04599,2023-01-19,Standard,57,43,UK,46-55,Social Media,2,10,1,2026-07-22,Monthly,0,Not Churned
CUST04600,2024-12-09,Basic,25,20,Canada,46-55,Organic,4,11,2,2026-06-27,Monthly,0,Not Churned
CUST04601,2023-09-16,Basic,27,35,USA,26-35,Organic,5,12,0,2026-06-30,Annual,0,Not Churned
CUST04602,2023-01-19,Standard,68,43,India,26-35,Social Media,0,16,1,2026-08-29,Annual,0,Not Churned
CUST04603,2026-05-03,Premium,99,3,India,46-55,Social Media,0,15,0,2026-07-06,Annual,1,Competitor
CUST04604,2025-02-07,Basic,29,18,USA,36-45,Paid Ads,3,12,0,2026-08-07,Monthly,0,Not Churned
CUST04605,2023-09-16,Standard,65,35,Germany,46-55,Social Media,4,15,1,2026-07-07,Monthly,0,Not Churned
CUST04606,2022-04-24,Premium,106,52,Australia,46-55,Referral,6,10,0,2026-07-29,Annual,0,Not Churned
CUST04607,2025-10-05,Premium,95,10,USA,46-55,Organic,7,20,1,2026-06-06,Monthly,1,Poor Support Experience
CUST04608,2023-08-17,Basic,34,36,USA,18-25,Paid Ads,3,16,1,2026-07-29,Monthly,0,Not Churned
CUST04609,2024-02-13,Premium,97,30,India,18-25,Organic,3,11,1,2026-08-26,Monthly,0,Not Churned
CUST04610,2024-06-12,Basic,27,26,India,18-25,Social Media,7,14,1,2026-08-25,Monthly,0,Not Churned
CUST04611,2024-02-13,Basic,37,30,USA,46-55,Partner,3,14,0,2026-08-08,Monthly,0,Not Churned
CUST04612,2024-01-14,Basic,24,31,USA,26-35,Paid Ads,4,10,0,2026-08-28,Annual,0,Not Churned
CUST04613,2022-01-24,Standard,68,55,USA,18-25,Referral,1,13,0,2026-07-26,Monthly,0,Not Churned
CUST04614,2026-04-03,Basic,37,4,Germany,26-35,Referral,1,10,0,2026-08-07,Annual,0,Not Churned
CUST04615,2021-11-25,Basic,25,57,UK,26-35,Organic,6,12,0,2026-07-20,Monthly,0,Not Churned
CUST04616,2024-08-11,Basic,37,24,UK,46-55,Paid Ads,5,24,2,2026-07-13,Monthly,1,Payment Issues
CUST04617,2026-07-02,Premium,96,1,India,36-45,Paid Ads,2,6,0,2026-06-26,Monthly,1,Competitor
CUST04618,2024-06-12,Premium,106,26,Germany,36-45,Referral,2,13,0,2026-06-09,Monthly,0,Not Churned
CUST04619,2022-07-23,Basic,38,49,Canada,18-25,Social Media,2,10,0,2026-08-28,Monthly,0,Not Churned
CUST04620,2024-03-14,Premium,104,29,Australia,46-55,Organic,7,13,0,2026-07-31,Annual,0,Not Churned
CUST04621,2023-06-18,Premium,98,38,USA,26-35,Paid Ads,3,15,0,2026-06-06,Annual,1,Competitor
CUST04622,2023-08-17,Standard,64,36,USA,36-45,Social Media,1,14,0,2026-07-10,Monthly,0,Not Churned
CUST04623,2021-10-26,Basic,31,58,USA,18-25,Organic,2,14,0,2026-06-14,Monthly,0,Not Churned
CUST04624,2022-02-23,Standard,68,54,India,18-25,Paid Ads,4,11,1,2026-06-14,Monthly,0,Not Churned
CUST04625,2025-11-04,Premium,99,9,UK,18-25,Organic,2,11,1,2026-06-27,Monthly,0,Not Churned
CUST04626,2023-02-18,Standard,56,42,Australia,36-45,Paid Ads,5,8,1,2026-06-16,Annual,1,Competitor
CUST04627,2023-12-15,Basic,29,32,India,36-45,Social Media,1,15,2,2026-08-20,Monthly,0,Not Churned
CUST04628,2023-07-18,Standard,60,37,India,18-25,Organic,5,13,1,2026-08-17,Monthly,0,Not Churned
CUST04629,2023-04-19,Standard,59,40,Canada,26-35,Social Media,3,7,0,2026-06-16,Annual,1,Competitor
CUST04630,2025-02-07,Standard,63,18,India,46-55,Paid Ads,3,8,2,2026-06-28,Monthly,0,Not Churned
CUST04631,2024-08-11,Basic,29,24,UK,18-25,Organic,1,9,0,2026-06-22,Monthly,0,Not Churned
CUST04632,2023-04-19,Basic,24,40,UK,26-35,Paid Ads,2,10,0,2026-06-22,Monthly,0,Not Churned
CUST04633,2025-02-07,Premium,96,18,India,26-35,Social Media,1,10,0,2026-08-16,Monthly,0,Not Churned
CUST04634,2023-05-19,Premium,100,39,Canada,46-55,Organic,4,13,0,2026-07-16,Annual,0,Not Churned
CUST04635,2025-12-04,Basic,27,8,USA,26-35,Paid Ads,4,15,0,2026-06-12,Monthly,0,Not Churned
CUST04636,2023-05-19,Premium,105,39,Australia,56+,Referral,4,16,1,2026-06-17,Monthly,1,Competitor
CUST04637,2022-02-23,Basic,27,54,Canada,26-35,Paid Ads,4,14,1,2026-08-17,Monthly,0,Not Churned
CUST04638,2022-05-24,Standard,60,51,Australia,26-35,Organic,7,9,0,2026-06-07,Monthly,0,Not Churned
CUST04639,2025-09-05,Standard,62,11,India,18-25,Paid Ads,3,6,0,2026-08-05,Monthly,0,Not Churned
CUST04640,2023-01-19,Premium,107,43,India,36-45,Social Media,2,10,0,2026-07-31,Annual,0,Not Churned
CUST04641,2023-09-16,Premium,104,35,India,26-35,Partner,4,6,1,2026-07-09,Monthly,0,Not Churned
CUST04642,2024-08-11,Basic,36,24,USA,36-45,Organic,3,12,0,2026-07-11,Annual,0,Not Churned
CUST04643,2022-04-24,Premium,106,52,Australia,26-35,Referral,3,7,2,2026-07-07,Monthly,1,Payment Issues
CUST04644,2025-07-07,Basic,38,13,USA,26-35,Organic,3,10,1,2026-07-03,Monthly,0,Not Churned
CUST04645,2024-01-14,Standard,55,31,Australia,46-55,Referral,5,6,0,2026-07-26,Monthly,0,Not Churned
CUST04646,2021-10-26,Standard,62,58,India,36-45,Organic,2,12,0,2026-08-06,Annual,0,Not Churned
CUST04647,2021-12-25,Standard,56,56,India,26-35,Organic,2,24,0,2026-08-26,Monthly,0,Not Churned
CUST04648,2024-02-13,Basic,29,30,Australia,36-45,Social Media,2,14,1,2026-07-11,Monthly,0,Not Churned
CUST04649,2024-03-14,Premium,97,29,USA,36-45,Organic,3,8,1,2026-06-17,Monthly,0,Not Churned
CUST04650,2023-02-18,Basic,24,42,Canada,18-25,Paid Ads,1,14,0,2026-07-30,Monthly,0,Not Churned
CUST04651,2026-02-02,Basic,32,6,India,26-35,Partner,4,14,0,2026-06-02,Monthly,0,Not Churned
CUST04652,2026-05-03,Standard,64,3,Germany,26-35,Partner,1,11,0,2026-06-30,Annual,0,Not Churned
CUST04653,2024-04-13,Standard,68,28,USA,26-35,Organic,5,15,0,2026-08-23,Monthly,1,Competitor
CUST04654,2025-10-05,Premium,99,10,Canada,36-45,Referral,0,9,0,2026-06-22,Monthly,1,Competitor
CUST04655,2023-10-16,Basic,31,34,India,26-35,Referral,5,13,0,2026-07-06,Monthly,0,Not Churned
CUST04656,2026-07-02,Basic,38,1,USA,18-25,Paid Ads,2,10,1,2026-08-03,Monthly,0,Not Churned
CUST04657,2025-08-06,Premium,108,12,Australia,26-35,Partner,4,11,1,2026-08-10,Monthly,1,Competitor
CUST04658,2023-08-17,Standard,55,36,Australia,56+,Social Media,2,17,0,2026-07-29,Monthly,0,Not Churned
CUST04659,2021-12-25,Basic,30,56,India,36-45,Social Media,1,11,0,2026-06-20,Monthly,0,Not Churned
CUST04660,2022-04-24,Standard,59,52,India,18-25,Organic,2,6,0,2026-07-27,Annual,0,Not Churned
CUST04661,2021-12-25,Standard,55,56,USA,26-35,Paid Ads,4,14,0,2026-06-20,Monthly,0,Not Churned
CUST04662,2023-12-15,Standard,55,32,India,26-35,Paid Ads,4,16,2,2026-07-05,Annual,0,Not Churned
CUST04663,2021-12-25,Standard,57,56,Canada,36-45,Organic,2,11,0,2026-07-01,Annual,0,Not Churned
CUST04664,2025-09-05,Premium,97,11,India,26-35,Organic,5,10,1,2026-06-24,Monthly,0,Not Churned
CUST04665,2026-07-02,Premium,96,1,India,56+,Organic,5,13,0,2026-08-04,Monthly,0,Not Churned
CUST04666,2022-08-22,Standard,61,48,UK,26-35,Organic,5,12,0,2026-08-23,Annual,0,Not Churned
CUST04667,2026-02-02,Basic,37,6,USA,36-45,Organic,2,17,0,2026-06-20,Monthly,0,Not Churned
CUST04668,2024-05-13,Premium,100,27,Canada,36-45,Organic,3,16,1,2026-07-30,Monthly,0,Not Churned
CUST04669,2025-05-08,Standard,55,15,Germany,46-55,Organic,1,14,0,2026-07-08,Monthly,1,Competitor
CUST04670,2025-10-05,Standard,56,10,India,26-35,Paid Ads,3,12,0,2026-07-25,Monthly,0,Not Churned
CUST04671,2024-08-11,Basic,33,24,UK,36-45,Paid Ads,5,10,0,2026-06-24,Monthly,0,Not Churned
CUST04672,2025-12-04,Premium,102,8,India,26-35,Paid Ads,2,8,0,2026-07-14,Monthly,0,Not Churned
CUST04673,2025-03-09,Standard,66,17,USA,26-35,Partner,3,13,0,2026-08-21,Annual,0,Not Churned
CUST04674,2024-08-11,Basic,28,24,India,46-55,Referral,4,11,1,2026-06-21,Monthly,0,Not Churned
CUST04675,2025-07-07,Standard,55,13,India,46-55,Social Media,1,13,3,2026-08-03,Annual,0,Not Churned
CUST04676,2025-11-04,Premium,96,9,India,36-45,Partner,1,8,0,2026-06-18,Monthly,0,Not Churned
CUST04677,2021-09-26,Basic,31,59,India,26-35,Organic,2,21,1,2026-07-18,Monthly,0,Not Churned
CUST04678,2026-02-02,Premium,97,6,Australia,46-55,Paid Ads,2,11,0,2026-07-15,Annual,1,Competitor
CUST04679,2024-03-14,Standard,67,29,Canada,18-25,Paid Ads,3,10,1,2026-08-03,Monthly,0,Not Churned
CUST04680,2024-09-10,Standard,55,23,Germany,18-25,Paid Ads,2,7,0,2026-08-19,Annual,0,Not Churned
CUST04681,2024-10-10,Basic,25,22,USA,36-45,Organic,2,16,0,2026-08-01,Monthly,0,Not Churned
CUST04682,2024-11-09,Basic,29,21,India,26-35,Social Media,1,13,1,2026-07-14,Monthly,0,Not Churned
CUST04683,2025-03-09,Premium,101,17,India,56+,Organic,6,12,1,2026-06-27,Monthly,0,Not Churned
CUST04684,2023-10-16,Basic,30,34,India,26-35,Partner,2,12,0,2026-06-22,Annual,0,Not Churned
CUST04685,2024-06-12,Standard,57,26,India,26-35,Social Media,1,12,0,2026-07-05,Monthly,0,Not Churned
CUST04686,2022-06-23,Basic,25,50,UK,36-45,Referral,1,8,3,2026-07-12,Annual,0,Not Churned
CUST04687,2021-09-26,Basic,32,59,USA,36-45,Organic,3,9,0,2026-06-04,Monthly,0,Not Churned
CUST04688,2024-07-12,Basic,27,25,USA,26-35,Paid Ads,1,17,1,2026-07-04,Annual,0,Not Churned
CUST04689,2022-08-22,Standard,62,48,India,26-35,Organic,4,11,0,2026-06-16,Monthly,0,Not Churned
CUST04690,2023-06-18,Premium,98,38,India,36-45,Organic,5,6,0,2026-07-03,Monthly,0,Not Churned
CUST04691,2026-05-03,Basic,37,3,India,26-35,Social Media,2,12,0,2026-08-10,Monthly,0,Not Churned
CUST04692,2026-05-03,Basic,35,3,India,26-35,Paid Ads,2,20,0,2026-06-05,Monthly,0,Not Churned
CUST04693,2025-06-07,Basic,38,14,Canada,36-45,Paid Ads,3,10,2,2026-07-13,Monthly,0,Not Churned
CUST04694,2023-02-18,Standard,65,42,India,18-25,Social Media,1,16,0,2026-06-28,Monthly,0,Not Churned
CUST04695,2025-10-05,Standard,64,10,Canada,56+,Organic,4,16,0,2026-07-17,Annual,0,Not Churned
CUST04696,2026-06-02,Premium,104,2,USA,36-45,Referral,3,8,0,2026-08-01,Annual,0,Not Churned
CUST04697,2026-01-03,Standard,67,7,India,56+,Referral,2,13,0,2026-07-31,Annual,0,Not Churned
CUST04698,2025-06-07,Standard,60,14,Canada,26-35,Paid Ads,3,18,0,2026-08-14,Monthly,0,Not Churned
CUST04699,2022-07-23,Basic,35,49,USA,56+,Social Media,4,13,0,2026-06-03,Monthly,0,Not Churned
CUST04700,2025-03-09,Premium,98,17,India,18-25,Partner,1,12,0,2026-08-08,Monthly,0,Not Churned
CUST04701,2025-10-05,Basic,38,10,Australia,18-25,Paid Ads,2,11,0,2026-06-11,Monthly,0,Not Churned
CUST04702,2023-09-16,Basic,25,35,India,18-25,Paid Ads,1,15,2,2026-07-07,Monthly,0,Not Churned
CUST04703,2022-07-23,Standard,59,49,India,26-35,Paid Ads,5,9,0,2026-07-24,Annual,0,Not Churned
CUST04704,2022-11-20,Standard,60,45,Canada,18-25,Referral,1,13,0,2026-08-30,Annual,1,Competitor
CUST04705,2024-05-13,Standard,67,27,UK,36-45,Referral,2,11,2,2026-06-04,Monthly,0,Not Churned
CUST04706,2022-08-22,Standard,68,48,India,26-35,Organic,1,13,0,2026-06-16,Annual,0,Not Churned
CUST04707,2026-05-03,Standard,64,3,India,26-35,Organic,5,17,0,2026-06-13,Monthly,0,Not Churned
CUST04708,2022-09-21,Basic,36,47,Australia,36-45,Partner,1,11,0,2026-07-13,Monthly,0,Not Churned
CUST04709,2021-08-27,Premium,99,60,India,26-35,Organic,5,14,0,2026-06-17,Monthly,0,Not Churned
CUST04710,2024-07-12,Standard,66,25,India,36-45,Referral,7,10,0,2026-08-09,Monthly,0,Not Churned
CUST04711,2026-01-03,Standard,67,7,USA,36-45,Social Media,8,10,0,2026-06-03,Annual,1,Poor Support Experience
CUST04712,2025-07-07,Standard,56,13,Australia,46-55,Paid Ads,3,15,0,2026-06-27,Annual,0,Not Churned
CUST04713,2021-11-25,Basic,33,57,India,26-35,Referral,7,14,0,2026-06-25,Monthly,0,Not Churned
CUST04714,2023-05-19,Standard,61,39,Canada,56+,Organic,2,13,0,2026-07-21,Annual,0,Not Churned
CUST04715,2023-01-19,Standard,56,43,USA,36-45,Partner,3,12,1,2026-07-05,Monthly,0,Not Churned
CUST04716,2022-10-21,Basic,37,46,USA,56+,Organic,1,8,0,2026-08-24,Annual,0,Not Churned
CUST04717,2024-07-12,Standard,58,25,Canada,18-25,Paid Ads,2,16,1,2026-07-07,Monthly,0,Not Churned
CUST04718,2023-01-19,Premium,102,43,Germany,36-45,Paid Ads,1,10,0,2026-08-23,Annual,0,Not Churned
CUST04719,2024-03-14,Standard,64,29,India,46-55,Social Media,5,13,0,2026-07-16,Monthly,0,Not Churned
CUST04720,2025-01-08,Premium,98,19,India,18-25,Organic,1,11,0,2026-06-22,Monthly,0,Not Churned
CUST04721,2023-05-19,Basic,38,39,Australia,36-45,Paid Ads,1,14,0,2026-07-05,Monthly,0,Not Churned
CUST04722,2024-10-10,Basic,30,22,UK,46-55,Organic,4,14,0,2026-07-19,Monthly,0,Not Churned
CUST04723,2026-06-02,Basic,34,2,USA,36-45,Paid Ads,3,10,1,2026-07-27,Monthly,0,Not Churned
CUST04724,2024-10-10,Standard,67,22,USA,18-25,Social Media,5,13,0,2026-07-20,Monthly,0,Not Churned
CUST04725,2023-09-16,Basic,30,35,Canada,36-45,Organic,5,10,0,2026-06-13,Annual,0,Not Churned
CUST04726,2023-10-16,Basic,28,34,Canada,18-25,Referral,0,8,0,2026-08-08,Monthly,0,Not Churned
CUST04727,2022-03-25,Premium,95,53,Australia,46-55,Social Media,1,11,0,2026-06-09,Annual,0,Not Churned
CUST04728,2026-03-04,Premium,98,5,USA,18-25,Partner,3,17,0,2026-08-25,Monthly,0,Not Churned
CUST04729,2024-05-13,Standard,60,27,India,18-25,Referral,4,11,1,2026-07-13,Annual,0,Not Churned
CUST04730,2025-02-07,Basic,30,18,UK,26-35,Paid Ads,2,21,0,2026-06-23,Annual,0,Not Churned
CUST04731,2022-08-22,Basic,27,48,USA,36-45,Paid Ads,1,17,0,2026-07-17,Monthly,0,Not Churned
CUST04732,2026-05-03,Basic,24,3,USA,56+,Partner,1,7,1,2026-08-31,Annual,0,Not Churned
CUST04733,2021-12-25,Standard,59,56,USA,18-25,Social Media,4,17,0,2026-08-05,Annual,0,Not Churned
CUST04734,2022-09-21,Premium,106,47,India,18-25,Paid Ads,6,22,0,2026-07-17,Monthly,0,Not Churned
CUST04735,2024-11-09,Standard,68,21,USA,26-35,Partner,2,13,0,2026-06-02,Annual,0,Not Churned
CUST04736,2024-08-11,Basic,37,24,UK,46-55,Social Media,1,10,1,2026-06-13,Monthly,0,Not Churned
CUST04737,2024-06-12,Standard,56,26,Canada,26-35,Partner,4,8,0,2026-07-24,Monthly,0,Not Churned
CUST04738,2024-12-09,Basic,34,20,USA,26-35,Referral,6,12,1,2026-06-15,Monthly,1,Pricing
CUST04739,2022-04-24,Basic,28,52,India,36-45,Social Media,2,10,0,2026-07-02,Monthly,0,Not Churned
CUST04740,2025-07-07,Standard,57,13,USA,26-35,Social Media,2,16,0,2026-08-15,Monthly,0,Not Churned
CUST04741,2026-02-02,Standard,68,6,Canada,26-35,Organic,3,7,0,2026-06-07,Annual,0,Not Churned
CUST04742,2024-06-12,Basic,36,26,USA,26-35,Partner,4,9,0,2026-08-27,Annual,1,Pricing
CUST04743,2022-08-22,Basic,25,48,UK,46-55,Paid Ads,5,7,0,2026-06-04,Annual,0,Not Churned
CUST04744,2023-01-19,Premium,105,43,USA,46-55,Paid Ads,5,17,0,2026-08-13,Monthly,1,Competitor
CUST04745,2024-02-13,Basic,38,30,India,36-45,Social Media,5,15,0,2026-07-13,Annual,0,Not Churned
CUST04746,2025-06-07,Basic,30,14,Canada,26-35,Referral,0,9,1,2026-06-23,Monthly,0,Not Churned
CUST04747,2022-09-21,Basic,37,47,India,36-45,Social Media,5,14,0,2026-08-26,Annual,0,Not Churned
CUST04748,2022-03-25,Basic,28,53,USA,18-25,Paid Ads,8,23,0,2026-06-04,Monthly,0,Not Churned
CUST04749,2023-07-18,Basic,38,37,India,36-45,Paid Ads,2,5,1,2026-06-08,Annual,0,Not Churned
CUST04750,2021-11-25,Premium,107,57,India,36-45,Organic,2,12,0,2026-07-26,Annual,0,Not Churned
CUST04751,2023-06-18,Basic,30,38,USA,46-55,Paid Ads,6,10,1,2026-06-29,Annual,0,Not Churned
CUST04752,2024-02-13,Standard,62,30,USA,26-35,Referral,0,14,0,2026-07-29,Annual,0,Not Churned
CUST04753,2025-05-08,Standard,57,15,UK,36-45,Paid Ads,6,14,1,2026-06-24,Annual,0,Not Churned
CUST04754,2025-01-08,Standard,58,19,Canada,36-45,Paid Ads,1,13,0,2026-08-12,Monthly,0,Not Churned
CUST04755,2025-09-05,Premium,102,11,Canada,26-35,Organic,1,15,1,2026-08-10,Annual,0,Not Churned
CUST04756,2024-12-09,Premium,106,20,USA,36-45,Social Media,7,12,0,2026-08-26,Annual,0,Not Churned
CUST04757,2024-07-12,Basic,33,25,UK,46-55,Organic,3,7,0,2026-08-24,Monthly,0,Not Churned
CUST04758,2023-06-18,Standard,64,38,USA,46-55,Referral,2,10,0,2026-08-03,Monthly,0,Not Churned
CUST04759,2023-01-19,Standard,67,43,USA,36-45,Paid Ads,2,9,1,2026-07-09,Monthly,0,Not Churned
CUST04760,2024-02-13,Premium,106,30,USA,18-25,Organic,2,13,0,2026-06-05,Annual,0,Not Churned
CUST04761,2023-04-19,Standard,57,40,Germany,46-55,Social Media,4,9,0,2026-08-09,Monthly,1,Competitor
CUST04762,2021-09-26,Premium,98,59,India,36-45,Paid Ads,6,9,0,2026-06-28,Annual,0,Not Churned
CUST04763,2024-09-10,Standard,66,23,Australia,26-35,Referral,3,25,0,2026-08-12,Monthly,0,Not Churned
CUST04764,2022-12-20,Basic,28,44,India,26-35,Referral,0,14,0,2026-08-21,Monthly,0,Not Churned
CUST04765,2025-03-09,Standard,61,17,India,18-25,Referral,1,12,1,2026-08-18,Annual,0,Not Churned
CUST04766,2026-07-02,Premium,108,1,India,18-25,Referral,8,22,0,2026-07-06,Monthly,1,Poor Support Experience
CUST04767,2023-02-18,Premium,106,42,UK,36-45,Social Media,4,7,0,2026-07-24,Monthly,0,Not Churned
CUST04768,2025-06-07,Basic,38,14,India,26-35,Referral,0,11,0,2026-08-03,Annual,0,Not Churned
CUST04769,2023-05-19,Standard,57,39,Australia,18-25,Paid Ads,3,20,0,2026-08-20,Monthly,0,Not Churned
CUST04770,2025-02-07,Basic,27,18,Australia,26-35,Organic,1,10,1,2026-08-08,Monthly,0,Not Churned
CUST04771,2023-03-20,Basic,36,41,UK,26-35,Partner,1,7,0,2026-06-21,Annual,0,Not Churned
CUST04772,2021-08-27,Standard,60,60,USA,26-35,Partner,4,9,0,2026-07-13,Annual,0,Not Churned
CUST04773,2025-04-08,Basic,34,16,Germany,18-25,Paid Ads,4,10,0,2026-07-28,Monthly,0,Not Churned
CUST04774,2025-10-05,Premium,98,10,Australia,26-35,Organic,1,12,0,2026-07-30,Monthly,0,Not Churned
CUST04775,2022-12-20,Basic,29,44,USA,36-45,Organic,3,8,1,2026-07-27,Monthly,0,Not Churned
CUST04776,2025-11-04,Premium,99,9,UK,18-25,Referral,2,13,0,2026-07-04,Monthly,0,Not Churned
CUST04777,2025-06-07,Basic,35,14,USA,36-45,Organic,2,8,1,2026-07-22,Monthly,0,Not Churned
CUST04778,2021-08-27,Basic,29,60,USA,18-25,Social Media,0,8,0,2026-06-27,Monthly,0,Not Churned
CUST04779,2026-06-02,Basic,37,2,India,26-35,Partner,2,9,1,2026-08-21,Monthly,0,Not Churned
CUST04780,2021-11-25,Basic,33,57,USA,26-35,Partner,4,16,2,2026-07-16,Annual,0,Not Churned
CUST04781,2021-11-25,Basic,28,57,India,18-25,Organic,2,10,0,2026-07-23,Monthly,0,Not Churned
CUST04782,2023-02-18,Basic,36,42,USA,26-35,Partner,4,22,0,2026-06-10,Monthly,1,Pricing
CUST04783,2022-02-23,Standard,66,54,UK,26-35,Referral,7,6,0,2026-07-08,Annual,0,Not Churned
CUST04784,2024-11-09,Basic,28,21,Germany,26-35,Organic,6,14,0,2026-08-22,Monthly,0,Not Churned
CUST04785,2023-02-18,Standard,62,42,Germany,36-45,Paid Ads,2,10,2,2026-08-22,Annual,1,Payment Issues
CUST04786,2026-06-02,Basic,36,2,USA,18-25,Referral,1,12,0,2026-07-22,Monthly,0,Not Churned
CUST04787,2026-02-02,Premium,101,6,UK,46-55,Partner,2,16,0,2026-08-01,Monthly,1,Competitor
CUST04788,2025-09-05,Premium,108,11,India,46-55,Organic,3,10,1,2026-08-24,Monthly,0,Not Churned
CUST04789,2023-03-20,Standard,57,41,UK,36-45,Organic,0,15,1,2026-07-17,Monthly,0,Not Churned
CUST04790,2026-05-03,Basic,30,3,India,26-35,Paid Ads,1,11,0,2026-06-10,Annual,1,Pricing
CUST04791,2022-05-24,Basic,31,51,India,46-55,Partner,5,13,1,2026-06-24,Annual,0,Not Churned
CUST04792,2025-09-05,Premium,105,11,UK,26-35,Partner,4,9,0,2026-08-10,Monthly,0,Not Churned
CUST04793,2026-04-03,Basic,32,4,India,18-25,Organic,1,12,0,2026-06-10,Monthly,1,Pricing
CUST04794,2025-05-08,Basic,28,15,India,18-25,Paid Ads,1,14,0,2026-07-28,Monthly,0,Not Churned
CUST04795,2024-06-12,Basic,26,26,Australia,46-55,Partner,2,13,0,2026-08-26,Annual,0,Not Churned
CUST04796,2021-09-26,Basic,38,59,India,26-35,Referral,4,8,0,2026-08-14,Monthly,0,Not Churned
CUST04797,2022-12-20,Basic,36,44,India,46-55,Partner,4,10,0,2026-07-27,Monthly,0,Not Churned
CUST04798,2023-08-17,Standard,57,36,India,26-35,Social Media,3,9,3,2026-07-30,Monthly,0,Not Churned
CUST04799,2025-05-08,Basic,38,15,India,46-55,Organic,3,17,1,2026-06-24,Monthly,0,Not Churned
CUST04800,2022-07-23,Standard,63,49,India,46-55,Social Media,2,8,0,2026-06-25,Monthly,0,Not Churned
CUST04801,2022-06-23,Basic,29,50,Canada,46-55,Organic,3,9,0,2026-06-09,Annual,0,Not Churned
CUST04802,2024-10-10,Basic,33,22,India,26-35,Social Media,6,14,0,2026-08-20,Annual,0,Not Churned
CUST04803,2023-07-18,Premium,104,37,Canada,46-55,Referral,4,7,1,2026-06-15,Annual,0,Not Churned
CUST04804,2025-10-05,Basic,28,10,India,56+,Partner,1,14,1,2026-08-26,Monthly,1,Pricing
CUST04805,2024-12-09,Premium,102,20,USA,26-35,Partner,3,16,2,2026-07-01,Monthly,0,Not Churned
CUST04806,2023-12-15,Standard,66,32,UK,26-35,Organic,2,8,0,2026-06-12,Monthly,1,Competitor
CUST04807,2021-10-26,Basic,34,58,UK,36-45,Organic,5,17,1,2026-07-01,Monthly,0,Not Churned
CUST04808,2025-11-04,Premium,104,9,UK,26-35,Paid Ads,5,12,4,2026-08-16,Monthly,0,Not Churned
CUST04809,2022-06-23,Basic,37,50,Germany,36-45,Social Media,7,9,1,2026-06-08,Monthly,1,Poor Support Experience
CUST04810,2024-01-14,Premium,96,31,India,18-25,Social Media,2,8,0,2026-06-07,Monthly,0,Not Churned
CUST04811,2022-12-20,Basic,25,44,USA,36-45,Partner,6,6,1,2026-06-16,Monthly,0,Not Churned
CUST04812,2023-04-19,Premium,99,40,Australia,18-25,Referral,3,12,1,2026-06-29,Monthly,0,Not Churned
CUST04813,2024-01-14,Basic,36,31,India,26-35,Organic,5,12,1,2026-06-02,Monthly,0,Not Churned
CUST04814,2024-04-13,Standard,60,28,India,26-35,Organic,2,8,0,2026-08-25,Monthly,0,Not Churned
CUST04815,2025-09-05,Standard,58,11,India,46-55,Organic,3,18,1,2026-07-08,Monthly,0,Not Churned
CUST04816,2023-08-17,Premium,94,36,UK,26-35,Referral,5,11,0,2026-06-05,Monthly,1,Competitor
CUST04817,2023-03-20,Premium,96,41,India,46-55,Partner,2,21,0,2026-08-12,Monthly,1,Competitor
CUST04818,2026-04-03,Premium,96,4,India,36-45,Paid Ads,0,8,0,2026-06-19,Monthly,0,Not Churned
CUST04819,2022-06-23,Premium,105,50,USA,26-35,Social Media,1,11,2,2026-08-15,Monthly,0,Not Churned
CUST04820,2025-06-07,Basic,37,14,UK,26-35,Paid Ads,4,12,1,2026-06-11,Annual,1,Pricing
CUST04821,2022-10-21,Basic,27,46,India,26-35,Paid Ads,4,8,2,2026-08-10,Monthly,1,Payment Issues
CUST04822,2022-02-23,Basic,37,54,India,26-35,Paid Ads,3,15,2,2026-06-12,Monthly,1,Payment Issues
CUST04823,2024-03-14,Basic,33,29,UK,18-25,Paid Ads,5,8,0,2026-07-05,Annual,0,Not Churned
CUST04824,2024-04-13,Basic,29,28,Germany,36-45,Partner,6,9,0,2026-07-01,Monthly,0,Not Churned
CUST04825,2024-07-12,Standard,58,25,UK,56+,Paid Ads,1,11,0,2026-08-30,Monthly,0,Not Churned
CUST04826,2024-09-10,Basic,24,23,Canada,26-35,Organic,3,12,1,2026-08-09,Monthly,0,Not Churned
CUST04827,2023-11-15,Standard,68,33,USA,36-45,Social Media,2,14,2,2026-08-19,Annual,1,Payment Issues
CUST04828,2024-02-13,Basic,29,30,India,56+,Partner,4,13,1,2026-06-27,Annual,0,Not Churned
CUST04829,2025-11-04,Basic,37,9,USA,46-55,Referral,3,20,0,2026-07-20,Annual,0,Not Churned
CUST04830,2023-06-18,Standard,67,38,Canada,46-55,Organic,4,9,0,2026-06-28,Annual,0,Not Churned
CUST04831,2024-07-12,Standard,62,25,USA,46-55,Organic,3,13,1,2026-06-07,Monthly,0,Not Churned
CUST04832,2025-02-07,Standard,64,18,Australia,26-35,Organic,6,8,1,2026-07-04,Annual,0,Not Churned
CUST04833,2023-01-19,Standard,54,43,Germany,46-55,Organic,4,6,0,2026-08-26,Monthly,0,Not Churned
CUST04834,2026-01-03,Basic,31,7,India,46-55,Partner,3,10,0,2026-06-23,Monthly,1,Pricing
CUST04835,2024-08-11,Standard,61,24,India,26-35,Organic,2,11,1,2026-07-26,Monthly,1,Competitor
CUST04836,2023-04-19,Basic,26,40,India,26-35,Paid Ads,3,10,2,2026-06-30,Monthly,1,Payment Issues
CUST04837,2024-11-09,Basic,38,21,USA,26-35,Referral,5,10,0,2026-08-22,Monthly,0,Not Churned
CUST04838,2022-01-24,Standard,66,55,India,26-35,Social Media,3,11,2,2026-06-08,Monthly,0,Not Churned
CUST04839,2022-01-24,Basic,32,55,Australia,26-35,Organic,4,12,1,2026-06-21,Annual,0,Not Churned
CUST04840,2023-09-16,Basic,34,35,India,36-45,Paid Ads,4,12,0,2026-07-20,Monthly,0,Not Churned
CUST04841,2023-01-19,Premium,106,43,India,36-45,Organic,2,10,0,2026-06-19,Annual,0,Not Churned
CUST04842,2025-09-05,Premium,106,11,India,26-35,Organic,1,22,0,2026-08-31,Monthly,0,Not Churned
CUST04843,2026-06-02,Basic,34,2,Germany,18-25,Paid Ads,2,8,0,2026-07-03,Monthly,0,Not Churned
CUST04844,2025-05-08,Basic,31,15,UK,36-45,Referral,4,9,1,2026-06-14,Monthly,0,Not Churned
CUST04845,2025-05-08,Basic,26,15,Australia,26-35,Organic,5,15,0,2026-08-27,Annual,0,Not Churned
CUST04846,2026-03-04,Basic,33,5,Germany,18-25,Paid Ads,2,10,0,2026-08-13,Monthly,0,Not Churned
CUST04847,2022-04-24,Premium,98,52,USA,36-45,Organic,1,9,0,2026-06-25,Monthly,0,Not Churned
CUST04848,2023-04-19,Basic,26,40,India,26-35,Partner,4,11,0,2026-06-29,Annual,0,Not Churned
CUST04849,2025-04-08,Standard,58,16,India,18-25,Referral,2,8,0,2026-08-04,Annual,0,Not Churned
CUST04850,2022-12-20,Basic,32,44,India,26-35,Social Media,1,10,1,2026-07-26,Monthly,0,Not Churned
CUST04851,2022-10-21,Premium,108,46,UK,36-45,Organic,4,12,1,2026-08-23,Monthly,0,Not Churned
CUST04852,2024-11-09,Basic,35,21,India,36-45,Social Media,2,7,0,2026-08-05,Monthly,1,Pricing
CUST04853,2022-11-20,Standard,57,45,India,26-35,Paid Ads,3,18,2,2026-08-28,Monthly,1,Payment Issues
CUST04854,2025-11-04,Basic,29,9,UK,26-35,Organic,2,12,1,2026-08-04,Annual,0,Not Churned
CUST04855,2026-01-03,Standard,56,7,UK,36-45,Social Media,3,9,1,2026-06-16,Monthly,0,Not Churned
CUST04856,2024-05-13,Basic,26,27,UK,46-55,Social Media,4,10,1,2026-06-24,Monthly,0,Not Churned
CUST04857,2025-03-09,Basic,28,17,USA,36-45,Partner,2,11,0,2026-08-10,Annual,0,Not Churned
CUST04858,2026-06-02,Premium,101,2,Canada,46-55,Social Media,2,15,0,2026-08-14,Monthly,0,Not Churned
CUST04859,2023-04-19,Premium,107,40,USA,36-45,Organic,2,8,0,2026-06-05,Monthly,0,Not Churned
CUST04860,2024-06-12,Premium,101,26,India,36-45,Paid Ads,1,12,0,2026-08-19,Monthly,0,Not Churned
CUST04861,2022-11-20,Standard,56,45,Canada,46-55,Paid Ads,2,16,0,2026-06-29,Annual,0,Not Churned
CUST04862,2025-12-04,Premium,101,8,Germany,36-45,Organic,4,10,2,2026-06-25,Monthly,0,Not Churned
CUST04863,2022-06-23,Basic,36,50,India,46-55,Social Media,6,16,0,2026-08-29,Monthly,0,Not Churned
CUST04864,2022-11-20,Basic,34,45,USA,26-35,Paid Ads,3,10,0,2026-06-18,Monthly,1,Pricing
CUST04865,2022-01-24,Basic,36,55,USA,46-55,Partner,0,13,1,2026-07-17,Monthly,0,Not Churned
CUST04866,2023-04-19,Standard,61,40,India,36-45,Referral,1,14,1,2026-06-14,Monthly,0,Not Churned
CUST04867,2025-04-08,Basic,26,16,Australia,46-55,Paid Ads,3,10,1,2026-08-12,Monthly,0,Not Churned
CUST04868,2024-12-09,Basic,33,20,India,18-25,Organic,3,8,0,2026-08-21,Monthly,0,Not Churned
CUST04869,2023-12-15,Standard,68,32,Canada,36-45,Organic,2,13,1,2026-08-23,Annual,0,Not Churned
CUST04870,2023-12-15,Premium,106,32,UK,46-55,Social Media,2,19,1,2026-07-29,Monthly,0,Not Churned
CUST04871,2023-09-16,Basic,38,35,USA,26-35,Partner,5,13,1,2026-06-26,Annual,0,Not Churned
CUST04872,2025-05-08,Basic,33,15,India,36-45,Paid Ads,3,15,0,2026-08-24,Monthly,0,Not Churned
CUST04873,2023-02-18,Basic,25,42,India,46-55,Social Media,4,12,1,2026-06-16,Annual,0,Not Churned
CUST04874,2021-11-25,Basic,33,57,India,26-35,Referral,3,17,1,2026-07-25,Monthly,0,Not Churned
CUST04875,2022-06-23,Basic,25,50,India,26-35,Partner,4,9,1,2026-06-15,Monthly,0,Not Churned
CUST04876,2023-12-15,Standard,62,32,India,36-45,Organic,2,13,0,2026-07-28,Annual,0,Not Churned
CUST04877,2024-02-13,Standard,60,30,Australia,36-45,Paid Ads,5,13,0,2026-07-29,Annual,0,Not Churned
CUST04878,2025-01-08,Standard,59,19,USA,18-25,Paid Ads,4,15,0,2026-08-27,Monthly,0,Not Churned
CUST04879,2024-08-11,Basic,30,24,Canada,18-25,Paid Ads,3,11,0,2026-06-15,Monthly,0,Not Churned
CUST04880,2026-06-02,Premium,101,2,USA,18-25,Organic,5,13,0,2026-06-20,Annual,1,Competitor
CUST04881,2024-11-09,Basic,35,21,Canada,26-35,Paid Ads,2,12,0,2026-08-12,Monthly,0,Not Churned
CUST04882,2023-02-18,Standard,54,42,Germany,26-35,Referral,5,7,0,2026-06-28,Annual,1,Competitor
CUST04883,2021-08-27,Premium,101,60,India,36-45,Organic,4,15,1,2026-08-12,Annual,0,Not Churned
CUST04884,2025-04-08,Basic,26,16,Australia,36-45,Referral,7,13,0,2026-08-03,Monthly,1,Poor Support Experience
CUST04885,2023-04-19,Basic,26,40,UK,36-45,Referral,2,10,1,2026-07-18,Annual,0,Not Churned
CUST04886,2023-05-19,Premium,99,39,Canada,18-25,Social Media,4,13,1,2026-08-17,Monthly,0,Not Churned
CUST04887,2023-08-17,Basic,27,36,UK,26-35,Paid Ads,3,11,0,2026-06-15,Annual,0,Not Churned
CUST04888,2021-10-26,Standard,57,58,USA,26-35,Organic,3,14,2,2026-08-17,Monthly,0,Not Churned
CUST04889,2023-03-20,Basic,27,41,India,46-55,Paid Ads,4,17,0,2026-06-21,Monthly,0,Not Churned
CUST04890,2026-06-02,Standard,63,2,India,36-45,Organic,4,13,0,2026-08-24,Annual,1,Competitor
CUST04891,2025-04-08,Basic,32,16,USA,46-55,Referral,5,13,1,2026-07-16,Monthly,0,Not Churned
CUST04892,2024-03-14,Basic,31,29,Germany,18-25,Organic,3,8,0,2026-06-13,Annual,0,Not Churned
CUST04893,2026-01-03,Standard,56,7,Canada,36-45,Paid Ads,1,10,0,2026-06-20,Monthly,0,Not Churned
CUST04894,2022-01-24,Basic,24,55,India,36-45,Organic,3,10,0,2026-07-06,Monthly,0,Not Churned
CUST04895,2025-05-08,Basic,24,15,Australia,46-55,Organic,4,10,3,2026-06-28,Monthly,0,Not Churned
CUST04896,2024-09-10,Basic,24,23,Canada,36-45,Partner,2,15,2,2026-08-02,Annual,0,Not Churned
CUST04897,2022-01-24,Basic,27,55,India,36-45,Partner,3,15,0,2026-07-26,Monthly,0,Not Churned
CUST04898,2026-03-04,Basic,37,5,India,18-25,Referral,4,9,0,2026-06-30,Annual,0,Not Churned
CUST04899,2026-07-02,Basic,29,1,India,36-45,Organic,4,7,0,2026-06-29,Monthly,0,Not Churned
CUST04900,2022-04-24,Premium,97,52,Australia,26-35,Partner,2,6,1,2026-06-09,Monthly,0,Not Churned
CUST04901,2026-03-04,Basic,34,5,Australia,18-25,Partner,6,8,0,2026-06-04,Annual,0,Not Churned
CUST04902,2025-07-07,Standard,64,13,India,18-25,Social Media,5,13,2,2026-08-29,Monthly,1,Payment Issues
CUST04903,2024-06-12,Basic,26,26,India,56+,Paid Ads,4,21,1,2026-07-29,Monthly,0,Not Churned
CUST04904,2022-04-24,Basic,31,52,Canada,26-35,Organic,2,7,0,2026-06-22,Annual,0,Not Churned
CUST04905,2025-07-07,Premium,107,13,Germany,46-55,Organic,3,12,1,2026-06-03,Monthly,0,Not Churned
CUST04906,2023-12-15,Basic,31,32,Canada,56+,Social Media,3,9,0,2026-08-29,Annual,0,Not Churned
CUST04907,2022-01-24,Premium,99,55,UK,46-55,Social Media,5,9,2,2026-08-12,Annual,1,Payment Issues
CUST04908,2024-03-14,Basic,32,29,India,46-55,Paid Ads,3,17,1,2026-06-13,Monthly,1,Pricing
CUST04909,2025-02-07,Standard,65,18,USA,46-55,Paid Ads,0,12,0,2026-08-23,Annual,0,Not Churned
CUST04910,2026-06-02,Standard,63,2,India,26-35,Referral,1,13,0,2026-06-20,Monthly,1,Competitor
CUST04911,2024-05-13,Premium,94,27,Canada,26-35,Social Media,4,7,0,2026-07-24,Annual,0,Not Churned
CUST04912,2022-06-23,Standard,66,50,USA,36-45,Referral,2,8,0,2026-07-26,Monthly,0,Not Churned
CUST04913,2023-02-18,Standard,61,42,Australia,26-35,Referral,5,12,1,2026-06-15,Annual,0,Not Churned
CUST04914,2026-05-03,Basic,29,3,USA,18-25,Organic,4,6,0,2026-06-26,Annual,0,Not Churned
CUST04915,2022-03-25,Basic,24,53,Australia,36-45,Organic,6,12,1,2026-08-07,Monthly,0,Not Churned
CUST04916,2024-02-13,Premium,97,30,India,36-45,Referral,2,11,1,2026-06-29,Monthly,0,Not Churned
CUST04917,2025-10-05,Basic,28,10,USA,46-55,Social Media,2,18,1,2026-08-27,Monthly,0,Not Churned
CUST04918,2025-11-04,Basic,30,9,UK,36-45,Organic,5,12,0,2026-07-28,Annual,0,Not Churned
CUST04919,2026-05-03,Standard,61,3,India,36-45,Organic,4,11,0,2026-06-05,Annual,0,Not Churned
CUST04920,2024-10-10,Basic,32,22,Germany,26-35,Referral,5,8,0,2026-06-11,Monthly,0,Not Churned
CUST04921,2023-06-18,Premium,105,38,USA,26-35,Paid Ads,2,11,2,2026-06-08,Annual,0,Not Churned
CUST04922,2025-09-05,Standard,65,11,USA,56+,Referral,1,13,0,2026-06-08,Monthly,1,Competitor
CUST04923,2026-02-02,Standard,59,6,Australia,18-25,Referral,5,16,0,2026-08-15,Monthly,0,Not Churned
CUST04924,2026-03-04,Premium,103,5,Australia,26-35,Social Media,6,16,0,2026-08-22,Monthly,0,Not Churned
CUST04925,2024-02-13,Basic,32,30,USA,36-45,Social Media,2,11,0,2026-06-26,Monthly,0,Not Churned
CUST04926,2025-06-07,Basic,27,14,Germany,26-35,Organic,3,8,2,2026-08-29,Monthly,1,Payment Issues
CUST04927,2026-06-02,Standard,61,2,India,26-35,Paid Ads,2,22,2,2026-07-10,Annual,0,Not Churned
CUST04928,2023-11-15,Basic,26,33,India,26-35,Organic,2,13,0,2026-07-08,Monthly,0,Not Churned
CUST04929,2023-07-18,Standard,57,37,USA,26-35,Social Media,1,13,0,2026-06-25,Monthly,0,Not Churned
CUST04930,2025-12-04,Premium,103,8,USA,26-35,Social Media,8,15,1,2026-08-07,Monthly,0,Not Churned
CUST04931,2025-10-05,Standard,57,10,USA,46-55,Organic,4,12,0,2026-07-05,Annual,0,Not Churned
CUST04932,2024-11-09,Basic,29,21,India,36-45,Organic,0,14,0,2026-07-20,Annual,0,Not Churned
CUST04933,2025-01-08,Premium,108,19,USA,26-35,Organic,3,12,1,2026-07-05,Monthly,0,Not Churned
CUST04934,2023-09-16,Standard,62,35,Australia,26-35,Referral,6,16,0,2026-08-13,Annual,0,Not Churned
CUST04935,2025-02-07,Standard,59,18,USA,18-25,Organic,4,16,0,2026-06-26,Monthly,0,Not Churned
CUST04936,2026-01-03,Basic,24,7,Germany,46-55,Referral,5,12,0,2026-06-10,Monthly,0,Not Churned
CUST04937,2025-07-07,Premium,98,13,Canada,26-35,Referral,3,9,1,2026-08-01,Annual,0,Not Churned
CUST04938,2022-10-21,Standard,62,46,India,56+,Referral,2,11,1,2026-06-26,Monthly,1,Competitor
CUST04939,2022-06-23,Standard,58,50,India,26-35,Social Media,6,14,0,2026-08-24,Annual,0,Not Churned
CUST04940,2022-02-23,Premium,99,54,India,46-55,Paid Ads,5,9,1,2026-07-29,Annual,1,Competitor
CUST04941,2025-08-06,Basic,26,12,Australia,26-35,Partner,3,9,0,2026-06-29,Monthly,0,Not Churned
CUST04942,2023-04-19,Standard,61,40,India,18-25,Organic,2,12,0,2026-07-22,Annual,0,Not Churned
CUST04943,2024-08-11,Premium,103,24,India,18-25,Organic,5,15,0,2026-06-21,Monthly,0,Not Churned
CUST04944,2025-02-07,Basic,34,18,Australia,36-45,Paid Ads,4,13,0,2026-06-29,Monthly,0,Not Churned
CUST04945,2023-06-18,Standard,66,38,UK,26-35,Referral,0,17,0,2026-08-05,Annual,0,Not Churned
CUST04946,2025-08-06,Premium,97,12,India,26-35,Organic,2,10,0,2026-08-11,Annual,0,Not Churned
CUST04947,2026-05-03,Standard,57,3,India,46-55,Referral,7,12,1,2026-07-23,Monthly,0,Not Churned
CUST04948,2024-07-12,Standard,64,25,Australia,26-35,Paid Ads,2,19,1,2026-08-21,Annual,0,Not Churned
CUST04949,2023-09-16,Premium,105,35,Australia,26-35,Social Media,2,11,0,2026-06-29,Monthly,0,Not Churned
CUST04950,2025-04-08,Premium,98,16,India,46-55,Paid Ads,7,16,0,2026-06-17,Monthly,1,Poor Support Experience
CUST04951,2022-07-23,Basic,37,49,USA,26-35,Referral,3,7,0,2026-07-11,Annual,1,Pricing
CUST04952,2022-08-22,Basic,33,48,Australia,46-55,Partner,4,19,0,2026-07-26,Monthly,0,Not Churned
CUST04953,2022-11-20,Standard,68,45,Canada,26-35,Social Media,5,13,0,2026-06-04,Annual,0,Not Churned
CUST04954,2021-11-25,Standard,62,57,Canada,26-35,Paid Ads,1,10,0,2026-06-10,Annual,0,Not Churned
CUST04955,2025-07-07,Standard,66,13,USA,26-35,Paid Ads,6,16,0,2026-07-14,Annual,0,Not Churned
CUST04956,2024-08-11,Standard,61,24,Australia,46-55,Referral,2,12,0,2026-08-01,Monthly,0,Not Churned
CUST04957,2025-08-06,Basic,30,12,India,46-55,Organic,6,10,1,2026-07-06,Annual,0,Not Churned
CUST04958,2026-06-02,Standard,58,2,India,56+,Organic,3,9,0,2026-07-26,Annual,0,Not Churned
CUST04959,2024-06-12,Basic,32,26,UK,26-35,Paid Ads,2,15,0,2026-06-28,Monthly,0,Not Churned
CUST04960,2022-10-21,Standard,62,46,USA,46-55,Social Media,8,7,0,2026-07-08,Annual,0,Not Churned
CUST04961,2025-10-05,Standard,63,10,Australia,26-35,Organic,2,11,1,2026-07-31,Monthly,0,Not Churned
CUST04962,2025-01-08,Basic,33,19,India,26-35,Organic,2,9,0,2026-06-11,Monthly,0,Not Churned
CUST04963,2022-01-24,Basic,25,55,Australia,46-55,Organic,5,15,0,2026-07-08,Monthly,1,Pricing
CUST04964,2024-10-10,Standard,57,22,India,26-35,Referral,1,10,0,2026-06-16,Annual,0,Not Churned
CUST04965,2024-08-11,Standard,61,24,UK,26-35,Referral,2,20,0,2026-08-25,Monthly,0,Not Churned
CUST04966,2024-06-12,Basic,36,26,India,26-35,Referral,1,11,2,2026-07-25,Monthly,0,Not Churned
CUST04967,2026-03-04,Premium,107,5,UK,36-45,Paid Ads,2,11,0,2026-08-17,Monthly,0,Not Churned
CUST04968,2025-04-08,Standard,54,16,UK,26-35,Partner,5,15,0,2026-08-01,Monthly,1,Competitor
CUST04969,2023-07-18,Premium,106,37,USA,26-35,Paid Ads,5,10,0,2026-08-13,Monthly,0,Not Churned
CUST04970,2023-10-16,Standard,68,34,India,56+,Paid Ads,2,15,0,2026-07-17,Annual,0,Not Churned
CUST04971,2023-06-18,Standard,58,38,USA,26-35,Partner,1,11,0,2026-07-21,Monthly,0,Not Churned
CUST04972,2024-04-13,Premium,101,28,Australia,26-35,Partner,1,8,3,2026-06-18,Annual,0,Not Churned
CUST04973,2025-08-06,Standard,55,12,India,36-45,Referral,3,19,0,2026-08-11,Monthly,0,Not Churned
CUST04974,2021-09-26,Standard,55,59,India,46-55,Partner,2,10,1,2026-07-19,Monthly,0,Not Churned
CUST04975,2022-11-20,Basic,36,45,India,18-25,Paid Ads,4,14,0,2026-08-23,Annual,0,Not Churned
CUST04976,2022-11-20,Standard,61,45,Germany,36-45,Paid Ads,2,13,1,2026-08-01,Monthly,0,Not Churned
CUST04977,2021-09-26,Basic,33,59,USA,18-25,Paid Ads,4,14,1,2026-08-15,Monthly,0,Not Churned
CUST04978,2024-11-09,Basic,35,21,India,36-45,Referral,1,12,1,2026-08-25,Annual,0,Not Churned
CUST04979,2023-12-15,Basic,32,32,Canada,26-35,Referral,4,12,0,2026-07-01,Monthly,0,Not Churned
CUST04980,2024-07-12,Basic,30,25,UK,26-35,Paid Ads,5,13,0,2026-06-05,Monthly,0,Not Churned
CUST04981,2025-06-07,Premium,101,14,India,26-35,Social Media,7,14,0,2026-08-12,Monthly,0,Not Churned
CUST04982,2022-05-24,Basic,28,51,Germany,46-55,Paid Ads,3,15,0,2026-08-14,Monthly,0,Not Churned
CUST04983,2022-09-21,Standard,54,47,UK,36-45,Organic,0,7,0,2026-08-08,Monthly,1,Competitor
CUST04984,2022-03-25,Premium,97,53,USA,46-55,Organic,4,8,0,2026-06-12,Annual,0,Not Churned
CUST04985,2023-09-16,Standard,68,35,USA,36-45,Partner,5,9,0,2026-08-23,Monthly,0,Not Churned
CUST04986,2025-11-04,Basic,25,9,Australia,18-25,Social Media,4,5,0,2026-07-25,Monthly,0,Not Churned
CUST04987,2021-11-25,Standard,56,57,India,26-35,Referral,4,13,0,2026-07-01,Annual,0,Not Churned
CUST04988,2024-02-13,Standard,65,30,India,46-55,Social Media,3,12,0,2026-07-31,Monthly,0,Not Churned
CUST04989,2023-02-18,Standard,56,42,India,36-45,Social Media,5,12,0,2026-08-27,Monthly,0,Not Churned
CUST04990,2024-03-14,Standard,62,29,Canada,56+,Partner,4,20,0,2026-08-24,Monthly,0,Not Churned
CUST04991,2023-05-19,Premium,106,39,USA,26-35,Paid Ads,2,14,0,2026-06-30,Monthly,1,Competitor
CUST04992,2024-01-14,Standard,68,31,UK,26-35,Referral,0,15,0,2026-07-24,Monthly,1,Competitor
CUST04993,2025-06-07,Basic,33,14,India,26-35,Organic,4,14,1,2026-07-08,Monthly,0,Not Churned
CUST04994,2025-03-09,Standard,68,17,UK,26-35,Partner,1,11,0,2026-07-20,Annual,0,Not Churned
CUST04995,2024-07-12,Basic,27,25,Canada,26-35,Partner,1,13,1,2026-06-29,Monthly,0,Not Churned
CUST04996,2022-10-21,Premium,95,46,USA,26-35,Social Media,2,8,1,2026-08-10,Annual,0,Not Churned
CUST04997,2021-11-25,Basic,26,57,Canada,36-45,Paid Ads,3,11,0,2026-08-04,Monthly,0,Not Churned
CUST04998,2023-02-18,Basic,26,42,India,26-35,Paid Ads,2,12,0,2026-06-26,Monthly,0,Not Churned
CUST04999,2023-07-18,Premium,107,37,Canada,18-25,Paid Ads,5,5,0,2026-07-16,Monthly,0,Not Churned
CUST05000,2024-05-13,Standard,60,27,India,36-45,Organic,2,15,1,2026-07-04,Monthly,0,Not Churned
CUST05001,2025-02-07,Basic,31,18,USA,26-35,Paid Ads,3,7,0,2026-08-13,Monthly,0,Not Churned
CUST05002,2024-03-14,Standard,66,29,Germany,36-45,Organic,1,11,1,2026-08-20,Annual,0,Not Churned
CUST05003,2022-07-23,Premium,104,49,Germany,26-35,Partner,5,11,0,2026-07-27,Annual,0,Not Churned
CUST05004,2025-02-07,Basic,36,18,India,46-55,Paid Ads,4,11,0,2026-06-21,Monthly,0,Not Churned
CUST05005,2026-04-03,Premium,99,4,USA,36-45,Partner,5,10,0,2026-08-29,Monthly,0,Not Churned
CUST05006,2024-12-09,Basic,27,20,India,46-55,Referral,3,13,1,2026-06-24,Monthly,0,Not Churned
CUST05007,2026-07-02,Standard,59,1,Australia,36-45,Organic,3,6,1,2026-06-07,Annual,0,Not Churned
CUST05008,2022-11-20,Premium,106,45,USA,26-35,Organic,3,8,1,2026-07-02,Monthly,1,Competitor
CUST05009,2024-08-11,Basic,34,24,USA,26-35,Partner,2,8,1,2026-07-10,Monthly,1,Pricing
CUST05010,2023-02-18,Standard,54,42,India,36-45,Social Media,3,8,0,2026-07-03,Monthly,0,Not Churned
CUST05011,2021-08-27,Basic,36,60,Germany,36-45,Organic,3,5,0,2026-07-02,Monthly,0,Not Churned
CUST05012,2022-09-21,Standard,63,47,USA,36-45,Organic,5,15,1,2026-08-21,Monthly,0,Not Churned
CUST05013,2024-08-11,Standard,61,24,India,26-35,Referral,5,9,1,2026-08-18,Annual,0,Not Churned
CUST05014,2021-12-25,Standard,54,56,USA,36-45,Paid Ads,4,8,0,2026-07-21,Monthly,0,Not Churned
CUST05015,2026-03-04,Basic,38,5,India,36-45,Organic,1,7,2,2026-07-09,Monthly,0,Not Churned
CUST05016,2024-06-12,Basic,28,26,UK,36-45,Referral,1,8,0,2026-08-17,Annual,0,Not Churned
CUST05017,2025-02-07,Basic,25,18,Germany,26-35,Referral,2,20,1,2026-07-03,Monthly,0,Not Churned
CUST05018,2023-08-17,Basic,38,36,Australia,56+,Paid Ads,3,14,0,2026-06-11,Annual,0,Not Churned
CUST05019,2026-07-02,Standard,59,1,USA,26-35,Partner,4,10,1,2026-06-07,Monthly,0,Not Churned
CUST05020,2025-10-05,Premium,102,10,Australia,18-25,Referral,1,10,0,2026-08-31,Monthly,1,Competitor
CUST05021,2025-03-09,Standard,58,17,USA,46-55,Social Media,6,9,1,2026-08-06,Monthly,0,Not Churned
CUST05022,2021-08-27,Standard,57,60,India,26-35,Organic,2,17,1,2026-06-03,Monthly,0,Not Churned
CUST05023,2021-10-26,Premium,107,58,Germany,36-45,Organic,1,13,1,2026-06-26,Monthly,0,Not Churned
CUST05024,2023-09-16,Standard,55,35,India,26-35,Organic,1,13,1,2026-07-14,Monthly,0,Not Churned
CUST05025,2026-04-03,Premium,105,4,India,18-25,Paid Ads,5,17,0,2026-07-11,Monthly,0,Not Churned
CUST05026,2022-12-20,Standard,56,44,Germany,26-35,Partner,1,18,2,2026-07-08,Annual,0,Not Churned
CUST05027,2024-05-13,Basic,29,27,India,26-35,Partner,1,13,1,2026-06-11,Monthly,0,Not Churned
CUST05028,2021-08-27,Basic,31,60,Canada,18-25,Social Media,2,20,1,2026-08-20,Monthly,0,Not Churned
CUST05029,2025-09-05,Standard,67,11,Germany,26-35,Paid Ads,0,12,0,2026-06-30,Monthly,0,Not Churned
CUST05030,2026-05-03,Basic,31,3,USA,36-45,Social Media,3,10,0,2026-08-09,Annual,0,Not Churned
CUST05031,2024-04-13,Basic,28,28,India,36-45,Referral,5,10,1,2026-08-16,Monthly,0,Not Churned
CUST05032,2025-09-05,Standard,58,11,USA,46-55,Organic,2,12,0,2026-08-13,Monthly,0,Not Churned
CUST05033,2026-05-03,Standard,63,3,India,46-55,Paid Ads,3,12,2,2026-08-19,Monthly,1,Payment Issues
CUST05034,2021-12-25,Standard,67,56,USA,26-35,Referral,6,9,0,2026-06-16,Annual,0,Not Churned
CUST05035,2023-08-17,Basic,36,36,Canada,46-55,Organic,0,12,2,2026-07-14,Annual,0,Not Churned
CUST05036,2026-05-03,Basic,26,3,USA,36-45,Organic,3,8,1,2026-08-21,Monthly,0,Not Churned
CUST05037,2024-07-12,Standard,68,25,USA,26-35,Organic,0,12,0,2026-08-29,Annual,0,Not Churned
CUST05038,2025-08-06,Premium,100,12,USA,36-45,Referral,4,10,0,2026-07-21,Monthly,1,Competitor
CUST05039,2025-08-06,Standard,68,12,USA,26-35,Organic,2,9,0,2026-08-16,Monthly,1,Competitor
CUST05040,2022-07-23,Premium,106,49,Australia,36-45,Referral,5,11,0,2026-07-31,Annual,0,Not Churned
CUST05041,2021-12-25,Standard,59,56,India,26-35,Paid Ads,6,10,0,2026-06-29,Monthly,1,Competitor
CUST05042,2022-03-25,Standard,68,53,Australia,18-25,Paid Ads,3,9,0,2026-08-01,Monthly,0,Not Churned
CUST05043,2023-12-15,Basic,24,32,USA,18-25,Social Media,4,15,0,2026-06-12,Monthly,1,Pricing
CUST05044,2023-04-19,Standard,57,40,India,26-35,Paid Ads,2,14,1,2026-08-03,Annual,0,Not Churned
CUST05045,2025-10-05,Standard,59,10,India,46-55,Paid Ads,4,9,1,2026-08-02,Monthly,1,Competitor
CUST05046,2022-08-22,Standard,64,48,USA,56+,Social Media,1,13,2,2026-08-09,Monthly,1,Payment Issues
CUST05047,2025-01-08,Standard,59,19,UK,26-35,Paid Ads,4,11,0,2026-08-12,Monthly,1,Competitor
CUST05048,2022-09-21,Standard,64,47,India,26-35,Social Media,3,11,1,2026-08-12,Monthly,0,Not Churned
CUST05049,2022-02-23,Basic,37,54,Germany,26-35,Paid Ads,5,6,0,2026-06-28,Monthly,0,Not Churned
CUST05050,2023-01-19,Standard,68,43,USA,46-55,Organic,1,4,2,2026-08-16,Annual,0,Not Churned
CUST05051,2026-01-03,Basic,35,7,Germany,26-35,Referral,6,10,0,2026-08-07,Monthly,0,Not Churned
CUST05052,2024-08-11,Premium,105,24,India,46-55,Organic,7,12,0,2026-07-26,Monthly,1,Poor Support Experience
CUST05053,2023-05-19,Basic,26,39,India,36-45,Organic,5,8,0,2026-07-10,Annual,0,Not Churned
CUST05054,2023-12-15,Basic,29,32,India,46-55,Organic,3,15,0,2026-07-29,Monthly,0,Not Churned
CUST05055,2024-09-10,Standard,65,23,India,36-45,Organic,4,15,0,2026-06-20,Monthly,0,Not Churned
CUST05056,2022-06-23,Standard,63,50,Australia,36-45,Referral,2,8,1,2026-07-31,Monthly,0,Not Churned
CUST05057,2025-01-08,Standard,59,19,India,36-45,Social Media,5,20,0,2026-08-18,Annual,0,Not Churned
CUST05058,2022-08-22,Basic,35,48,USA,46-55,Social Media,0,15,0,2026-08-28,Monthly,0,Not Churned
CUST05059,2022-02-23,Standard,62,54,India,46-55,Organic,5,11,0,2026-07-01,Monthly,1,Competitor
CUST05060,2026-05-03,Basic,32,3,USA,36-45,Referral,4,15,0,2026-08-12,Monthly,0,Not Churned
CUST05061,2024-07-12,Premium,95,25,Australia,36-45,Organic,1,13,0,2026-08-14,Monthly,0,Not Churned
CUST05062,2024-07-12,Premium,97,25,UK,46-55,Referral,3,10,0,2026-08-11,Monthly,0,Not Churned
CUST05063,2026-02-02,Standard,62,6,Canada,46-55,Social Media,1,13,0,2026-07-17,Annual,0,Not Churned
CUST05064,2023-11-15,Basic,38,33,India,36-45,Organic,2,12,0,2026-06-07,Monthly,0,Not Churned
CUST05065,2023-11-15,Standard,67,33,Germany,18-25,Partner,3,15,2,2026-07-13,Monthly,0,Not Churned
CUST05066,2025-05-08,Basic,36,15,UK,18-25,Social Media,1,12,1,2026-07-31,Annual,0,Not Churned
CUST05067,2024-12-09,Standard,57,20,USA,46-55,Social Media,5,10,1,2026-08-28,Monthly,0,Not Churned
CUST05068,2023-01-19,Basic,31,43,USA,18-25,Referral,3,12,1,2026-07-26,Annual,0,Not Churned
CUST05069,2023-02-18,Premium,103,42,Australia,26-35,Social Media,2,17,0,2026-08-06,Monthly,0,Not Churned
CUST05070,2023-12-15,Basic,35,32,USA,26-35,Partner,3,10,0,2026-06-13,Monthly,0,Not Churned
CUST05071,2024-08-11,Standard,56,24,UK,36-45,Social Media,3,17,0,2026-07-28,Monthly,0,Not Churned
CUST05072,2026-05-03,Standard,56,3,USA,36-45,Paid Ads,3,11,0,2026-08-16,Monthly,0,Not Churned
CUST05073,2026-04-03,Standard,62,4,India,26-35,Referral,3,10,1,2026-08-15,Monthly,0,Not Churned
CUST05074,2022-12-20,Basic,34,44,Canada,26-35,Paid Ads,4,11,0,2026-08-23,Monthly,0,Not Churned
CUST05075,2021-09-26,Premium,103,59,UK,36-45,Partner,2,8,1,2026-06-14,Monthly,0,Not Churned
CUST05076,2026-02-02,Standard,61,6,USA,46-55,Partner,4,9,0,2026-07-10,Monthly,0,Not Churned
CUST05077,2021-09-26,Standard,54,59,UK,18-25,Referral,7,18,1,2026-06-29,Monthly,0,Not Churned
CUST05078,2021-11-25,Basic,33,57,India,18-25,Social Media,5,13,1,2026-08-04,Monthly,0,Not Churned
CUST05079,2022-04-24,Standard,67,52,Canada,36-45,Partner,4,14,0,2026-06-07,Monthly,0,Not Churned
CUST05080,2025-01-08,Standard,55,19,Germany,46-55,Organic,0,13,0,2026-08-02,Monthly,0,Not Churned
CUST05081,2021-10-26,Basic,26,58,Australia,36-45,Referral,5,9,1,2026-06-19,Monthly,0,Not Churned
CUST05082,2024-06-12,Basic,37,26,India,36-45,Paid Ads,3,15,1,2026-07-05,Monthly,0,Not Churned
CUST05083,2022-08-22,Premium,104,48,USA,46-55,Social Media,6,8,2,2026-08-12,Monthly,0,Not Churned
CUST05084,2024-07-12,Basic,25,25,Canada,26-35,Paid Ads,5,11,1,2026-06-27,Monthly,0,Not Churned
CUST05085,2022-01-24,Basic,26,55,USA,18-25,Referral,1,15,1,2026-08-26,Monthly,0,Not Churned
CUST05086,2024-07-12,Standard,61,25,USA,36-45,Paid Ads,6,9,1,2026-07-07,Annual,0,Not Churned
CUST05087,2021-09-26,Standard,64,59,Germany,46-55,Organic,2,12,1,2026-07-08,Annual,0,Not Churned
CUST05088,2025-10-05,Basic,34,10,USA,36-45,Organic,4,13,0,2026-07-22,Monthly,0,Not Churned
CUST05089,2023-06-18,Standard,65,38,USA,56+,Organic,1,9,2,2026-08-29,Monthly,0,Not Churned
CUST05090,2024-12-09,Basic,37,20,India,36-45,Organic,6,13,1,2026-07-03,Monthly,1,Pricing
CUST05091,2026-03-04,Basic,29,5,India,36-45,Paid Ads,4,13,2,2026-07-20,Monthly,0,Not Churned
CUST05092,2023-02-18,Basic,38,42,India,18-25,Referral,3,16,1,2026-07-28,Annual,0,Not Churned
CUST05093,2022-12-20,Premium,107,44,Australia,18-25,Organic,5,11,1,2026-06-30,Monthly,0,Not Churned
CUST05094,2022-06-23,Basic,30,50,USA,36-45,Referral,1,9,1,2026-06-21,Annual,0,Not Churned
CUST05095,2023-09-16,Basic,33,35,USA,26-35,Referral,1,13,0,2026-07-29,Annual,0,Not Churned
CUST05096,2026-03-04,Standard,68,5,Australia,18-25,Organic,3,13,3,2026-06-24,Monthly,0,Not Churned
CUST05097,2023-09-16,Premium,108,35,UK,46-55,Paid Ads,4,10,0,2026-07-29,Monthly,0,Not Churned
CUST05098,2026-05-03,Basic,36,3,UK,46-55,Social Media,2,15,0,2026-07-09,Monthly,0,Not Churned
CUST05099,2023-03-20,Standard,63,41,India,26-35,Organic,1,16,1,2026-06-20,Monthly,1,Competitor
CUST05100,2023-12-15,Basic,29,32,Australia,36-45,Organic,5,11,0,2026-06-12,Monthly,0,Not Churned
CUST05101,2023-08-17,Standard,54,36,India,18-25,Partner,2,16,1,2026-06-28,Annual,0,Not Churned
CUST05102,2024-02-13,Standard,64,30,India,26-35,Referral,2,11,2,2026-07-26,Annual,1,Payment Issues
CUST05103,2022-04-24,Standard,56,52,India,36-45,Paid Ads,5,8,2,2026-07-02,Annual,0,Not Churned
CUST05104,2022-07-23,Basic,36,49,India,36-45,Referral,2,15,0,2026-08-05,Annual,0,Not Churned
CUST05105,2021-08-27,Basic,24,60,India,18-25,Social Media,4,17,1,2026-06-04,Monthly,0,Not Churned
CUST05106,2023-05-19,Basic,35,39,UK,26-35,Social Media,2,12,0,2026-06-06,Monthly,0,Not Churned
CUST05107,2024-03-14,Basic,38,29,India,26-35,Paid Ads,3,11,2,2026-06-23,Monthly,1,Payment Issues
CUST05108,2024-06-12,Basic,33,26,UK,56+,Paid Ads,2,9,1,2026-06-05,Monthly,0,Not Churned
CUST05109,2022-11-20,Standard,65,45,India,36-45,Referral,4,15,0,2026-08-21,Monthly,0,Not Churned
CUST05110,2024-07-12,Premium,102,25,India,26-35,Organic,3,13,1,2026-07-04,Monthly,0,Not Churned
CUST05111,2021-08-27,Premium,106,60,USA,18-25,Partner,3,7,0,2026-07-28,Monthly,1,Competitor
CUST05112,2021-12-25,Premium,102,56,Germany,36-45,Paid Ads,4,12,1,2026-08-15,Monthly,0,Not Churned
CUST05113,2025-08-06,Standard,58,12,Australia,36-45,Paid Ads,6,7,0,2026-08-18,Monthly,1,Competitor
CUST05114,2025-02-07,Standard,57,18,Germany,46-55,Partner,1,9,0,2026-08-10,Monthly,1,Competitor
CUST05115,2022-02-23,Basic,35,54,UK,26-35,Organic,4,13,0,2026-08-06,Monthly,0,Not Churned
CUST05116,2021-10-26,Standard,62,58,UK,56+,Organic,0,13,0,2026-06-30,Monthly,0,Not Churned
CUST05117,2024-06-12,Standard,62,26,UK,26-35,Referral,1,9,0,2026-07-13,Annual,0,Not Churned
CUST05118,2025-05-08,Standard,68,15,UK,26-35,Paid Ads,3,10,1,2026-07-12,Monthly,0,Not Churned
CUST05119,2026-03-04,Standard,56,5,India,26-35,Social Media,4,13,0,2026-07-17,Annual,0,Not Churned
CUST05120,2021-12-25,Basic,28,56,USA,36-45,Organic,3,9,0,2026-06-19,Monthly,0,Not Churned
CUST05121,2023-11-15,Basic,26,33,USA,46-55,Paid Ads,3,17,0,2026-06-16,Monthly,0,Not Churned
CUST05122,2023-03-20,Premium,103,41,USA,36-45,Organic,6,11,0,2026-07-03,Annual,0,Not Churned
CUST05123,2025-11-04,Basic,25,9,USA,36-45,Referral,2,16,0,2026-08-11,Annual,0,Not Churned
CUST05124,2023-12-15,Standard,54,32,India,26-35,Organic,5,9,0,2026-08-11,Monthly,0,Not Churned
CUST05125,2025-07-07,Premium,105,13,USA,18-25,Paid Ads,6,18,0,2026-07-15,Monthly,1,Competitor
CUST05126,2023-01-19,Standard,63,43,India,36-45,Social Media,5,13,0,2026-08-29,Annual,0,Not Churned
CUST05127,2024-04-13,Standard,55,28,Germany,36-45,Partner,1,15,1,2026-07-26,Monthly,0,Not Churned
CUST05128,2024-09-10,Basic,31,23,India,36-45,Referral,3,8,0,2026-08-25,Annual,0,Not Churned
CUST05129,2024-08-11,Basic,34,24,India,26-35,Paid Ads,3,12,0,2026-06-30,Annual,0,Not Churned
CUST05130,2023-03-20,Premium,101,41,Australia,18-25,Referral,3,15,0,2026-08-22,Monthly,0,Not Churned
CUST05131,2024-01-14,Standard,56,31,USA,26-35,Referral,2,9,2,2026-06-03,Annual,1,Payment Issues
CUST05132,2026-03-04,Standard,60,5,India,46-55,Social Media,2,8,1,2026-08-06,Monthly,0,Not Churned
CUST05133,2022-10-21,Basic,30,46,USA,36-45,Social Media,1,10,0,2026-07-02,Annual,0,Not Churned
CUST05134,2021-09-26,Basic,25,59,India,26-35,Partner,5,10,2,2026-08-23,Annual,0,Not Churned
CUST05135,2022-08-22,Premium,102,48,India,26-35,Social Media,6,13,2,2026-08-08,Monthly,0,Not Churned
CUST05136,2026-06-02,Basic,26,2,India,18-25,Organic,2,17,0,2026-07-20,Monthly,0,Not Churned
CUST05137,2022-09-21,Standard,55,47,USA,26-35,Referral,4,16,1,2026-06-23,Annual,0,Not Churned
CUST05138,2024-02-13,Basic,35,30,Canada,36-45,Social Media,4,23,0,2026-08-17,Monthly,0,Not Churned
CUST05139,2022-07-23,Standard,56,49,USA,56+,Social Media,4,18,1,2026-07-21,Monthly,1,Competitor
CUST05140,2026-03-04,Premium,95,5,UK,36-45,Partner,5,17,0,2026-06-23,Annual,0,Not Churned
CUST05141,2021-12-25,Standard,68,56,India,26-35,Paid Ads,0,18,0,2026-07-04,Monthly,0,Not Churned
CUST05142,2025-10-05,Basic,31,10,India,36-45,Referral,2,11,0,2026-08-04,Monthly,0,Not Churned
CUST05143,2022-09-21,Standard,58,47,Australia,36-45,Organic,3,7,1,2026-08-24,Monthly,0,Not Churned
CUST05144,2022-04-24,Standard,56,52,India,18-25,Referral,4,12,1,2026-08-31,Monthly,1,Competitor
CUST05145,2023-08-17,Standard,58,36,Australia,46-55,Paid Ads,2,11,0,2026-06-30,Annual,0,Not Churned
CUST05146,2023-08-17,Premium,104,36,USA,46-55,Partner,2,6,0,2026-07-08,Monthly,1,Competitor
CUST05147,2021-12-25,Standard,64,56,Australia,26-35,Partner,3,11,0,2026-07-11,Annual,0,Not Churned
CUST05148,2026-01-03,Premium,101,7,India,36-45,Social Media,3,8,1,2026-06-10,Monthly,1,Competitor
CUST05149,2024-03-14,Standard,60,29,India,36-45,Organic,4,9,0,2026-06-19,Annual,0,Not Churned
CUST05150,2023-12-15,Basic,29,32,Canada,36-45,Paid Ads,2,7,0,2026-07-26,Monthly,0,Not Churned
CUST05151,2024-05-13,Basic,37,27,Canada,18-25,Referral,5,10,2,2026-06-22,Monthly,0,Not Churned
CUST05152,2026-07-02,Basic,36,1,India,18-25,Organic,5,11,1,2026-07-31,Annual,0,Not Churned
CUST05153,2021-10-26,Premium,94,58,Germany,26-35,Organic,3,8,1,2026-07-26,Monthly,0,Not Churned
CUST05154,2022-02-23,Standard,63,54,India,36-45,Social Media,3,15,1,2026-07-03,Monthly,0,Not Churned
CUST05155,2024-12-09,Standard,54,20,India,26-35,Organic,3,11,2,2026-08-21,Monthly,0,Not Churned
CUST05156,2023-10-16,Basic,24,34,USA,36-45,Organic,3,11,1,2026-06-16,Annual,0,Not Churned
CUST05157,2022-05-24,Basic,37,51,Canada,36-45,Referral,1,14,0,2026-08-12,Monthly,1,Pricing
CUST05158,2023-08-17,Standard,63,36,Germany,26-35,Partner,3,9,0,2026-08-07,Monthly,1,Competitor
CUST05159,2024-06-12,Standard,67,26,USA,36-45,Social Media,3,15,1,2026-06-24,Monthly,0,Not Churned
CUST05160,2024-09-10,Basic,31,23,India,26-35,Partner,4,15,1,2026-08-04,Monthly,0,Not Churned
CUST05161,2023-11-15,Standard,61,33,UK,26-35,Social Media,0,12,0,2026-06-22,Monthly,0,Not Churned
CUST05162,2026-07-02,Basic,37,1,India,26-35,Paid Ads,1,5,1,2026-06-06,Annual,0,Not Churned
CUST05163,2026-05-03,Basic,30,3,USA,56+,Partner,4,16,1,2026-08-10,Annual,0,Not Churned
CUST05164,2022-06-23,Standard,59,50,USA,36-45,Paid Ads,3,6,0,2026-08-28,Annual,0,Not Churned
CUST05165,2023-09-16,Basic,27,35,India,18-25,Paid Ads,4,10,1,2026-06-06,Annual,0,Not Churned
CUST05166,2023-09-16,Premium,94,35,USA,56+,Paid Ads,1,13,1,2026-07-28,Annual,1,Competitor
CUST05167,2021-09-26,Basic,38,59,USA,36-45,Social Media,1,13,1,2026-08-13,Annual,0,Not Churned
CUST05168,2025-07-07,Basic,38,13,UK,18-25,Partner,1,7,0,2026-08-16,Annual,0,Not Churned
CUST05169,2023-11-15,Basic,32,33,UK,18-25,Paid Ads,2,12,0,2026-06-24,Annual,0,Not Churned
CUST05170,2025-07-07,Standard,68,13,India,26-35,Paid Ads,2,12,0,2026-07-21,Monthly,0,Not Churned
CUST05171,2024-10-10,Standard,54,22,India,36-45,Social Media,1,12,0,2026-08-23,Monthly,0,Not Churned
CUST05172,2021-12-25,Standard,57,56,India,36-45,Organic,3,12,0,2026-07-30,Monthly,0,Not Churned
CUST05173,2026-03-04,Basic,26,5,India,26-35,Social Media,2,13,0,2026-08-13,Monthly,0,Not Churned
CUST05174,2025-03-09,Basic,30,17,UK,26-35,Paid Ads,1,15,0,2026-07-25,Monthly,0,Not Churned
CUST05175,2023-01-19,Standard,58,43,Germany,26-35,Paid Ads,1,9,0,2026-07-29,Annual,0,Not Churned
CUST05176,2025-10-05,Premium,98,10,UK,18-25,Paid Ads,3,10,0,2026-06-10,Annual,0,Not Churned
CUST05177,2021-09-26,Premium,97,59,UK,36-45,Paid Ads,5,15,1,2026-06-21,Monthly,0,Not Churned
CUST05178,2022-01-24,Basic,24,55,USA,26-35,Social Media,1,9,0,2026-08-03,Monthly,0,Not Churned
CUST05179,2024-05-13,Standard,58,27,India,36-45,Partner,2,16,1,2026-06-23,Annual,0,Not Churned
CUST05180,2025-05-08,Premium,97,15,Australia,46-55,Paid Ads,1,14,0,2026-06-23,Monthly,0,Not Churned
CUST05181,2022-11-20,Basic,37,45,Germany,18-25,Social Media,3,10,0,2026-06-17,Monthly,1,Pricing
CUST05182,2023-02-18,Premium,103,42,USA,18-25,Referral,3,12,1,2026-06-19,Annual,0,Not Churned
CUST05183,2025-11-04,Basic,36,9,India,18-25,Paid Ads,6,20,1,2026-08-31,Monthly,0,Not Churned
CUST05184,2021-08-27,Premium,101,60,Canada,26-35,Referral,0,10,0,2026-06-18,Monthly,0,Not Churned
CUST05185,2026-01-03,Standard,55,7,India,36-45,Referral,3,13,0,2026-08-31,Monthly,0,Not Churned
CUST05186,2021-11-25,Premium,101,57,Canada,36-45,Organic,0,16,1,2026-07-09,Annual,0,Not Churned
CUST05187,2025-10-05,Standard,54,10,Canada,26-35,Paid Ads,2,5,1,2026-06-13,Annual,0,Not Churned
CUST05188,2023-03-20,Basic,36,41,India,26-35,Partner,6,8,0,2026-06-26,Monthly,1,Pricing
CUST05189,2025-07-07,Premium,97,13,Germany,26-35,Referral,4,15,0,2026-07-30,Annual,0,Not Churned
CUST05190,2025-04-08,Basic,26,16,Germany,26-35,Paid Ads,3,10,1,2026-06-09,Annual,0,Not Churned
CUST05191,2023-10-16,Basic,28,34,Germany,36-45,Organic,1,9,0,2026-08-16,Annual,1,Pricing
CUST05192,2025-12-04,Standard,66,8,USA,26-35,Organic,2,11,3,2026-06-13,Annual,0,Not Churned
CUST05193,2021-08-27,Standard,58,60,India,36-45,Paid Ads,4,8,1,2026-06-03,Annual,0,Not Churned
CUST05194,2024-01-14,Premium,98,31,USA,36-45,Organic,2,14,0,2026-07-05,Monthly,0,Not Churned
CUST05195,2022-01-24,Basic,35,55,USA,26-35,Organic,0,15,0,2026-07-04,Monthly,0,Not Churned
CUST05196,2024-04-13,Standard,57,28,India,36-45,Paid Ads,4,6,1,2026-07-02,Monthly,0,Not Churned
CUST05197,2026-01-03,Standard,61,7,USA,56+,Referral,4,16,1,2026-07-08,Monthly,0,Not Churned
CUST05198,2023-10-16,Basic,26,34,UK,18-25,Organic,2,10,0,2026-08-03,Annual,0,Not Churned
CUST05199,2023-11-15,Basic,35,33,India,26-35,Organic,4,11,0,2026-07-14,Monthly,0,Not Churned
CUST05200,2026-04-03,Basic,27,4,India,26-35,Organic,2,9,0,2026-07-21,Monthly,0,Not Churned
CUST05201,2022-01-24,Basic,24,55,India,36-45,Organic,2,14,1,2026-07-12,Monthly,0,Not Churned
CUST05202,2023-06-18,Premium,100,38,Canada,26-35,Organic,5,12,1,2026-07-15,Monthly,1,Competitor
CUST05203,2024-06-12,Standard,54,26,UK,46-55,Paid Ads,3,6,0,2026-08-07,Monthly,0,Not Churned
CUST05204,2026-06-02,Standard,68,2,India,36-45,Paid Ads,3,12,0,2026-06-19,Annual,0,Not Churned
CUST05205,2023-12-15,Premium,95,32,Germany,46-55,Paid Ads,2,17,1,2026-07-22,Annual,0,Not Churned
CUST05206,2023-05-19,Basic,34,39,India,26-35,Social Media,2,11,2,2026-07-11,Annual,1,Payment Issues
CUST05207,2023-02-18,Premium,100,42,USA,46-55,Paid Ads,3,9,1,2026-07-25,Monthly,0,Not Churned
CUST05208,2021-09-26,Standard,54,59,Canada,26-35,Organic,1,17,0,2026-07-02,Annual,0,Not Churned
CUST05209,2023-03-20,Premium,104,41,Canada,26-35,Organic,3,17,0,2026-08-27,Monthly,0,Not Churned
CUST05210,2026-06-02,Basic,26,2,India,46-55,Partner,3,13,0,2026-08-25,Monthly,0,Not Churned
CUST05211,2024-06-12,Premium,106,26,Australia,18-25,Partner,6,15,0,2026-06-22,Monthly,0,Not Churned
CUST05212,2022-09-21,Basic,29,47,Australia,46-55,Organic,4,16,0,2026-06-14,Annual,0,Not Churned
CUST05213,2024-05-13,Basic,29,27,USA,26-35,Organic,3,10,0,2026-06-16,Monthly,0,Not Churned
CUST05214,2025-05-08,Standard,59,15,USA,56+,Paid Ads,2,11,1,2026-07-25,Monthly,0,Not Churned
CUST05215,2024-11-09,Basic,34,21,India,36-45,Paid Ads,4,11,0,2026-08-22,Annual,0,Not Churned
CUST05216,2022-08-22,Standard,66,48,USA,36-45,Paid Ads,3,7,0,2026-06-15,Monthly,0,Not Churned
CUST05217,2024-05-13,Standard,55,27,USA,18-25,Paid Ads,4,7,0,2026-06-29,Monthly,0,Not Churned
CUST05218,2023-10-16,Standard,55,34,Canada,26-35,Organic,2,13,1,2026-08-21,Monthly,0,Not Churned
CUST05219,2022-07-23,Basic,29,49,USA,36-45,Organic,4,6,0,2026-08-27,Annual,0,Not Churned
CUST05220,2025-09-05,Basic,33,11,UK,36-45,Referral,2,6,0,2026-08-03,Monthly,0,Not Churned
CUST05221,2024-09-10,Basic,28,23,India,26-35,Partner,2,11,2,2026-07-09,Annual,0,Not Churned
CUST05222,2022-06-23,Standard,67,50,India,26-35,Organic,3,14,0,2026-06-14,Annual,1,Competitor
CUST05223,2024-10-10,Basic,30,22,India,26-35,Referral,5,12,0,2026-08-24,Annual,0,Not Churned
CUST05224,2024-09-10,Basic,30,23,India,18-25,Paid Ads,5,9,0,2026-08-22,Monthly,0,Not Churned
CUST05225,2026-07-02,Basic,28,1,USA,26-35,Organic,5,15,0,2026-08-19,Monthly,0,Not Churned
CUST05226,2021-09-26,Basic,31,59,Canada,46-55,Social Media,4,11,0,2026-06-20,Monthly,1,Pricing
CUST05227,2025-08-06,Standard,63,12,UK,26-35,Paid Ads,4,13,1,2026-07-17,Annual,0,Not Churned
CUST05228,2024-07-12,Premium,99,25,USA,26-35,Referral,4,12,0,2026-08-15,Annual,0,Not Churned
CUST05229,2026-02-02,Basic,38,6,UK,56+,Paid Ads,0,20,0,2026-08-17,Annual,0,Not Churned
CUST05230,2022-06-23,Standard,58,50,India,18-25,Organic,3,8,0,2026-06-27,Annual,0,Not Churned
CUST05231,2022-07-23,Standard,57,49,USA,36-45,Referral,4,14,0,2026-07-06,Annual,0,Not Churned
CUST05232,2022-07-23,Standard,60,49,India,36-45,Paid Ads,3,11,1,2026-06-15,Annual,0,Not Churned
CUST05233,2023-10-16,Standard,57,34,UK,36-45,Organic,3,16,0,2026-06-22,Monthly,0,Not Churned
CUST05234,2024-04-13,Standard,58,28,India,36-45,Referral,2,10,1,2026-08-31,Monthly,1,Competitor
CUST05235,2024-07-12,Standard,58,25,India,36-45,Organic,5,14,0,2026-08-05,Annual,0,Not Churned
CUST05236,2025-02-07,Basic,24,18,USA,18-25,Organic,1,18,0,2026-08-21,Annual,0,Not Churned
CUST05237,2022-09-21,Standard,68,47,Germany,36-45,Social Media,5,10,0,2026-08-13,Monthly,0,Not Churned
CUST05238,2026-07-02,Standard,54,1,UK,36-45,Organic,1,14,0,2026-06-05,Monthly,1,Competitor
CUST05239,2023-12-15,Basic,26,32,Canada,18-25,Referral,4,12,1,2026-08-03,Monthly,0,Not Churned
CUST05240,2024-03-14,Basic,38,29,UK,18-25,Partner,3,10,0,2026-06-22,Monthly,0,Not Churned
CUST05241,2024-12-09,Premium,107,20,USA,46-55,Organic,4,18,1,2026-08-09,Annual,0,Not Churned
CUST05242,2022-10-21,Standard,64,46,UK,36-45,Paid Ads,4,13,0,2026-08-19,Monthly,0,Not Churned
CUST05243,2025-07-07,Standard,56,13,Australia,26-35,Referral,1,12,0,2026-08-29,Monthly,0,Not Churned
CUST05244,2021-11-25,Premium,95,57,India,46-55,Paid Ads,0,12,1,2026-06-28,Annual,0,Not Churned
CUST05245,2025-08-06,Standard,65,12,India,36-45,Referral,3,14,0,2026-06-26,Monthly,1,Competitor
CUST05246,2025-12-04,Standard,55,8,India,56+,Paid Ads,5,16,0,2026-08-19,Monthly,0,Not Churned
CUST05247,2023-05-19,Standard,59,39,USA,46-55,Organic,2,9,2,2026-07-10,Monthly,1,Payment Issues
CUST05248,2025-12-04,Premium,106,8,Australia,26-35,Organic,0,20,0,2026-07-16,Monthly,0,Not Churned
CUST05249,2025-02-07,Standard,54,18,India,36-45,Referral,3,8,0,2026-08-06,Monthly,0,Not Churned
CUST05250,2024-11-09,Standard,59,21,USA,36-45,Organic,1,9,0,2026-06-11,Annual,0,Not Churned
CUST05251,2024-04-13,Basic,28,28,Australia,46-55,Social Media,3,11,2,2026-07-11,Monthly,0,Not Churned
CUST05252,2024-01-14,Premium,99,31,USA,36-45,Referral,3,23,1,2026-06-16,Annual,0,Not Churned
CUST05253,2025-05-08,Standard,58,15,USA,26-35,Organic,4,17,1,2026-06-22,Monthly,1,Competitor
CUST05254,2021-08-27,Basic,30,60,Australia,26-35,Organic,5,7,1,2026-08-29,Annual,0,Not Churned
CUST05255,2023-05-19,Premium,94,39,USA,26-35,Organic,5,12,1,2026-07-21,Monthly,0,Not Churned
CUST05256,2023-11-15,Standard,66,33,UK,46-55,Referral,5,12,0,2026-06-02,Monthly,0,Not Churned
CUST05257,2023-06-18,Basic,26,38,India,46-55,Social Media,2,9,0,2026-08-09,Annual,0,Not Churned
CUST05258,2024-09-10,Standard,59,23,India,26-35,Organic,2,12,0,2026-07-03,Monthly,0,Not Churned
CUST05259,2025-04-08,Standard,54,16,USA,36-45,Organic,6,11,0,2026-07-17,Monthly,0,Not Churned
CUST05260,2024-08-11,Premium,106,24,USA,46-55,Paid Ads,1,15,1,2026-08-10,Annual,0,Not Churned
CUST05261,2024-11-09,Basic,34,21,Germany,26-35,Organic,1,15,0,2026-08-31,Annual,0,Not Churned
CUST05262,2022-10-21,Premium,104,46,Germany,18-25,Paid Ads,5,17,0,2026-07-01,Annual,0,Not Churned
CUST05263,2025-12-04,Standard,60,8,Australia,26-35,Paid Ads,3,9,1,2026-08-21,Annual,0,Not Churned
CUST05264,2023-02-18,Basic,27,42,India,46-55,Paid Ads,3,6,0,2026-07-08,Annual,0,Not Churned
CUST05265,2021-09-26,Premium,96,59,Germany,36-45,Paid Ads,3,11,0,2026-06-25,Annual,0,Not Churned
CUST05266,2025-03-09,Standard,63,17,UK,26-35,Paid Ads,2,15,2,2026-07-03,Monthly,0,Not Churned
CUST05267,2025-05-08,Basic,32,15,USA,18-25,Paid Ads,1,9,0,2026-06-18,Monthly,0,Not Churned
CUST05268,2025-06-07,Standard,54,14,UK,36-45,Organic,1,8,1,2026-07-07,Monthly,0,Not Churned
CUST05269,2024-12-09,Premium,101,20,India,46-55,Paid Ads,0,13,0,2026-07-01,Monthly,0,Not Churned
CUST05270,2023-12-15,Basic,24,32,India,36-45,Paid Ads,3,12,0,2026-08-15,Monthly,1,Pricing
CUST05271,2025-09-05,Basic,36,11,Australia,26-35,Organic,3,9,0,2026-06-29,Annual,0,Not Churned
CUST05272,2023-06-18,Basic,37,38,UK,18-25,Organic,4,12,0,2026-08-14,Monthly,0,Not Churned
CUST05273,2023-12-15,Basic,28,32,USA,46-55,Organic,2,13,0,2026-07-10,Monthly,1,Pricing
CUST05274,2026-04-03,Standard,63,4,USA,26-35,Organic,5,12,0,2026-06-03,Monthly,1,Competitor
CUST05275,2024-03-14,Standard,61,29,Australia,26-35,Paid Ads,3,11,1,2026-08-28,Monthly,0,Not Churned
CUST05276,2026-03-04,Basic,29,5,UK,46-55,Organic,4,14,1,2026-06-11,Annual,0,Not Churned
CUST05277,2023-01-19,Basic,30,43,USA,56+,Paid Ads,3,11,0,2026-07-16,Monthly,0,Not Churned
CUST05278,2025-08-06,Basic,34,12,India,36-45,Paid Ads,0,9,0,2026-06-30,Annual,0,Not Churned
CUST05279,2023-01-19,Premium,101,43,India,36-45,Paid Ads,6,12,0,2026-07-12,Monthly,0,Not Churned
CUST05280,2022-06-23,Basic,36,50,Germany,26-35,Referral,3,10,0,2026-08-21,Annual,0,Not Churned
CUST05281,2023-05-19,Premium,99,39,USA,18-25,Paid Ads,1,12,0,2026-08-22,Monthly,0,Not Churned
CUST05282,2021-11-25,Standard,64,57,USA,26-35,Organic,3,16,1,2026-08-23,Monthly,0,Not Churned
CUST05283,2024-09-10,Basic,29,23,USA,36-45,Organic,5,13,1,2026-08-01,Annual,0,Not Churned
CUST05284,2023-11-15,Premium,104,33,Australia,26-35,Organic,3,7,2,2026-06-02,Monthly,0,Not Churned
CUST05285,2025-04-08,Standard,59,16,UK,46-55,Paid Ads,6,15,0,2026-08-25,Monthly,0,Not Churned
CUST05286,2022-06-23,Standard,58,50,UK,26-35,Organic,1,15,1,2026-06-10,Annual,0,Not Churned
CUST05287,2022-12-20,Premium,101,44,USA,36-45,Paid Ads,1,15,3,2026-07-19,Monthly,0,Not Churned
CUST05288,2025-09-05,Basic,36,11,India,36-45,Social Media,0,13,0,2026-07-31,Monthly,0,Not Churned
CUST05289,2025-12-04,Basic,25,8,Germany,36-45,Organic,7,15,1,2026-07-13,Monthly,1,Poor Support Experience
CUST05290,2023-11-15,Standard,60,33,Germany,26-35,Partner,1,11,0,2026-08-15,Monthly,0,Not Churned
CUST05291,2022-08-22,Basic,38,48,Germany,46-55,Social Media,3,9,0,2026-08-01,Annual,0,Not Churned
CUST05292,2023-10-16,Basic,27,34,Germany,26-35,Social Media,4,10,3,2026-08-01,Annual,0,Not Churned
CUST05293,2024-11-09,Basic,24,21,Canada,36-45,Social Media,4,11,0,2026-06-10,Monthly,0,Not Churned
CUST05294,2023-06-18,Basic,36,38,UK,36-45,Organic,3,9,0,2026-07-01,Annual,0,Not Churned
CUST05295,2025-03-09,Standard,58,17,Australia,18-25,Organic,2,8,0,2026-08-28,Monthly,1,Competitor
CUST05296,2022-07-23,Basic,26,49,UK,36-45,Organic,2,19,0,2026-07-06,Monthly,0,Not Churned
CUST05297,2023-10-16,Standard,57,34,India,36-45,Organic,2,5,0,2026-08-21,Annual,0,Not Churned
CUST05298,2022-05-24,Standard,60,51,USA,46-55,Paid Ads,4,11,0,2026-08-11,Monthly,0,Not Churned
CUST05299,2023-03-20,Standard,58,41,Germany,46-55,Social Media,5,12,0,2026-08-10,Monthly,0,Not Churned
CUST05300,2026-05-03,Basic,37,3,USA,26-35,Organic,5,13,0,2026-08-04,Annual,1,Pricing
CUST05301,2024-08-11,Standard,68,24,Australia,18-25,Organic,3,12,0,2026-08-01,Annual,1,Competitor
CUST05302,2024-10-10,Basic,27,22,India,26-35,Referral,5,15,0,2026-07-05,Monthly,0,Not Churned
CUST05303,2025-10-05,Standard,54,10,India,56+,Organic,1,14,1,2026-07-07,Monthly,1,Competitor
CUST05304,2026-03-04,Premium,99,5,USA,18-25,Paid Ads,4,14,0,2026-07-30,Monthly,0,Not Churned
CUST05305,2023-03-20,Standard,64,41,India,36-45,Organic,3,11,1,2026-07-15,Monthly,0,Not Churned
CUST05306,2024-01-14,Standard,63,31,India,36-45,Social Media,0,10,1,2026-08-12,Annual,0,Not Churned
CUST05307,2024-08-11,Standard,59,24,India,36-45,Paid Ads,3,12,0,2026-08-30,Annual,0,Not Churned
CUST05308,2022-10-21,Basic,30,46,Australia,26-35,Referral,3,7,1,2026-07-04,Annual,0,Not Churned
CUST05309,2025-09-05,Premium,94,11,India,26-35,Organic,6,17,0,2026-06-26,Annual,0,Not Churned
CUST05310,2022-05-24,Premium,107,51,India,26-35,Partner,8,16,1,2026-06-19,Monthly,0,Not Churned
CUST05311,2022-01-24,Basic,27,55,India,18-25,Paid Ads,2,11,0,2026-06-15,Monthly,1,Pricing
CUST05312,2022-08-22,Standard,65,48,UK,18-25,Referral,2,8,0,2026-07-06,Annual,0,Not Churned
CUST05313,2025-06-07,Premium,102,14,UK,18-25,Partner,5,7,2,2026-06-21,Annual,0,Not Churned
CUST05314,2022-10-21,Premium,108,46,UK,36-45,Paid Ads,1,11,1,2026-06-30,Monthly,0,Not Churned
CUST05315,2026-04-03,Standard,65,4,USA,26-35,Paid Ads,5,15,1,2026-06-27,Monthly,0,Not Churned
CUST05316,2025-12-04,Standard,67,8,India,26-35,Organic,1,8,0,2026-08-18,Monthly,0,Not Churned
CUST05317,2026-01-03,Basic,33,7,Canada,26-35,Paid Ads,2,15,0,2026-06-19,Annual,0,Not Churned
CUST05318,2023-09-16,Premium,99,35,Canada,26-35,Social Media,6,11,2,2026-08-06,Monthly,0,Not Churned
CUST05319,2022-01-24,Basic,25,55,India,26-35,Organic,2,8,0,2026-06-30,Annual,0,Not Churned
CUST05320,2023-12-15,Standard,57,32,USA,26-35,Partner,1,8,1,2026-08-05,Monthly,0,Not Churned
CUST05321,2024-10-10,Basic,29,22,India,36-45,Referral,0,8,1,2026-06-08,Annual,1,Pricing
CUST05322,2024-10-10,Basic,27,22,India,18-25,Paid Ads,4,11,0,2026-08-02,Monthly,0,Not Churned
CUST05323,2022-10-21,Standard,68,46,Canada,46-55,Paid Ads,5,9,0,2026-06-15,Annual,0,Not Churned
CUST05324,2023-01-19,Premium,103,43,USA,18-25,Organic,3,20,0,2026-08-27,Monthly,0,Not Churned
CUST05325,2024-06-12,Basic,30,26,India,46-55,Organic,0,11,0,2026-08-17,Monthly,0,Not Churned
CUST05326,2022-05-24,Standard,65,51,India,46-55,Organic,4,10,0,2026-07-07,Monthly,0,Not Churned
CUST05327,2023-08-17,Basic,36,36,Germany,36-45,Paid Ads,4,11,0,2026-07-01,Monthly,0,Not Churned
CUST05328,2024-03-14,Basic,26,29,Australia,46-55,Partner,5,4,0,2026-07-05,Annual,1,Low Engagement
CUST05329,2026-04-03,Standard,59,4,Australia,18-25,Paid Ads,3,13,0,2026-07-07,Annual,0,Not Churned
CUST05330,2024-01-14,Standard,66,31,USA,26-35,Paid Ads,6,13,1,2026-08-20,Monthly,1,Competitor
CUST05331,2024-10-10,Basic,38,22,UK,26-35,Organic,4,12,0,2026-08-21,Monthly,1,Pricing
CUST05332,2021-11-25,Basic,35,57,USA,26-35,Referral,5,7,0,2026-08-19,Annual,0,Not Churned
CUST05333,2022-03-25,Basic,27,53,India,26-35,Referral,1,16,0,2026-06-17,Annual,0,Not Churned
CUST05334,2025-12-04,Basic,26,8,USA,36-45,Paid Ads,2,11,1,2026-08-13,Monthly,1,Pricing
CUST05335,2024-11-09,Premium,105,21,USA,18-25,Partner,4,5,0,2026-07-11,Monthly,0,Not Churned
CUST05336,2025-05-08,Premium,96,15,India,26-35,Social Media,2,10,1,2026-07-17,Monthly,0,Not Churned
CUST05337,2022-08-22,Basic,37,48,Australia,26-35,Referral,3,11,0,2026-07-04,Monthly,0,Not Churned
CUST05338,2022-02-23,Standard,55,54,India,36-45,Partner,1,20,0,2026-08-04,Annual,0,Not Churned
CUST05339,2022-02-23,Premium,104,54,USA,56+,Referral,3,17,1,2026-06-22,Monthly,0,Not Churned
CUST05340,2026-04-03,Basic,26,4,India,36-45,Social Media,6,12,0,2026-08-16,Monthly,0,Not Churned
CUST05341,2023-02-18,Premium,106,42,USA,26-35,Paid Ads,3,11,0,2026-08-30,Monthly,0,Not Churned
CUST05342,2021-10-26,Premium,105,58,India,26-35,Organic,2,8,0,2026-07-31,Annual,1,Competitor
CUST05343,2026-03-04,Basic,37,5,India,36-45,Partner,5,13,2,2026-08-26,Monthly,1,Payment Issues
CUST05344,2023-08-17,Basic,33,36,USA,18-25,Organic,3,17,0,2026-06-06,Monthly,0,Not Churned
CUST05345,2026-06-02,Premium,94,2,USA,56+,Organic,3,11,0,2026-08-18,Annual,1,Competitor
CUST05346,2022-06-23,Standard,68,50,USA,26-35,Organic,1,19,0,2026-07-06,Monthly,0,Not Churned
CUST05347,2025-12-04,Basic,26,8,India,26-35,Paid Ads,2,13,1,2026-08-16,Annual,0,Not Churned
CUST05348,2022-09-21,Basic,32,47,USA,56+,Organic,3,12,0,2026-07-02,Annual,0,Not Churned
CUST05349,2026-04-03,Standard,57,4,USA,46-55,Referral,4,11,1,2026-08-19,Annual,0,Not Churned
CUST05350,2025-07-07,Standard,68,13,India,36-45,Partner,6,17,0,2026-06-24,Monthly,1,Competitor
CUST05351,2025-06-07,Standard,56,14,Australia,18-25,Organic,1,16,0,2026-06-19,Monthly,0,Not Churned
CUST05352,2025-11-04,Premium,101,9,USA,36-45,Social Media,1,16,3,2026-07-03,Annual,0,Not Churned
CUST05353,2024-04-13,Basic,24,28,India,26-35,Organic,4,7,1,2026-08-17,Monthly,1,Pricing
CUST05354,2023-06-18,Standard,58,38,Germany,26-35,Organic,2,11,0,2026-07-12,Monthly,0,Not Churned
CUST05355,2025-08-06,Standard,54,12,Australia,26-35,Referral,6,12,0,2026-06-23,Monthly,1,Competitor
CUST05356,2024-04-13,Standard,60,28,Germany,36-45,Social Media,4,13,1,2026-08-12,Annual,0,Not Churned
CUST05357,2025-07-07,Basic,28,13,UK,36-45,Organic,6,14,2,2026-06-24,Monthly,1,Payment Issues
CUST05358,2024-11-09,Premium,108,21,USA,26-35,Paid Ads,7,11,1,2026-07-08,Monthly,0,Not Churned
CUST05359,2022-01-24,Premium,95,55,India,46-55,Organic,1,11,0,2026-06-29,Annual,1,Competitor
CUST05360,2023-06-18,Standard,65,38,UK,26-35,Partner,5,11,0,2026-08-24,Monthly,1,Competitor
CUST05361,2022-04-24,Standard,67,52,Germany,18-25,Organic,2,13,0,2026-06-19,Monthly,0,Not Churned
CUST05362,2024-06-12,Basic,24,26,UK,36-45,Paid Ads,6,3,0,2026-08-03,Monthly,1,Low Engagement
CUST05363,2024-07-12,Standard,64,25,Australia,46-55,Social Media,7,14,0,2026-06-13,Monthly,0,Not Churned
CUST05364,2024-10-10,Standard,68,22,India,56+,Referral,3,18,0,2026-07-12,Monthly,0,Not Churned
CUST05365,2022-05-24,Standard,60,51,USA,36-45,Partner,0,13,0,2026-08-25,Annual,0,Not Churned
CUST05366,2022-04-24,Premium,105,52,Australia,26-35,Partner,4,12,1,2026-06-11,Monthly,1,Competitor
CUST05367,2022-04-24,Standard,54,52,Canada,56+,Paid Ads,2,11,1,2026-08-01,Annual,0,Not Churned
CUST05368,2025-12-04,Basic,26,8,Germany,46-55,Referral,5,10,0,2026-08-30,Monthly,0,Not Churned
CUST05369,2023-07-18,Standard,64,37,Canada,26-35,Organic,5,16,1,2026-06-09,Monthly,0,Not Churned
CUST05370,2023-04-19,Basic,38,40,USA,36-45,Partner,0,6,0,2026-06-22,Annual,0,Not Churned
CUST05371,2022-11-20,Basic,29,45,USA,36-45,Organic,1,11,0,2026-08-06,Annual,0,Not Churned
CUST05372,2021-09-26,Basic,38,59,Australia,26-35,Social Media,3,14,1,2026-07-08,Monthly,0,Not Churned
CUST05373,2021-12-25,Standard,59,56,USA,56+,Paid Ads,0,15,0,2026-07-13,Monthly,0,Not Churned
CUST05374,2024-10-10,Standard,68,22,India,18-25,Paid Ads,3,4,1,2026-08-18,Monthly,0,Not Churned
CUST05375,2025-07-07,Standard,60,13,USA,36-45,Organic,8,14,0,2026-07-10,Monthly,0,Not Churned
CUST05376,2023-07-18,Standard,64,37,USA,26-35,Referral,0,16,0,2026-08-10,Monthly,0,Not Churned
CUST05377,2025-06-07,Standard,67,14,India,36-45,Organic,1,21,0,2026-07-15,Monthly,0,Not Churned
CUST05378,2025-02-07,Basic,34,18,Canada,36-45,Organic,3,10,1,2026-08-17,Annual,0,Not Churned
CUST05379,2022-09-21,Premium,94,47,India,26-35,Organic,1,14,1,2026-07-22,Monthly,0,Not Churned
CUST05380,2023-11-15,Basic,30,33,USA,26-35,Organic,6,17,1,2026-08-12,Monthly,0,Not Churned
CUST05381,2026-01-03,Basic,25,7,Canada,56+,Paid Ads,6,11,1,2026-06-03,Monthly,0,Not Churned
CUST05382,2025-10-05,Standard,59,10,USA,36-45,Paid Ads,3,17,0,2026-07-15,Monthly,0,Not Churned
CUST05383,2021-08-27,Basic,36,60,Australia,36-45,Organic,2,15,0,2026-08-11,Annual,0,Not Churned
CUST05384,2021-10-26,Basic,31,58,India,26-35,Paid Ads,4,13,1,2026-08-01,Annual,0,Not Churned
CUST05385,2024-02-13,Standard,66,30,Germany,26-35,Social Media,3,10,0,2026-07-17,Annual,1,Competitor
CUST05386,2021-09-26,Standard,58,59,India,36-45,Referral,3,13,0,2026-07-30,Annual,0,Not Churned
CUST05387,2022-01-24,Standard,63,55,India,46-55,Partner,1,7,0,2026-07-23,Monthly,0,Not Churned
CUST05388,2023-10-16,Premium,96,34,Australia,26-35,Organic,2,10,1,2026-06-24,Annual,0,Not Churned
CUST05389,2022-11-20,Standard,64,45,Canada,36-45,Social Media,6,13,0,2026-07-30,Monthly,0,Not Churned
CUST05390,2026-05-03,Premium,101,3,India,18-25,Paid Ads,6,9,1,2026-07-03,Monthly,1,Competitor
CUST05391,2021-09-26,Basic,31,59,Germany,18-25,Paid Ads,3,15,1,2026-08-09,Monthly,0,Not Churned
CUST05392,2023-04-19,Standard,57,40,USA,36-45,Paid Ads,5,14,1,2026-08-11,Monthly,0,Not Churned
CUST05393,2025-08-06,Premium,101,12,Germany,26-35,Paid Ads,4,13,1,2026-07-24,Monthly,0,Not Churned
CUST05394,2023-08-17,Standard,58,36,USA,18-25,Paid Ads,1,12,0,2026-08-01,Annual,0,Not Churned
CUST05395,2022-03-25,Standard,66,53,USA,36-45,Referral,7,17,1,2026-06-22,Monthly,0,Not Churned
CUST05396,2024-01-14,Basic,34,31,USA,26-35,Organic,4,11,0,2026-08-12,Annual,0,Not Churned
CUST05397,2024-09-10,Basic,28,23,India,36-45,Referral,3,10,1,2026-06-28,Annual,0,Not Churned
CUST05398,2025-12-04,Standard,56,8,USA,36-45,Referral,8,11,1,2026-08-16,Annual,0,Not Churned
CUST05399,2026-07-02,Basic,38,1,USA,36-45,Paid Ads,2,9,0,2026-07-26,Annual,0,Not Churned
CUST05400,2022-01-24,Premium,100,55,India,26-35,Organic,2,12,0,2026-08-08,Annual,0,Not Churned
CUST05401,2023-09-16,Basic,34,35,India,26-35,Organic,2,8,1,2026-07-18,Monthly,1,Pricing
CUST05402,2022-09-21,Premium,107,47,India,36-45,Organic,2,10,0,2026-07-29,Monthly,0,Not Churned
CUST05403,2025-05-08,Premium,104,15,Australia,26-35,Organic,2,21,2,2026-06-09,Annual,1,Payment Issues
CUST05404,2022-03-25,Basic,32,53,USA,46-55,Organic,1,16,0,2026-06-10,Annual,0,Not Churned
CUST05405,2024-04-13,Basic,32,28,Canada,36-45,Organic,2,13,1,2026-08-24,Annual,0,Not Churned
CUST05406,2025-08-06,Premium,94,12,Germany,26-35,Organic,3,10,1,2026-06-18,Annual,0,Not Churned
CUST05407,2026-07-02,Premium,94,1,UK,36-45,Paid Ads,1,19,0,2026-06-26,Monthly,0,Not Churned
CUST05408,2025-09-05,Standard,63,11,Germany,46-55,Partner,2,9,1,2026-07-05,Annual,0,Not Churned
CUST05409,2022-05-24,Basic,35,51,India,18-25,Partner,4,12,2,2026-07-12,Annual,0,Not Churned
CUST05410,2023-07-18,Standard,65,37,India,18-25,Organic,2,13,0,2026-07-23,Monthly,0,Not Churned
CUST05411,2022-07-23,Standard,64,49,USA,46-55,Organic,3,12,0,2026-08-13,Monthly,0,Not Churned
CUST05412,2026-06-02,Basic,38,2,USA,18-25,Paid Ads,5,15,2,2026-06-30,Annual,0,Not Churned
CUST05413,2022-11-20,Standard,58,45,Australia,18-25,Organic,3,13,0,2026-06-03,Monthly,0,Not Churned
CUST05414,2023-09-16,Basic,24,35,USA,26-35,Paid Ads,2,10,1,2026-07-11,Annual,0,Not Churned
CUST05415,2022-11-20,Basic,27,45,India,26-35,Paid Ads,7,10,1,2026-08-28,Monthly,0,Not Churned
CUST05416,2025-12-04,Basic,35,8,Canada,36-45,Paid Ads,2,11,1,2026-06-04,Monthly,1,Pricing
CUST05417,2024-01-14,Basic,24,31,USA,36-45,Social Media,4,9,0,2026-07-30,Monthly,0,Not Churned
CUST05418,2024-11-09,Basic,38,21,India,46-55,Social Media,2,10,0,2026-06-15,Annual,0,Not Churned
CUST05419,2022-03-25,Standard,55,53,USA,36-45,Partner,1,16,1,2026-06-22,Monthly,0,Not Churned
CUST05420,2022-11-20,Basic,25,45,Australia,56+,Organic,4,12,1,2026-08-06,Monthly,0,Not Churned
CUST05421,2026-05-03,Basic,27,3,Australia,26-35,Social Media,1,7,0,2026-08-16,Annual,0,Not Churned
CUST05422,2024-07-12,Basic,31,25,USA,18-25,Paid Ads,2,16,0,2026-07-12,Monthly,0,Not Churned
CUST05423,2023-03-20,Premium,95,41,USA,56+,Referral,4,9,0,2026-08-20,Monthly,0,Not Churned
CUST05424,2024-04-13,Standard,67,28,India,18-25,Social Media,3,20,0,2026-06-05,Annual,0,Not Churned
CUST05425,2024-04-13,Standard,62,28,USA,36-45,Partner,2,15,0,2026-08-24,Monthly,0,Not Churned
CUST05426,2026-06-02,Standard,68,2,Canada,18-25,Referral,3,11,0,2026-08-20,Annual,0,Not Churned
CUST05427,2025-12-04,Premium,105,8,USA,36-45,Paid Ads,1,11,0,2026-07-27,Monthly,0,Not Churned
CUST05428,2026-07-02,Basic,32,1,India,46-55,Paid Ads,2,20,1,2026-06-15,Annual,0,Not Churned
CUST05429,2024-11-09,Standard,55,21,Germany,26-35,Referral,7,10,0,2026-06-10,Monthly,1,Poor Support Experience
CUST05430,2025-05-08,Standard,54,15,Australia,26-35,Social Media,1,12,1,2026-06-19,Annual,0,Not Churned
CUST05431,2022-01-24,Standard,63,55,UK,26-35,Referral,4,18,0,2026-06-13,Monthly,1,Competitor
CUST05432,2025-12-04,Basic,38,8,India,26-35,Paid Ads,1,14,0,2026-06-18,Monthly,0,Not Churned
CUST05433,2023-04-19,Standard,63,40,India,26-35,Paid Ads,2,13,1,2026-07-15,Annual,0,Not Churned
CUST05434,2024-10-10,Basic,32,22,India,36-45,Organic,4,13,0,2026-07-30,Annual,0,Not Churned
CUST05435,2023-05-19,Standard,68,39,UK,26-35,Partner,3,11,0,2026-08-24,Annual,0,Not Churned
CUST05436,2024-12-09,Standard,55,20,India,26-35,Organic,0,5,0,2026-08-05,Monthly,0,Not Churned
CUST05437,2025-07-07,Basic,31,13,Australia,26-35,Referral,2,8,1,2026-08-02,Monthly,0,Not Churned
CUST05438,2024-06-12,Premium,107,26,Germany,36-45,Social Media,4,11,0,2026-08-20,Monthly,0,Not Churned
CUST05439,2023-05-19,Basic,26,39,USA,18-25,Paid Ads,3,7,1,2026-08-19,Monthly,0,Not Churned
CUST05440,2026-01-03,Premium,94,7,USA,36-45,Social Media,5,18,1,2026-06-20,Monthly,1,Competitor
CUST05441,2021-11-25,Standard,64,57,UK,46-55,Social Media,4,5,0,2026-06-04,Annual,0,Not Churned
CUST05442,2025-09-05,Basic,24,11,Germany,26-35,Organic,2,15,0,2026-08-07,Monthly,1,Pricing
CUST05443,2024-01-14,Basic,33,31,Australia,26-35,Paid Ads,7,16,2,2026-07-19,Monthly,0,Not Churned
CUST05444,2023-10-16,Premium,95,34,India,36-45,Referral,4,13,1,2026-06-13,Monthly,0,Not Churned
CUST05445,2025-09-05,Basic,30,11,India,26-35,Paid Ads,1,14,2,2026-06-19,Annual,1,Payment Issues
CUST05446,2024-08-11,Basic,35,24,Canada,18-25,Paid Ads,4,9,0,2026-06-04,Monthly,0,Not Churned
CUST05447,2024-07-12,Basic,29,25,UK,36-45,Referral,4,13,4,2026-08-26,Monthly,0,Not Churned
CUST05448,2022-05-24,Standard,65,51,India,26-35,Organic,4,13,1,2026-07-23,Annual,0,Not Churned
CUST05449,2021-12-25,Standard,64,56,USA,26-35,Paid Ads,2,13,0,2026-07-04,Monthly,0,Not Churned
CUST05450,2023-11-15,Basic,25,33,Canada,56+,Organic,3,10,0,2026-08-01,Monthly,1,Pricing
CUST05451,2024-03-14,Basic,27,29,India,26-35,Organic,1,9,1,2026-08-31,Monthly,0,Not Churned
CUST05452,2021-10-26,Basic,25,58,Australia,46-55,Paid Ads,3,11,1,2026-08-18,Monthly,1,Pricing
CUST05453,2024-11-09,Basic,24,21,India,26-35,Referral,1,16,0,2026-06-15,Monthly,0,Not Churned
CUST05454,2022-07-23,Standard,65,49,Canada,46-55,Organic,4,12,0,2026-06-15,Monthly,0,Not Churned
CUST05455,2023-11-15,Standard,56,33,UK,36-45,Social Media,2,15,1,2026-07-16,Monthly,0,Not Churned
CUST05456,2022-11-20,Basic,38,45,India,18-25,Paid Ads,3,8,0,2026-07-08,Monthly,1,Pricing
CUST05457,2026-02-02,Basic,27,6,Canada,36-45,Partner,4,12,0,2026-06-04,Monthly,0,Not Churned
CUST05458,2023-07-18,Basic,33,37,Canada,46-55,Paid Ads,4,8,2,2026-08-16,Monthly,1,Payment Issues
CUST05459,2022-03-25,Premium,98,53,Germany,26-35,Organic,4,14,1,2026-07-11,Monthly,0,Not Churned
CUST05460,2026-06-02,Premium,98,2,USA,36-45,Social Media,4,16,0,2026-06-19,Monthly,1,Competitor
CUST05461,2023-02-18,Premium,108,42,UK,26-35,Referral,2,7,0,2026-07-10,Monthly,0,Not Churned
CUST05462,2024-02-13,Basic,30,30,UK,36-45,Paid Ads,5,13,0,2026-07-15,Annual,1,Pricing
CUST05463,2021-11-25,Basic,37,57,USA,36-45,Paid Ads,2,14,1,2026-08-18,Monthly,0,Not Churned
CUST05464,2024-04-13,Basic,38,28,Australia,18-25,Organic,5,15,0,2026-06-03,Annual,0,Not Churned
CUST05465,2023-12-15,Basic,33,32,India,26-35,Paid Ads,4,14,1,2026-07-22,Annual,0,Not Churned
CUST05466,2022-03-25,Standard,61,53,India,26-35,Organic,3,8,2,2026-07-14,Annual,1,Payment Issues
CUST05467,2022-05-24,Standard,62,51,USA,46-55,Paid Ads,5,9,0,2026-07-12,Annual,0,Not Churned
CUST05468,2024-05-13,Premium,105,27,India,26-35,Social Media,4,16,0,2026-08-20,Monthly,0,Not Churned
CUST05469,2023-05-19,Premium,100,39,Australia,36-45,Social Media,3,16,0,2026-08-23,Monthly,1,Competitor
CUST05470,2024-10-10,Basic,28,22,UK,18-25,Organic,3,7,0,2026-06-11,Annual,0,Not Churned
CUST05471,2025-05-08,Standard,62,15,USA,36-45,Social Media,4,17,0,2026-06-27,Monthly,1,Competitor
CUST05472,2023-01-19,Basic,31,43,Canada,36-45,Paid Ads,1,13,0,2026-08-27,Monthly,0,Not Churned
CUST05473,2023-06-18,Basic,33,38,USA,36-45,Organic,3,15,1,2026-06-27,Monthly,0,Not Churned
CUST05474,2023-07-18,Standard,62,37,USA,46-55,Social Media,2,7,0,2026-06-07,Annual,0,Not Churned
CUST05475,2023-08-17,Basic,33,36,India,18-25,Paid Ads,5,10,2,2026-08-30,Monthly,0,Not Churned
CUST05476,2023-06-18,Standard,61,38,USA,26-35,Organic,3,11,0,2026-06-27,Annual,0,Not Churned
CUST05477,2026-01-03,Basic,29,7,India,56+,Organic,5,18,0,2026-06-04,Monthly,0,Not Churned
CUST05478,2024-01-14,Standard,57,31,UK,26-35,Paid Ads,2,8,1,2026-08-11,Monthly,0,Not Churned
CUST05479,2022-12-20,Standard,62,44,USA,36-45,Organic,3,15,1,2026-08-04,Monthly,0,Not Churned
CUST05480,2024-02-13,Basic,35,30,India,36-45,Social Media,4,8,0,2026-07-04,Monthly,1,Pricing
CUST05481,2025-06-07,Premium,102,14,USA,36-45,Paid Ads,3,11,0,2026-07-18,Annual,0,Not Churned
CUST05482,2021-12-25,Basic,33,56,India,26-35,Paid Ads,2,15,1,2026-06-17,Monthly,1,Pricing
CUST05483,2023-10-16,Standard,63,34,Germany,26-35,Organic,3,12,0,2026-07-11,Monthly,0,Not Churned
CUST05484,2022-04-24,Standard,62,52,India,36-45,Social Media,1,18,1,2026-07-18,Monthly,1,Competitor
CUST05485,2024-05-13,Standard,67,27,Australia,26-35,Paid Ads,3,12,0,2026-08-02,Monthly,0,Not Churned
CUST05486,2024-09-10,Premium,103,23,USA,36-45,Paid Ads,8,11,1,2026-06-16,Monthly,0,Not Churned
CUST05487,2026-05-03,Basic,26,3,UK,26-35,Social Media,4,11,0,2026-06-04,Annual,0,Not Churned
CUST05488,2026-03-04,Standard,64,5,India,26-35,Organic,4,17,0,2026-06-25,Annual,1,Competitor
CUST05489,2023-02-18,Standard,65,42,Germany,26-35,Paid Ads,2,15,0,2026-08-17,Monthly,0,Not Churned
CUST05490,2024-02-13,Premium,108,30,India,46-55,Referral,2,16,1,2026-07-31,Monthly,1,Competitor
CUST05491,2026-01-03,Basic,26,7,USA,36-45,Paid Ads,1,14,0,2026-08-31,Annual,0,Not Churned
CUST05492,2023-03-20,Standard,64,41,Germany,36-45,Organic,4,6,2,2026-07-06,Monthly,0,Not Churned
CUST05493,2022-02-23,Standard,59,54,Australia,46-55,Organic,1,11,0,2026-07-09,Monthly,0,Not Churned
CUST05494,2025-02-07,Basic,29,18,USA,36-45,Paid Ads,4,10,0,2026-08-10,Monthly,0,Not Churned
CUST05495,2021-11-25,Standard,68,57,Germany,56+,Partner,2,8,0,2026-08-01,Monthly,0,Not Churned
CUST05496,2023-06-18,Basic,36,38,UK,18-25,Paid Ads,4,11,0,2026-08-24,Monthly,0,Not Churned
CUST05497,2025-10-05,Standard,68,10,India,46-55,Organic,5,8,0,2026-06-16,Monthly,0,Not Churned
CUST05498,2022-12-20,Premium,106,44,USA,26-35,Social Media,2,11,0,2026-06-30,Annual,0,Not Churned
CUST05499,2023-10-16,Standard,59,34,India,46-55,Paid Ads,0,12,0,2026-08-17,Monthly,0,Not Churned
CUST05500,2023-11-15,Standard,58,33,India,46-55,Paid Ads,2,12,2,2026-06-16,Monthly,0,Not Churned
CUST05501,2023-12-15,Standard,67,32,Canada,26-35,Paid Ads,5,14,1,2026-07-16,Monthly,1,Competitor
CUST05502,2024-01-14,Basic,28,31,USA,26-35,Referral,3,11,1,2026-07-07,Monthly,0,Not Churned
CUST05503,2024-04-13,Basic,25,28,India,36-45,Referral,2,15,1,2026-06-29,Annual,0,Not Churned
CUST05504,2026-04-03,Standard,67,4,Australia,18-25,Organic,7,14,1,2026-08-08,Annual,0,Not Churned
CUST05505,2025-05-08,Basic,30,15,India,36-45,Social Media,0,5,0,2026-08-17,Monthly,0,Not Churned
CUST05506,2026-06-02,Basic,35,2,Germany,18-25,Organic,1,10,1,2026-08-01,Monthly,0,Not Churned
CUST05507,2021-08-27,Standard,57,60,Germany,46-55,Organic,3,13,0,2026-06-04,Monthly,0,Not Churned
CUST05508,2024-09-10,Basic,37,23,Germany,26-35,Organic,2,15,2,2026-06-29,Annual,0,Not Churned
CUST05509,2021-09-26,Basic,26,59,Canada,36-45,Social Media,2,12,0,2026-07-23,Annual,0,Not Churned
CUST05510,2024-09-10,Standard,61,23,India,18-25,Referral,3,13,0,2026-06-10,Annual,0,Not Churned
CUST05511,2023-09-16,Basic,27,35,USA,26-35,Social Media,5,9,0,2026-07-24,Annual,0,Not Churned
CUST05512,2024-05-13,Premium,108,27,India,26-35,Referral,0,17,2,2026-07-07,Monthly,0,Not Churned
CUST05513,2024-06-12,Premium,104,26,India,26-35,Organic,1,11,0,2026-08-23,Monthly,0,Not Churned
CUST05514,2022-07-23,Standard,57,49,UK,18-25,Paid Ads,5,12,1,2026-08-30,Monthly,1,Competitor
CUST05515,2023-10-16,Basic,31,34,India,46-55,Paid Ads,1,9,0,2026-07-16,Monthly,0,Not Churned
CUST05516,2025-07-07,Standard,54,13,Germany,18-25,Paid Ads,4,13,0,2026-06-19,Monthly,0,Not Churned
CUST05517,2023-04-19,Premium,102,40,Australia,36-45,Organic,4,14,1,2026-07-03,Monthly,1,Competitor
CUST05518,2022-04-24,Standard,67,52,USA,26-35,Social Media,1,12,0,2026-08-18,Annual,0,Not Churned
CUST05519,2022-05-24,Basic,30,51,USA,36-45,Referral,6,12,1,2026-06-29,Annual,0,Not Churned
CUST05520,2025-10-05,Standard,68,10,USA,26-35,Paid Ads,1,11,0,2026-07-16,Annual,1,Competitor
CUST05521,2023-05-19,Premium,105,39,Australia,36-45,Social Media,0,16,2,2026-08-30,Annual,0,Not Churned
CUST05522,2024-06-12,Standard,55,26,UK,36-45,Referral,6,13,0,2026-07-14,Monthly,0,Not Churned
CUST05523,2026-04-03,Standard,64,4,India,26-35,Organic,5,11,2,2026-08-21,Monthly,0,Not Churned
CUST05524,2025-02-07,Standard,65,18,USA,26-35,Paid Ads,2,7,0,2026-08-10,Monthly,0,Not Churned
CUST05525,2023-09-16,Standard,59,35,USA,18-25,Organic,2,10,1,2026-08-23,Monthly,0,Not Churned
CUST05526,2022-09-21,Basic,31,47,Germany,18-25,Organic,3,15,0,2026-07-14,Monthly,0,Not Churned
CUST05527,2022-04-24,Standard,64,52,India,18-25,Organic,3,9,0,2026-07-18,Monthly,0,Not Churned
CUST05528,2025-03-09,Basic,28,17,India,26-35,Partner,2,10,1,2026-07-21,Monthly,0,Not Churned
CUST05529,2021-12-25,Standard,59,56,Australia,36-45,Paid Ads,2,13,1,2026-07-19,Annual,0,Not Churned
CUST05530,2024-05-13,Basic,35,27,Australia,26-35,Social Media,5,11,0,2026-06-29,Monthly,0,Not Churned
CUST05531,2025-12-04,Standard,63,8,Australia,26-35,Organic,3,17,0,2026-07-01,Monthly,0,Not Churned
CUST05532,2022-03-25,Basic,31,53,USA,18-25,Organic,4,11,0,2026-06-23,Monthly,0,Not Churned
CUST05533,2022-09-21,Standard,66,47,UK,36-45,Social Media,4,10,1,2026-06-16,Annual,0,Not Churned
CUST05534,2025-07-07,Standard,59,13,USA,26-35,Paid Ads,5,9,0,2026-07-28,Monthly,0,Not Churned
CUST05535,2022-10-21,Basic,35,46,India,36-45,Social Media,0,8,1,2026-07-12,Monthly,0,Not Churned
CUST05536,2024-10-10,Basic,32,22,USA,36-45,Organic,2,7,0,2026-08-27,Monthly,0,Not Churned
CUST05537,2023-08-17,Basic,38,36,India,36-45,Partner,3,15,0,2026-07-07,Monthly,0,Not Churned
CUST05538,2023-01-19,Premium,105,43,India,26-35,Paid Ads,4,15,0,2026-07-25,Monthly,1,Competitor
CUST05539,2024-02-13,Standard,62,30,Germany,36-45,Organic,3,12,0,2026-07-27,Annual,0,Not Churned
CUST05540,2023-09-16,Standard,62,35,India,26-35,Referral,3,12,0,2026-08-24,Monthly,0,Not Churned
CUST05541,2022-05-24,Basic,29,51,Germany,46-55,Social Media,6,18,0,2026-06-09,Monthly,0,Not Churned
CUST05542,2022-11-20,Standard,65,45,India,36-45,Organic,4,14,0,2026-08-14,Monthly,0,Not Churned
CUST05543,2026-04-03,Premium,108,4,India,26-35,Partner,1,14,0,2026-06-19,Annual,0,Not Churned
CUST05544,2025-07-07,Premium,105,13,UK,56+,Referral,4,17,1,2026-07-13,Monthly,0,Not Churned
CUST05545,2022-09-21,Standard,62,47,Canada,36-45,Paid Ads,8,16,0,2026-07-03,Annual,0,Not Churned
CUST05546,2026-02-02,Basic,26,6,USA,26-35,Organic,5,11,0,2026-06-27,Annual,1,Pricing
CUST05547,2025-02-07,Basic,28,18,Australia,18-25,Paid Ads,2,18,1,2026-08-07,Monthly,0,Not Churned
CUST05548,2022-02-23,Basic,25,54,India,36-45,Organic,3,13,0,2026-06-28,Annual,0,Not Churned
CUST05549,2025-12-04,Basic,35,8,Germany,46-55,Paid Ads,6,10,0,2026-07-13,Monthly,0,Not Churned
CUST05550,2023-03-20,Basic,36,41,India,46-55,Social Media,3,12,0,2026-06-02,Monthly,0,Not Churned
CUST05551,2024-12-09,Basic,36,20,Australia,36-45,Referral,2,13,1,2026-06-22,Monthly,0,Not Churned
CUST05552,2024-11-09,Basic,31,21,USA,26-35,Paid Ads,2,11,1,2026-07-04,Monthly,0,Not Churned
CUST05553,2023-12-15,Premium,104,32,Australia,36-45,Organic,2,12,1,2026-07-21,Monthly,0,Not Churned
CUST05554,2021-12-25,Standard,66,56,UK,36-45,Partner,3,12,0,2026-06-19,Monthly,0,Not Churned
CUST05555,2021-10-26,Premium,97,58,India,26-35,Organic,3,19,0,2026-07-28,Annual,0,Not Churned
CUST05556,2023-12-15,Standard,59,32,Australia,26-35,Organic,2,16,0,2026-06-19,Monthly,0,Not Churned
CUST05557,2026-06-02,Basic,29,2,India,36-45,Referral,2,13,1,2026-07-02,Annual,0,Not Churned
CUST05558,2023-02-18,Standard,58,42,India,46-55,Social Media,4,10,2,2026-08-16,Monthly,1,Payment Issues
CUST05559,2026-06-02,Basic,35,2,Canada,36-45,Partner,3,16,0,2026-06-09,Annual,0,Not Churned
CUST05560,2023-03-20,Standard,65,41,India,18-25,Partner,4,10,2,2026-07-06,Annual,0,Not Churned
CUST05561,2023-12-15,Basic,24,32,India,18-25,Partner,1,16,4,2026-07-10,Annual,0,Not Churned
CUST05562,2021-09-26,Premium,104,59,USA,46-55,Paid Ads,3,9,0,2026-07-06,Annual,0,Not Churned
CUST05563,2024-10-10,Basic,30,22,Australia,46-55,Organic,2,9,0,2026-08-22,Annual,1,Pricing
CUST05564,2024-06-12,Basic,33,26,India,26-35,Referral,4,12,0,2026-06-20,Monthly,0,Not Churned
CUST05565,2023-03-20,Premium,108,41,USA,36-45,Organic,0,9,1,2026-07-16,Annual,0,Not Churned
CUST05566,2022-11-20,Basic,31,45,UK,46-55,Organic,3,10,1,2026-06-05,Monthly,0,Not Churned
CUST05567,2025-10-05,Standard,54,10,Australia,46-55,Organic,4,11,0,2026-08-27,Monthly,0,Not Churned
CUST05568,2023-05-19,Standard,63,39,Germany,36-45,Organic,4,9,0,2026-06-24,Annual,0,Not Churned
CUST05569,2022-11-20,Premium,100,45,Canada,26-35,Paid Ads,1,11,2,2026-06-16,Monthly,0,Not Churned
CUST05570,2026-03-04,Premium,97,5,UK,36-45,Paid Ads,4,10,0,2026-07-17,Monthly,0,Not Churned
CUST05571,2025-08-06,Premium,99,12,USA,18-25,Paid Ads,1,13,0,2026-08-26,Monthly,0,Not Churned
CUST05572,2023-03-20,Basic,32,41,India,46-55,Social Media,3,11,1,2026-07-02,Monthly,0,Not Churned
CUST05573,2023-03-20,Premium,108,41,UK,18-25,Referral,0,8,1,2026-08-27,Monthly,0,Not Churned
CUST05574,2023-12-15,Standard,58,32,Germany,36-45,Partner,4,10,0,2026-08-30,Monthly,0,Not Churned
CUST05575,2022-06-23,Standard,61,50,Canada,36-45,Paid Ads,2,16,0,2026-07-14,Monthly,0,Not Churned
CUST05576,2021-12-25,Basic,28,56,India,36-45,Organic,2,18,0,2026-08-04,Monthly,0,Not Churned
CUST05577,2023-04-19,Standard,55,40,USA,36-45,Organic,1,11,1,2026-07-02,Monthly,1,Competitor
CUST05578,2025-02-07,Premium,97,18,UK,18-25,Referral,5,13,0,2026-06-10,Annual,0,Not Churned
CUST05579,2025-10-05,Premium,107,10,UK,36-45,Social Media,4,12,1,2026-07-19,Annual,0,Not Churned
CUST05580,2024-09-10,Standard,55,23,UK,26-35,Organic,8,12,1,2026-08-28,Annual,0,Not Churned
CUST05581,2026-07-02,Basic,30,1,USA,26-35,Social Media,6,16,2,2026-07-06,Monthly,0,Not Churned
CUST05582,2022-03-25,Basic,30,53,India,56+,Paid Ads,2,11,0,2026-08-04,Monthly,1,Pricing
CUST05583,2022-03-25,Premium,107,53,Germany,36-45,Organic,4,11,1,2026-06-03,Annual,0,Not Churned
CUST05584,2023-02-18,Standard,68,42,UK,36-45,Referral,0,19,1,2026-06-07,Monthly,0,Not Churned
CUST05585,2023-07-18,Standard,56,37,India,36-45,Paid Ads,4,12,0,2026-07-11,Annual,0,Not Churned
CUST05586,2025-02-07,Basic,37,18,India,36-45,Organic,1,12,0,2026-08-10,Monthly,0,Not Churned
CUST05587,2024-02-13,Standard,66,30,Germany,36-45,Paid Ads,5,15,0,2026-07-13,Annual,0,Not Churned
CUST05588,2025-01-08,Standard,60,19,Australia,36-45,Social Media,6,13,1,2026-06-11,Monthly,0,Not Churned
CUST05589,2022-11-20,Premium,108,45,USA,56+,Referral,2,15,1,2026-08-22,Monthly,0,Not Churned
CUST05590,2023-06-18,Standard,54,38,India,26-35,Organic,2,14,1,2026-07-10,Annual,0,Not Churned
CUST05591,2025-03-09,Basic,24,17,India,36-45,Partner,4,4,0,2026-07-27,Annual,1,Low Engagement
CUST05592,2024-04-13,Standard,62,28,India,36-45,Organic,6,12,0,2026-07-01,Monthly,1,Competitor
CUST05593,2024-10-10,Basic,29,22,UK,26-35,Organic,3,8,0,2026-08-23,Monthly,1,Pricing
CUST05594,2022-10-21,Premium,106,46,USA,26-35,Paid Ads,6,10,0,2026-08-10,Annual,0,Not Churned
CUST05595,2023-06-18,Basic,37,38,UK,56+,Social Media,2,13,0,2026-06-07,Monthly,0,Not Churned
CUST05596,2023-12-15,Standard,65,32,UK,18-25,Paid Ads,1,15,0,2026-08-06,Monthly,1,Competitor
CUST05597,2022-01-24,Basic,28,55,India,26-35,Referral,4,9,1,2026-06-27,Monthly,0,Not Churned
CUST05598,2024-07-12,Standard,66,25,India,26-35,Partner,3,9,0,2026-07-07,Annual,1,Competitor
CUST05599,2022-08-22,Standard,59,48,USA,18-25,Social Media,3,15,0,2026-08-26,Monthly,0,Not Churned
CUST05600,2025-11-04,Standard,59,9,India,46-55,Organic,3,4,1,2026-08-18,Annual,1,Low Engagement
CUST05601,2023-08-17,Basic,24,36,India,26-35,Social Media,3,12,1,2026-08-07,Monthly,0,Not Churned
CUST05602,2022-06-23,Basic,28,50,UK,26-35,Referral,7,9,0,2026-07-15,Monthly,0,Not Churned
CUST05603,2023-07-18,Basic,32,37,Canada,46-55,Organic,3,10,1,2026-06-03,Monthly,0,Not Churned
CUST05604,2026-07-02,Standard,57,1,Canada,26-35,Paid Ads,1,16,1,2026-06-10,Monthly,1,Competitor
CUST05605,2024-03-14,Basic,26,29,Canada,36-45,Referral,3,16,1,2026-07-23,Monthly,0,Not Churned
CUST05606,2025-05-08,Standard,54,15,UK,46-55,Organic,3,9,0,2026-07-29,Monthly,0,Not Churned
CUST05607,2022-12-20,Premium,107,44,Canada,36-45,Organic,1,14,0,2026-08-26,Monthly,0,Not Churned
CUST05608,2022-10-21,Premium,108,46,India,36-45,Referral,2,15,0,2026-08-30,Monthly,1,Competitor
CUST05609,2021-08-27,Standard,55,60,Germany,18-25,Social Media,3,18,0,2026-06-09,Monthly,0,Not Churned
CUST05610,2024-03-14,Standard,56,29,India,18-25,Organic,0,14,0,2026-08-27,Monthly,0,Not Churned
CUST05611,2024-11-09,Basic,27,21,India,26-35,Paid Ads,3,12,0,2026-06-02,Monthly,1,Pricing
CUST05612,2025-08-06,Standard,60,12,India,18-25,Referral,0,21,0,2026-08-17,Monthly,0,Not Churned
CUST05613,2024-06-12,Premium,99,26,Germany,36-45,Referral,2,13,0,2026-08-23,Annual,0,Not Churned
CUST05614,2022-11-20,Basic,34,45,Germany,26-35,Partner,4,7,1,2026-06-03,Monthly,1,Pricing
CUST05615,2024-01-14,Standard,61,31,Canada,36-45,Referral,3,15,2,2026-08-25,Monthly,0,Not Churned
CUST05616,2023-09-16,Premium,107,35,UK,26-35,Referral,1,18,2,2026-08-07,Monthly,0,Not Churned
CUST05617,2025-06-07,Premium,102,14,USA,26-35,Partner,3,13,0,2026-07-26,Monthly,0,Not Churned
CUST05618,2022-01-24,Basic,38,55,Germany,26-35,Organic,1,8,0,2026-08-04,Monthly,0,Not Churned
CUST05619,2026-01-03,Standard,59,7,UK,26-35,Organic,7,10,1,2026-07-18,Monthly,0,Not Churned
CUST05620,2026-05-03,Basic,30,3,Germany,36-45,Referral,4,13,2,2026-08-31,Monthly,1,Payment Issues
CUST05621,2022-03-25,Basic,27,53,India,36-45,Paid Ads,3,8,0,2026-06-25,Annual,0,Not Churned
CUST05622,2023-03-20,Premium,95,41,India,46-55,Organic,3,19,0,2026-07-25,Annual,0,Not Churned
CUST05623,2026-04-03,Premium,102,4,Australia,46-55,Paid Ads,2,20,0,2026-07-17,Annual,0,Not Churned
CUST05624,2026-06-02,Standard,62,2,India,36-45,Referral,0,13,0,2026-08-21,Monthly,0,Not Churned
CUST05625,2023-09-16,Basic,38,35,Germany,36-45,Social Media,2,10,0,2026-08-08,Annual,0,Not Churned
CUST05626,2021-09-26,Premium,97,59,USA,18-25,Organic,2,23,0,2026-08-22,Monthly,1,Competitor
CUST05627,2023-11-15,Standard,65,33,Germany,18-25,Paid Ads,3,10,0,2026-06-16,Monthly,0,Not Churned
CUST05628,2023-07-18,Basic,26,37,India,46-55,Organic,2,15,0,2026-08-30,Monthly,0,Not Churned
CUST05629,2023-03-20,Standard,63,41,UK,26-35,Referral,3,5,1,2026-07-29,Monthly,0,Not Churned
CUST05630,2022-06-23,Basic,37,50,USA,26-35,Paid Ads,2,7,1,2026-06-20,Monthly,0,Not Churned
CUST05631,2025-07-07,Standard,64,13,UK,18-25,Partner,3,13,0,2026-08-31,Annual,0,Not Churned
CUST05632,2022-05-24,Standard,59,51,USA,26-35,Organic,0,12,1,2026-07-28,Annual,0,Not Churned
CUST05633,2022-05-24,Basic,37,51,Germany,36-45,Paid Ads,3,10,1,2026-06-25,Monthly,0,Not Churned
CUST05634,2026-01-03,Basic,37,7,UK,26-35,Organic,3,12,0,2026-07-07,Annual,0,Not Churned
CUST05635,2021-08-27,Basic,26,60,India,26-35,Paid Ads,7,15,1,2026-08-05,Annual,0,Not Churned
CUST05636,2021-10-26,Basic,24,58,Australia,26-35,Social Media,2,17,1,2026-08-30,Monthly,0,Not Churned
CUST05637,2023-05-19,Standard,57,39,India,36-45,Partner,1,15,0,2026-08-29,Monthly,0,Not Churned
CUST05638,2022-09-21,Premium,94,47,USA,36-45,Paid Ads,1,6,0,2026-07-09,Annual,0,Not Churned
CUST05639,2024-05-13,Basic,25,27,India,26-35,Social Media,3,11,0,2026-08-14,Monthly,0,Not Churned
CUST05640,2022-07-23,Basic,26,49,Australia,36-45,Organic,1,11,0,2026-06-10,Annual,0,Not Churned
CUST05641,2026-05-03,Standard,61,3,India,26-35,Organic,3,17,0,2026-08-22,Monthly,0,Not Churned
CUST05642,2025-03-09,Premium,103,17,India,36-45,Social Media,4,12,0,2026-06-06,Annual,0,Not Churned
CUST05643,2024-07-12,Basic,27,25,Germany,36-45,Organic,4,10,0,2026-07-15,Annual,0,Not Churned
CUST05644,2024-02-13,Basic,27,30,Canada,56+,Organic,3,12,1,2026-08-12,Monthly,0,Not Churned
CUST05645,2022-01-24,Standard,66,55,India,26-35,Paid Ads,2,8,0,2026-08-03,Monthly,0,Not Churned
CUST05646,2025-06-07,Basic,33,14,Canada,18-25,Paid Ads,5,15,1,2026-08-27,Monthly,0,Not Churned
CUST05647,2024-03-14,Basic,32,29,Australia,26-35,Organic,3,11,0,2026-08-03,Monthly,0,Not Churned
CUST05648,2026-03-04,Standard,60,5,India,18-25,Social Media,4,18,0,2026-06-07,Monthly,0,Not Churned
CUST05649,2026-01-03,Standard,55,7,Australia,26-35,Paid Ads,2,12,0,2026-06-17,Annual,0,Not Churned
CUST05650,2022-05-24,Standard,56,51,USA,26-35,Paid Ads,3,8,0,2026-08-19,Annual,0,Not Churned
CUST05651,2025-01-08,Standard,57,19,UK,26-35,Organic,2,9,0,2026-06-04,Annual,1,Competitor
CUST05652,2023-11-15,Standard,57,33,USA,46-55,Paid Ads,1,11,0,2026-08-09,Monthly,1,Competitor
CUST05653,2024-11-09,Basic,33,21,UK,26-35,Social Media,5,7,0,2026-06-07,Annual,1,Pricing
CUST05654,2022-01-24,Basic,31,55,India,56+,Partner,2,12,1,2026-07-18,Monthly,0,Not Churned
CUST05655,2022-05-24,Basic,33,51,Canada,46-55,Partner,2,10,0,2026-06-23,Monthly,0,Not Churned
CUST05656,2024-11-09,Basic,37,21,India,46-55,Paid Ads,4,13,1,2026-08-31,Monthly,0,Not Churned
CUST05657,2021-10-26,Standard,63,58,USA,46-55,Partner,3,16,2,2026-08-26,Annual,0,Not Churned
CUST05658,2025-03-09,Premium,99,17,India,36-45,Organic,0,15,2,2026-06-04,Monthly,0,Not Churned
CUST05659,2024-09-10,Premium,96,23,Australia,36-45,Organic,4,10,0,2026-06-19,Annual,0,Not Churned
CUST05660,2024-05-13,Standard,64,27,India,26-35,Social Media,6,10,0,2026-07-20,Monthly,0,Not Churned
CUST05661,2024-01-14,Basic,32,31,USA,36-45,Organic,0,14,1,2026-06-20,Monthly,0,Not Churned
CUST05662,2025-05-08,Basic,33,15,USA,46-55,Organic,1,15,0,2026-06-11,Monthly,0,Not Churned
CUST05663,2023-04-19,Premium,101,40,Canada,26-35,Partner,3,13,1,2026-07-14,Monthly,0,Not Churned
CUST05664,2023-04-19,Standard,62,40,USA,18-25,Social Media,4,10,0,2026-07-31,Monthly,0,Not Churned
CUST05665,2026-07-02,Standard,68,1,Canada,36-45,Organic,1,14,1,2026-07-15,Monthly,0,Not Churned
CUST05666,2024-12-09,Standard,58,20,India,36-45,Social Media,8,10,2,2026-07-05,Monthly,0,Not Churned
CUST05667,2023-03-20,Standard,56,41,India,46-55,Social Media,2,15,1,2026-07-29,Monthly,0,Not Churned
CUST05668,2023-10-16,Premium,97,34,USA,18-25,Partner,5,11,1,2026-06-20,Annual,0,Not Churned
CUST05669,2026-07-02,Basic,37,1,Germany,36-45,Paid Ads,5,14,0,2026-07-27,Monthly,0,Not Churned
CUST05670,2023-12-15,Standard,66,32,India,26-35,Referral,4,14,1,2026-07-12,Monthly,1,Competitor
CUST05671,2022-08-22,Premium,105,48,India,46-55,Social Media,2,14,0,2026-06-25,Annual,0,Not Churned
CUST05672,2024-10-10,Basic,28,22,India,18-25,Referral,1,8,0,2026-07-12,Monthly,0,Not Churned
CUST05673,2024-03-14,Standard,62,29,UK,46-55,Referral,2,6,1,2026-06-06,Annual,0,Not Churned
CUST05674,2022-11-20,Basic,32,45,USA,18-25,Paid Ads,2,12,1,2026-08-26,Annual,0,Not Churned
CUST05675,2021-09-26,Premium,107,59,Australia,18-25,Paid Ads,2,9,1,2026-06-20,Monthly,0,Not Churned
CUST05676,2025-09-05,Basic,26,11,India,26-35,Partner,3,8,0,2026-06-08,Annual,0,Not Churned
CUST05677,2023-11-15,Standard,60,33,India,26-35,Paid Ads,2,14,0,2026-07-18,Annual,0,Not Churned
CUST05678,2023-06-18,Basic,29,38,India,36-45,Organic,3,11,0,2026-07-24,Annual,0,Not Churned
CUST05679,2026-07-02,Standard,68,1,UK,18-25,Social Media,3,11,0,2026-06-04,Monthly,0,Not Churned
CUST05680,2023-06-18,Basic,27,38,UK,26-35,Organic,5,8,0,2026-08-13,Annual,0,Not Churned
CUST05681,2025-11-04,Basic,28,9,India,26-35,Paid Ads,4,13,1,2026-06-11,Monthly,0,Not Churned
CUST05682,2025-07-07,Standard,67,13,Germany,46-55,Organic,1,8,0,2026-08-11,Monthly,0,Not Churned
CUST05683,2022-08-22,Premium,108,48,India,18-25,Referral,3,15,0,2026-06-06,Monthly,1,Competitor
CUST05684,2022-03-25,Basic,33,53,UK,26-35,Partner,5,4,1,2026-06-16,Monthly,0,Not Churned
CUST05685,2022-04-24,Basic,25,52,USA,36-45,Referral,4,17,0,2026-06-24,Annual,0,Not Churned
CUST05686,2024-08-11,Standard,64,24,India,46-55,Organic,3,13,1,2026-06-11,Annual,0,Not Churned
CUST05687,2023-08-17,Standard,60,36,Australia,46-55,Partner,4,9,0,2026-06-04,Annual,0,Not Churned
CUST05688,2024-12-09,Premium,107,20,Canada,46-55,Paid Ads,6,17,0,2026-07-08,Monthly,0,Not Churned
CUST05689,2023-01-19,Basic,27,43,USA,18-25,Paid Ads,1,14,0,2026-08-20,Annual,0,Not Churned
CUST05690,2022-11-20,Standard,55,45,USA,46-55,Paid Ads,1,8,2,2026-06-24,Monthly,1,Payment Issues
CUST05691,2021-11-25,Basic,34,57,India,36-45,Partner,4,8,1,2026-08-20,Monthly,1,Pricing
CUST05692,2026-07-02,Basic,29,1,UK,46-55,Organic,1,11,0,2026-08-31,Monthly,1,Pricing
CUST05693,2021-08-27,Standard,64,60,India,26-35,Referral,0,18,2,2026-07-14,Monthly,0,Not Churned
CUST05694,2023-09-16,Standard,65,35,Australia,46-55,Paid Ads,4,17,0,2026-08-03,Monthly,0,Not Churned
CUST05695,2023-01-19,Standard,55,43,India,26-35,Organic,1,14,0,2026-06-03,Annual,1,Competitor
CUST05696,2024-12-09,Basic,33,20,India,36-45,Partner,2,10,0,2026-07-14,Monthly,0,Not Churned
CUST05697,2023-04-19,Standard,55,40,India,26-35,Referral,3,17,1,2026-08-15,Annual,0,Not Churned
CUST05698,2026-07-02,Standard,60,1,India,26-35,Social Media,2,20,1,2026-07-28,Monthly,0,Not Churned
CUST05699,2022-05-24,Premium,94,51,USA,36-45,Organic,2,10,0,2026-06-30,Monthly,0,Not Churned
CUST05700,2022-10-21,Basic,30,46,India,26-35,Social Media,2,15,2,2026-08-28,Monthly,0,Not Churned
CUST05701,2022-06-23,Basic,33,50,Canada,36-45,Social Media,2,5,0,2026-08-11,Annual,0,Not Churned
CUST05702,2026-02-02,Basic,28,6,India,36-45,Paid Ads,2,10,0,2026-07-28,Monthly,0,Not Churned
CUST05703,2021-08-27,Standard,54,60,UK,36-45,Referral,5,13,0,2026-07-08,Monthly,0,Not Churned
CUST05704,2023-03-20,Basic,29,41,USA,26-35,Partner,1,10,0,2026-06-20,Monthly,0,Not Churned
CUST05705,2024-06-12,Premium,100,26,Germany,56+,Social Media,3,6,0,2026-07-10,Annual,0,Not Churned
CUST05706,2024-03-14,Basic,24,29,Germany,36-45,Paid Ads,3,13,0,2026-06-21,Monthly,0,Not Churned
CUST05707,2023-03-20,Premium,102,41,Australia,26-35,Referral,0,15,1,2026-08-28,Monthly,0,Not Churned
CUST05708,2025-05-08,Basic,38,15,Canada,36-45,Social Media,2,8,0,2026-07-14,Annual,0,Not Churned
CUST05709,2021-10-26,Standard,60,58,USA,26-35,Organic,6,10,1,2026-06-21,Monthly,0,Not Churned
CUST05710,2023-07-18,Premium,94,37,Canada,18-25,Referral,3,12,2,2026-08-09,Monthly,0,Not Churned
CUST05711,2025-01-08,Basic,26,19,Germany,36-45,Partner,1,18,1,2026-07-21,Annual,0,Not Churned
CUST05712,2021-12-25,Premium,98,56,India,36-45,Partner,5,9,0,2026-06-07,Annual,0,Not Churned
CUST05713,2025-11-04,Standard,57,9,USA,26-35,Social Media,2,14,1,2026-06-27,Monthly,0,Not Churned
CUST05714,2023-03-20,Premium,95,41,India,26-35,Organic,3,16,0,2026-07-27,Annual,1,Competitor
CUST05715,2021-09-26,Standard,68,59,USA,46-55,Partner,1,8,1,2026-06-15,Annual,0,Not Churned
CUST05716,2025-03-09,Basic,24,17,USA,26-35,Referral,4,14,1,2026-08-10,Monthly,0,Not Churned
CUST05717,2023-12-15,Basic,27,32,USA,26-35,Organic,1,10,0,2026-07-30,Annual,0,Not Churned
CUST05718,2024-04-13,Basic,30,28,USA,56+,Referral,3,14,0,2026-07-11,Annual,0,Not Churned
CUST05719,2025-05-08,Basic,34,15,Germany,26-35,Social Media,5,12,2,2026-08-09,Annual,0,Not Churned
CUST05720,2021-10-26,Basic,27,58,USA,36-45,Organic,0,4,2,2026-08-09,Monthly,0,Not Churned
CUST05721,2022-03-25,Basic,32,53,Australia,26-35,Partner,3,17,0,2026-08-19,Annual,0,Not Churned
CUST05722,2023-02-18,Standard,67,42,India,36-45,Partner,5,12,1,2026-08-31,Monthly,0,Not Churned
CUST05723,2024-04-13,Standard,61,28,USA,26-35,Organic,6,12,0,2026-06-10,Annual,0,Not Churned
CUST05724,2025-11-04,Basic,31,9,USA,56+,Partner,3,16,0,2026-07-29,Monthly,0,Not Churned
CUST05725,2024-05-13,Basic,28,27,India,26-35,Partner,1,12,1,2026-07-25,Monthly,0,Not Churned
CUST05726,2025-01-08,Standard,65,19,USA,36-45,Organic,3,13,0,2026-08-08,Annual,0,Not Churned
CUST05727,2026-01-03,Basic,38,7,USA,46-55,Organic,4,9,1,2026-06-28,Monthly,0,Not Churned
CUST05728,2024-07-12,Basic,24,25,USA,56+,Paid Ads,3,11,2,2026-06-24,Monthly,0,Not Churned
CUST05729,2024-02-13,Basic,38,30,UK,18-25,Paid Ads,3,11,1,2026-08-25,Monthly,0,Not Churned
CUST05730,2025-07-07,Premium,102,13,USA,46-55,Social Media,2,8,1,2026-07-01,Annual,0,Not Churned
CUST05731,2026-06-02,Premium,95,2,India,26-35,Paid Ads,4,19,0,2026-08-04,Monthly,0,Not Churned
CUST05732,2025-02-07,Basic,29,18,UK,36-45,Partner,4,18,0,2026-08-31,Monthly,0,Not Churned
CUST05733,2022-03-25,Standard,63,53,India,26-35,Partner,1,6,2,2026-08-19,Monthly,0,Not Churned
CUST05734,2023-04-19,Standard,67,40,India,26-35,Paid Ads,1,11,0,2026-07-12,Monthly,0,Not Churned
CUST05735,2021-10-26,Standard,58,58,India,26-35,Paid Ads,1,9,0,2026-06-22,Monthly,1,Competitor
CUST05736,2022-03-25,Standard,63,53,India,36-45,Referral,0,15,1,2026-07-13,Monthly,1,Competitor
CUST05737,2025-12-04,Standard,66,8,India,36-45,Referral,3,12,0,2026-07-02,Monthly,0,Not Churned
CUST05738,2024-12-09,Basic,38,20,India,26-35,Paid Ads,8,7,0,2026-07-07,Annual,1,Poor Support Experience
CUST05739,2025-11-04,Basic,31,9,India,36-45,Organic,1,16,1,2026-08-10,Annual,0,Not Churned
CUST05740,2025-07-07,Standard,64,13,UK,56+,Organic,5,15,0,2026-07-10,Monthly,0,Not Churned
CUST05741,2022-04-24,Premium,96,52,India,36-45,Organic,0,8,0,2026-08-11,Monthly,0,Not Churned
CUST05742,2024-11-09,Standard,59,21,USA,26-35,Partner,3,12,0,2026-08-16,Annual,0,Not Churned
CUST05743,2024-04-13,Premium,99,28,Australia,46-55,Organic,2,10,0,2026-07-05,Annual,0,Not Churned
CUST05744,2022-12-20,Premium,103,44,Canada,36-45,Organic,6,18,0,2026-06-16,Monthly,0,Not Churned
CUST05745,2021-08-27,Basic,26,60,India,18-25,Referral,3,9,1,2026-08-17,Monthly,0,Not Churned
CUST05746,2026-01-03,Standard,65,7,Germany,36-45,Organic,3,7,0,2026-07-10,Annual,0,Not Churned
CUST05747,2021-11-25,Standard,65,57,India,26-35,Organic,1,8,1,2026-08-12,Monthly,1,Competitor
CUST05748,2024-01-14,Premium,108,31,India,36-45,Referral,3,12,0,2026-07-10,Annual,0,Not Churned
CUST05749,2022-03-25,Premium,105,53,Germany,56+,Referral,0,9,2,2026-08-09,Monthly,1,Payment Issues
CUST05750,2024-09-10,Standard,60,23,Australia,26-35,Organic,4,10,0,2026-06-08,Monthly,0,Not Churned
CUST05751,2025-07-07,Basic,34,13,USA,26-35,Paid Ads,3,17,0,2026-06-10,Monthly,0,Not Churned
CUST05752,2022-11-20,Standard,57,45,UK,26-35,Paid Ads,4,15,1,2026-07-06,Annual,0,Not Churned
CUST05753,2023-08-17,Basic,28,36,UK,26-35,Paid Ads,5,16,1,2026-08-12,Monthly,0,Not Churned
CUST05754,2026-06-02,Standard,62,2,India,36-45,Referral,7,11,0,2026-08-01,Monthly,1,Poor Support Experience
CUST05755,2023-10-16,Premium,99,34,India,36-45,Organic,2,11,0,2026-07-15,Monthly,1,Competitor
CUST05756,2026-03-04,Basic,33,5,USA,18-25,Paid Ads,4,12,2,2026-08-23,Annual,0,Not Churned
CUST05757,2026-06-02,Standard,68,2,Australia,46-55,Social Media,2,13,0,2026-08-27,Annual,0,Not Churned
CUST05758,2022-09-21,Standard,66,47,India,26-35,Partner,1,8,0,2026-08-18,Monthly,1,Competitor
CUST05759,2023-10-16,Standard,57,34,Canada,56+,Social Media,1,11,0,2026-07-24,Annual,0,Not Churned
CUST05760,2026-06-02,Basic,31,2,India,26-35,Paid Ads,3,15,0,2026-07-14,Monthly,1,Pricing
CUST05761,2024-12-09,Standard,62,20,USA,36-45,Paid Ads,2,12,0,2026-08-22,Monthly,0,Not Churned
CUST05762,2025-12-04,Premium,103,8,UK,18-25,Paid Ads,2,14,0,2026-07-31,Monthly,0,Not Churned
CUST05763,2024-09-10,Premium,98,23,UK,26-35,Social Media,5,14,0,2026-06-29,Annual,0,Not Churned
CUST05764,2023-07-18,Basic,25,37,India,46-55,Social Media,4,13,3,2026-06-23,Monthly,0,Not Churned
CUST05765,2025-04-08,Premium,108,16,USA,26-35,Paid Ads,5,10,0,2026-07-03,Monthly,0,Not Churned
CUST05766,2022-01-24,Standard,68,55,USA,46-55,Organic,3,10,0,2026-08-05,Monthly,1,Competitor
CUST05767,2024-10-10,Basic,29,22,India,36-45,Paid Ads,2,15,0,2026-08-30,Monthly,0,Not Churned
CUST05768,2021-12-25,Basic,34,56,India,46-55,Organic,4,8,0,2026-06-09,Annual,0,Not Churned
CUST05769,2022-10-21,Basic,38,46,UK,56+,Partner,4,6,0,2026-06-09,Monthly,0,Not Churned
CUST05770,2025-12-04,Premium,105,8,USA,26-35,Organic,3,11,1,2026-07-22,Monthly,0,Not Churned
CUST05771,2022-01-24,Standard,61,55,India,36-45,Organic,2,12,1,2026-07-12,Monthly,0,Not Churned
CUST05772,2022-03-25,Standard,66,53,USA,46-55,Social Media,5,7,1,2026-06-26,Monthly,0,Not Churned
CUST05773,2022-02-23,Basic,28,54,Australia,26-35,Organic,4,12,0,2026-07-02,Monthly,0,Not Churned
CUST05774,2023-01-19,Standard,54,43,India,46-55,Organic,2,10,1,2026-08-24,Monthly,0,Not Churned
CUST05775,2023-01-19,Basic,31,43,UK,36-45,Paid Ads,4,5,1,2026-08-26,Monthly,0,Not Churned
CUST05776,2024-06-12,Basic,32,26,India,36-45,Referral,2,13,0,2026-07-06,Monthly,0,Not Churned
CUST05777,2023-04-19,Standard,54,40,India,18-25,Paid Ads,5,11,1,2026-07-07,Monthly,0,Not Churned
CUST05778,2024-09-10,Basic,31,23,India,36-45,Paid Ads,1,12,0,2026-08-10,Monthly,0,Not Churned
CUST05779,2025-04-08,Premium,103,16,USA,26-35,Organic,5,16,0,2026-06-15,Annual,0,Not Churned
CUST05780,2024-11-09,Basic,35,21,Canada,46-55,Referral,2,11,0,2026-06-03,Monthly,0,Not Churned
CUST05781,2021-10-26,Standard,55,58,India,36-45,Paid Ads,4,12,2,2026-07-13,Annual,0,Not Churned
CUST05782,2023-04-19,Standard,57,40,UK,26-35,Social Media,2,12,0,2026-07-27,Annual,0,Not Churned
CUST05783,2022-04-24,Standard,66,52,USA,56+,Paid Ads,1,13,0,2026-07-26,Monthly,0,Not Churned
CUST05784,2024-03-14,Basic,38,29,India,36-45,Paid Ads,1,9,2,2026-07-01,Annual,0,Not Churned
CUST05785,2022-02-23,Basic,38,54,USA,56+,Referral,1,9,0,2026-08-03,Annual,0,Not Churned
CUST05786,2024-12-09,Premium,95,20,Canada,26-35,Organic,3,13,1,2026-06-28,Annual,0,Not Churned
CUST05787,2025-08-06,Basic,25,12,Australia,36-45,Organic,3,5,1,2026-06-16,Annual,0,Not Churned
CUST05788,2023-07-18,Premium,103,37,Australia,36-45,Social Media,4,16,1,2026-08-25,Monthly,0,Not Churned
CUST05789,2024-06-12,Premium,96,26,India,36-45,Organic,3,15,2,2026-08-23,Monthly,0,Not Churned
CUST05790,2026-05-03,Basic,37,3,Canada,18-25,Referral,2,14,1,2026-06-12,Monthly,0,Not Churned
CUST05791,2025-02-07,Basic,31,18,India,26-35,Organic,5,11,0,2026-06-07,Monthly,0,Not Churned
CUST05792,2021-09-26,Standard,57,59,Canada,46-55,Social Media,5,12,1,2026-08-21,Monthly,0,Not Churned
CUST05793,2026-07-02,Premium,100,1,Germany,26-35,Partner,2,10,1,2026-07-02,Annual,0,Not Churned
CUST05794,2025-01-08,Premium,105,19,India,56+,Paid Ads,3,11,0,2026-08-28,Monthly,0,Not Churned
CUST05795,2025-07-07,Standard,63,13,USA,26-35,Paid Ads,2,16,0,2026-07-01,Monthly,0,Not Churned
CUST05796,2023-01-19,Standard,56,43,UK,56+,Paid Ads,1,12,0,2026-06-30,Monthly,0,Not Churned
CUST05797,2023-11-15,Basic,33,33,UK,36-45,Social Media,4,10,0,2026-07-23,Monthly,0,Not Churned
CUST05798,2024-02-13,Premium,105,30,India,36-45,Organic,0,12,0,2026-08-11,Monthly,0,Not Churned
CUST05799,2024-10-10,Premium,107,22,Germany,26-35,Referral,2,10,1,2026-06-11,Annual,0,Not Churned
CUST05800,2024-05-13,Basic,38,27,UK,46-55,Referral,3,13,1,2026-08-07,Annual,0,Not Churned
CUST05801,2022-06-23,Basic,37,50,India,36-45,Paid Ads,6,15,1,2026-07-21,Monthly,0,Not Churned
CUST05802,2022-05-24,Basic,36,51,India,36-45,Organic,1,9,0,2026-06-10,Monthly,0,Not Churned
CUST05803,2025-07-07,Basic,34,13,Canada,18-25,Organic,5,22,0,2026-07-14,Annual,0,Not Churned
CUST05804,2025-12-04,Premium,107,8,India,36-45,Social Media,4,11,2,2026-08-03,Annual,0,Not Churned
CUST05805,2022-03-25,Basic,26,53,India,46-55,Organic,1,12,0,2026-07-02,Annual,0,Not Churned
CUST05806,2021-08-27,Basic,25,60,USA,26-35,Referral,4,11,0,2026-06-13,Monthly,0,Not Churned
CUST05807,2022-06-23,Basic,36,50,UK,36-45,Paid Ads,1,4,1,2026-08-22,Monthly,0,Not Churned
CUST05808,2026-06-02,Premium,105,2,UK,18-25,Organic,3,12,0,2026-07-22,Monthly,0,Not Churned
CUST05809,2022-05-24,Standard,59,51,USA,46-55,Paid Ads,6,13,0,2026-07-17,Monthly,0,Not Churned
CUST05810,2025-01-08,Standard,59,19,Canada,56+,Social Media,6,11,0,2026-07-04,Annual,0,Not Churned
CUST05811,2024-08-11,Basic,24,24,Germany,26-35,Referral,3,6,0,2026-06-07,Annual,0,Not Churned
CUST05812,2026-03-04,Premium,100,5,India,18-25,Social Media,3,11,0,2026-06-24,Annual,0,Not Churned
CUST05813,2025-12-04,Premium,105,8,UK,36-45,Referral,3,11,0,2026-07-05,Monthly,0,Not Churned
CUST05814,2024-12-09,Basic,37,20,Germany,18-25,Referral,2,13,1,2026-08-28,Annual,0,Not Churned
CUST05815,2021-11-25,Basic,37,57,UK,26-35,Paid Ads,4,15,1,2026-07-22,Monthly,0,Not Churned
CUST05816,2023-09-16,Basic,27,35,UK,26-35,Partner,8,9,0,2026-08-15,Monthly,0,Not Churned
CUST05817,2026-06-02,Basic,36,2,India,26-35,Paid Ads,1,13,0,2026-07-09,Annual,0,Not Churned
CUST05818,2026-02-02,Standard,64,6,USA,18-25,Referral,3,12,0,2026-06-29,Monthly,0,Not Churned
CUST05819,2021-09-26,Premium,105,59,USA,18-25,Paid Ads,6,15,1,2026-07-16,Annual,0,Not Churned
CUST05820,2025-04-08,Standard,56,16,UK,18-25,Paid Ads,4,12,1,2026-06-14,Monthly,1,Competitor
CUST05821,2022-09-21,Premium,106,47,Germany,36-45,Organic,2,13,0,2026-06-21,Annual,0,Not Churned
CUST05822,2023-08-17,Standard,66,36,India,36-45,Organic,1,9,1,2026-07-08,Monthly,0,Not Churned
CUST05823,2026-06-02,Standard,61,2,India,26-35,Referral,0,11,0,2026-07-22,Annual,1,Competitor
CUST05824,2025-06-07,Standard,55,14,India,36-45,Organic,4,12,1,2026-08-19,Annual,0,Not Churned
CUST05825,2023-06-18,Basic,32,38,Canada,46-55,Paid Ads,3,14,1,2026-06-09,Annual,0,Not Churned
CUST05826,2022-04-24,Basic,36,52,India,26-35,Partner,4,17,1,2026-07-13,Monthly,0,Not Churned
CUST05827,2024-06-12,Standard,61,26,UK,46-55,Referral,2,16,0,2026-07-23,Monthly,0,Not Churned
CUST05828,2021-09-26,Basic,31,59,India,36-45,Organic,1,11,0,2026-07-05,Annual,0,Not Churned
CUST05829,2024-12-09,Basic,36,20,USA,18-25,Social Media,5,12,0,2026-07-30,Annual,0,Not Churned
CUST05830,2024-03-14,Standard,56,29,India,26-35,Organic,3,12,2,2026-07-31,Monthly,0,Not Churned
CUST05831,2021-10-26,Premium,106,58,Australia,36-45,Referral,5,13,0,2026-06-11,Monthly,0,Not Churned
CUST05832,2026-04-03,Standard,57,4,USA,36-45,Paid Ads,1,10,0,2026-07-18,Monthly,0,Not Churned
CUST05833,2024-12-09,Premium,95,20,Germany,26-35,Organic,1,12,1,2026-06-08,Monthly,0,Not Churned
CUST05834,2024-08-11,Standard,55,24,USA,56+,Organic,1,13,1,2026-08-21,Monthly,0,Not Churned
CUST05835,2026-07-02,Standard,57,1,India,36-45,Organic,3,14,0,2026-06-18,Monthly,0,Not Churned
CUST05836,2024-07-12,Standard,59,25,India,26-35,Organic,3,11,0,2026-06-20,Annual,0,Not Churned
CUST05837,2025-06-07,Premium,98,14,Germany,18-25,Organic,1,14,0,2026-06-13,Monthly,0,Not Churned
CUST05838,2023-09-16,Standard,68,35,Canada,26-35,Partner,6,9,0,2026-08-04,Annual,1,Competitor
CUST05839,2022-03-25,Standard,54,53,India,26-35,Paid Ads,5,11,1,2026-06-07,Annual,0,Not Churned
CUST05840,2024-11-09,Standard,66,21,UK,26-35,Social Media,4,11,0,2026-07-24,Annual,0,Not Churned
CUST05841,2023-08-17,Standard,63,36,USA,36-45,Paid Ads,4,16,2,2026-07-31,Monthly,0,Not Churned
CUST05842,2022-04-24,Basic,24,52,India,36-45,Referral,1,13,2,2026-06-07,Monthly,0,Not Churned
CUST05843,2024-09-10,Basic,38,23,India,26-35,Organic,2,8,0,2026-07-03,Monthly,0,Not Churned
CUST05844,2022-10-21,Basic,29,46,Australia,36-45,Organic,5,7,1,2026-08-29,Annual,0,Not Churned
CUST05845,2024-12-09,Premium,96,20,India,18-25,Paid Ads,1,12,1,2026-06-18,Monthly,0,Not Churned
CUST05846,2024-06-12,Basic,26,26,India,26-35,Social Media,1,7,0,2026-06-06,Monthly,0,Not Churned
CUST05847,2022-05-24,Basic,30,51,India,36-45,Organic,7,8,1,2026-06-16,Monthly,0,Not Churned
CUST05848,2024-05-13,Standard,66,27,India,26-35,Paid Ads,2,20,0,2026-08-06,Monthly,1,Competitor
CUST05849,2023-03-20,Basic,36,41,USA,46-55,Organic,4,10,2,2026-08-06,Annual,0,Not Churned
CUST05850,2025-06-07,Standard,54,14,India,56+,Paid Ads,2,7,0,2026-08-13,Monthly,0,Not Churned
CUST05851,2023-08-17,Basic,24,36,India,36-45,Referral,5,18,1,2026-06-08,Annual,0,Not Churned
CUST05852,2026-04-03,Premium,107,4,Germany,18-25,Referral,3,10,0,2026-07-03,Monthly,0,Not Churned
CUST05853,2024-06-12,Premium,106,26,India,26-35,Organic,3,8,0,2026-06-05,Annual,0,Not Churned
CUST05854,2022-12-20,Premium,103,44,USA,18-25,Organic,6,8,0,2026-07-17,Monthly,1,Competitor
CUST05855,2023-04-19,Standard,56,40,USA,36-45,Paid Ads,2,13,0,2026-08-10,Annual,0,Not Churned
CUST05856,2021-08-27,Standard,67,60,USA,46-55,Partner,2,12,1,2026-08-18,Monthly,0,Not Churned
CUST05857,2025-04-08,Basic,31,16,Canada,36-45,Paid Ads,2,21,2,2026-07-28,Annual,0,Not Churned
CUST05858,2023-01-19,Basic,24,43,India,36-45,Paid Ads,6,13,0,2026-08-27,Monthly,1,Pricing
CUST05859,2023-05-19,Basic,33,39,Australia,36-45,Paid Ads,4,17,0,2026-06-07,Monthly,0,Not Churned
CUST05860,2024-12-09,Standard,66,20,Canada,46-55,Organic,3,16,1,2026-06-04,Monthly,0,Not Churned
CUST05861,2022-10-21,Standard,57,46,Canada,26-35,Social Media,2,12,1,2026-07-29,Monthly,0,Not Churned
CUST05862,2024-08-11,Standard,62,24,India,46-55,Organic,2,10,1,2026-07-22,Monthly,1,Competitor
CUST05863,2025-10-05,Basic,37,10,India,36-45,Referral,5,7,1,2026-06-14,Monthly,0,Not Churned
CUST05864,2026-06-02,Standard,57,2,USA,26-35,Paid Ads,2,14,0,2026-08-22,Monthly,0,Not Churned
CUST05865,2022-11-20,Standard,63,45,Australia,56+,Referral,2,15,0,2026-07-08,Monthly,0,Not Churned
CUST05866,2025-11-04,Standard,61,9,USA,56+,Organic,2,12,0,2026-07-16,Monthly,0,Not Churned
CUST05867,2025-02-07,Standard,60,18,India,36-45,Social Media,4,8,1,2026-08-21,Monthly,0,Not Churned
CUST05868,2023-02-18,Basic,26,42,India,46-55,Organic,4,9,0,2026-06-25,Monthly,0,Not Churned
CUST05869,2022-10-21,Premium,100,46,UK,26-35,Referral,3,14,1,2026-06-21,Monthly,0,Not Churned
CUST05870,2024-02-13,Standard,68,30,Canada,26-35,Social Media,3,12,0,2026-06-18,Monthly,0,Not Churned
CUST05871,2026-05-03,Basic,30,3,India,26-35,Paid Ads,4,14,1,2026-07-11,Monthly,0,Not Churned
CUST05872,2024-03-14,Basic,33,29,India,36-45,Paid Ads,4,15,0,2026-06-03,Monthly,0,Not Churned
CUST05873,2022-02-23,Standard,56,54,USA,26-35,Partner,4,10,3,2026-08-01,Monthly,1,Payment Issues
CUST05874,2026-01-03,Premium,95,7,USA,26-35,Organic,4,10,1,2026-08-07,Annual,0,Not Churned
CUST05875,2024-07-12,Standard,68,25,UK,36-45,Partner,2,12,0,2026-07-29,Annual,0,Not Churned
CUST05876,2024-08-11,Basic,32,24,Canada,18-25,Organic,3,12,0,2026-06-18,Annual,0,Not Churned
CUST05877,2023-01-19,Premium,108,43,UK,18-25,Paid Ads,2,12,0,2026-08-05,Monthly,0,Not Churned
CUST05878,2026-02-02,Standard,54,6,India,26-35,Organic,4,11,0,2026-06-16,Monthly,0,Not Churned
CUST05879,2025-05-08,Standard,67,15,UK,26-35,Organic,2,9,0,2026-06-28,Monthly,0,Not Churned
CUST05880,2025-05-08,Standard,60,15,Germany,26-35,Organic,1,13,0,2026-06-19,Monthly,0,Not Churned
CUST05881,2023-04-19,Basic,27,40,Australia,26-35,Organic,1,8,0,2026-08-19,Monthly,1,Pricing
CUST05882,2024-05-13,Standard,55,27,Australia,26-35,Partner,4,9,0,2026-07-25,Monthly,0,Not Churned
CUST05883,2021-09-26,Basic,38,59,India,26-35,Social Media,5,9,1,2026-06-27,Monthly,0,Not Churned
CUST05884,2024-11-09,Premium,95,21,Canada,26-35,Organic,3,12,1,2026-06-28,Annual,0,Not Churned
CUST05885,2021-10-26,Standard,61,58,Australia,46-55,Organic,3,11,0,2026-08-30,Annual,0,Not Churned
CUST05886,2021-10-26,Standard,60,58,UK,26-35,Referral,7,6,0,2026-07-31,Monthly,0,Not Churned
CUST05887,2022-11-20,Standard,65,45,India,36-45,Paid Ads,7,8,0,2026-06-17,Monthly,0,Not Churned
CUST05888,2023-12-15,Premium,100,32,Germany,18-25,Social Media,1,7,0,2026-07-24,Monthly,0,Not Churned
CUST05889,2023-12-15,Premium,98,32,USA,26-35,Paid Ads,4,14,2,2026-07-30,Monthly,1,Payment Issues
CUST05890,2025-08-06,Standard,67,12,India,26-35,Referral,2,10,0,2026-07-27,Monthly,0,Not Churned
CUST05891,2022-12-20,Standard,63,44,India,46-55,Referral,2,15,1,2026-08-11,Monthly,0,Not Churned
CUST05892,2025-11-04,Standard,61,9,UK,26-35,Referral,3,11,0,2026-08-27,Monthly,0,Not Churned
CUST05893,2024-12-09,Standard,67,20,USA,36-45,Organic,3,12,0,2026-06-13,Annual,0,Not Churned
CUST05894,2022-07-23,Basic,25,49,India,36-45,Paid Ads,1,12,0,2026-08-18,Monthly,0,Not Churned
CUST05895,2025-05-08,Standard,55,15,Canada,18-25,Organic,4,9,1,2026-07-09,Annual,0,Not Churned
CUST05896,2025-07-07,Basic,28,13,Canada,46-55,Referral,1,14,0,2026-08-20,Annual,0,Not Churned
CUST05897,2022-10-21,Premium,108,46,Canada,26-35,Paid Ads,2,10,0,2026-07-28,Monthly,0,Not Churned
CUST05898,2025-12-04,Basic,24,8,India,18-25,Social Media,0,9,0,2026-06-26,Annual,1,Pricing
CUST05899,2024-11-09,Premium,99,21,UK,26-35,Organic,4,9,0,2026-08-12,Monthly,1,Competitor
CUST05900,2022-11-20,Standard,57,45,India,26-35,Paid Ads,5,11,0,2026-06-20,Monthly,0,Not Churned
CUST05901,2024-07-12,Standard,59,25,India,18-25,Organic,3,19,0,2026-06-21,Monthly,0,Not Churned
CUST05902,2023-09-16,Standard,60,35,USA,36-45,Referral,2,10,0,2026-07-04,Monthly,0,Not Churned
CUST05903,2021-11-25,Basic,36,57,Australia,26-35,Social Media,3,11,1,2026-08-15,Monthly,0,Not Churned
CUST05904,2023-04-19,Basic,26,40,USA,36-45,Social Media,5,16,0,2026-07-07,Monthly,0,Not Churned
CUST05905,2024-02-13,Basic,34,30,India,18-25,Partner,5,17,1,2026-07-31,Monthly,0,Not Churned
CUST05906,2024-01-14,Standard,66,31,USA,56+,Partner,5,12,2,2026-06-16,Monthly,1,Payment Issues
CUST05907,2026-02-02,Standard,61,6,USA,26-35,Social Media,2,10,0,2026-08-17,Annual,0,Not Churned
CUST05908,2025-09-05,Standard,60,11,Germany,36-45,Organic,3,11,0,2026-07-20,Monthly,0,Not Churned
CUST05909,2023-02-18,Basic,36,42,Germany,36-45,Organic,4,11,0,2026-08-10,Monthly,0,Not Churned
CUST05910,2021-10-26,Basic,24,58,India,26-35,Paid Ads,2,7,0,2026-06-27,Annual,0,Not Churned
CUST05911,2021-09-26,Standard,59,59,India,18-25,Partner,1,12,0,2026-08-21,Monthly,0,Not Churned
CUST05912,2025-12-04,Premium,100,8,India,26-35,Paid Ads,6,11,0,2026-07-22,Annual,1,Competitor
CUST05913,2025-12-04,Standard,67,8,Canada,26-35,Organic,3,6,1,2026-06-09,Annual,0,Not Churned
CUST05914,2022-01-24,Standard,64,55,India,26-35,Partner,2,12,0,2026-07-17,Annual,1,Competitor
CUST05915,2023-05-19,Standard,68,39,India,36-45,Paid Ads,4,7,0,2026-08-23,Monthly,0,Not Churned
CUST05916,2022-05-24,Basic,27,51,USA,26-35,Referral,4,12,1,2026-07-24,Monthly,0,Not Churned
CUST05917,2022-01-24,Premium,107,55,India,36-45,Social Media,5,7,0,2026-06-27,Annual,0,Not Churned
CUST05918,2025-08-06,Standard,55,12,India,18-25,Social Media,3,4,0,2026-06-20,Monthly,0,Not Churned
CUST05919,2026-05-03,Basic,33,3,USA,46-55,Social Media,2,12,1,2026-07-14,Monthly,0,Not Churned
CUST05920,2023-01-19,Standard,62,43,India,26-35,Social Media,5,12,1,2026-07-21,Monthly,0,Not Churned
CUST05921,2022-11-20,Basic,30,45,USA,26-35,Referral,4,11,0,2026-06-15,Annual,0,Not Churned
CUST05922,2025-04-08,Premium,94,16,Germany,18-25,Paid Ads,5,15,0,2026-08-18,Monthly,0,Not Churned
CUST05923,2023-03-20,Basic,31,41,India,18-25,Referral,4,9,0,2026-06-29,Monthly,0,Not Churned
CUST05924,2024-05-13,Standard,68,27,USA,36-45,Social Media,2,11,0,2026-06-28,Monthly,0,Not Churned
CUST05925,2025-04-08,Basic,26,16,Germany,36-45,Paid Ads,3,12,0,2026-08-20,Annual,0,Not Churned
CUST05926,2026-03-04,Standard,57,5,Australia,36-45,Organic,2,16,2,2026-06-04,Monthly,0,Not Churned
CUST05927,2021-09-26,Standard,65,59,USA,36-45,Paid Ads,2,18,1,2026-06-22,Monthly,0,Not Churned
CUST05928,2023-04-19,Standard,58,40,UK,56+,Referral,0,5,2,2026-07-18,Monthly,0,Not Churned
CUST05929,2025-08-06,Standard,54,12,India,36-45,Organic,1,9,2,2026-06-18,Monthly,0,Not Churned
CUST05930,2026-05-03,Premium,108,3,UK,26-35,Social Media,4,6,0,2026-08-25,Monthly,0,Not Churned
CUST05931,2023-09-16,Basic,29,35,Germany,26-35,Organic,6,8,0,2026-08-09,Monthly,0,Not Churned
CUST05932,2022-11-20,Basic,33,45,USA,18-25,Organic,2,8,1,2026-06-05,Annual,0,Not Churned
CUST05933,2026-05-03,Basic,29,3,USA,36-45,Organic,3,14,0,2026-07-02,Annual,1,Pricing
CUST05934,2024-01-14,Premium,95,31,India,26-35,Referral,5,20,1,2026-06-28,Annual,0,Not Churned
CUST05935,2024-08-11,Basic,34,24,UK,36-45,Organic,3,11,1,2026-07-08,Annual,1,Pricing
CUST05936,2023-03-20,Standard,63,41,USA,26-35,Paid Ads,4,16,0,2026-07-27,Monthly,0,Not Churned
CUST05937,2024-03-14,Standard,59,29,UK,46-55,Partner,6,18,2,2026-07-20,Monthly,1,Payment Issues
CUST05938,2022-01-24,Basic,31,55,India,56+,Social Media,5,13,0,2026-08-22,Annual,0,Not Churned
CUST05939,2023-11-15,Basic,29,33,USA,26-35,Social Media,3,17,0,2026-08-19,Annual,0,Not Churned
CUST05940,2023-06-18,Basic,27,38,USA,46-55,Referral,7,19,1,2026-06-30,Annual,0,Not Churned
CUST05941,2022-05-24,Standard,68,51,India,46-55,Social Media,0,10,0,2026-07-05,Annual,0,Not Churned
CUST05942,2025-04-08,Basic,27,16,India,56+,Social Media,1,8,1,2026-08-01,Annual,0,Not Churned
CUST05943,2023-11-15,Basic,32,33,India,26-35,Partner,2,18,0,2026-07-20,Annual,0,Not Churned
CUST05944,2025-10-05,Premium,99,10,UK,36-45,Organic,3,17,0,2026-06-18,Annual,0,Not Churned
CUST05945,2024-02-13,Premium,101,30,UK,26-35,Organic,5,12,0,2026-08-09,Monthly,0,Not Churned
CUST05946,2023-10-16,Basic,31,34,Australia,36-45,Organic,3,12,0,2026-07-28,Monthly,0,Not Churned
CUST05947,2021-08-27,Basic,30,60,India,36-45,Partner,4,13,1,2026-07-04,Annual,0,Not Churned
CUST05948,2023-09-16,Basic,26,35,Australia,36-45,Referral,5,9,0,2026-06-15,Annual,0,Not Churned
CUST05949,2026-01-03,Standard,63,7,Canada,26-35,Paid Ads,1,12,1,2026-07-08,Monthly,0,Not Churned
CUST05950,2026-02-02,Premium,94,6,USA,46-55,Paid Ads,1,17,0,2026-08-04,Monthly,0,Not Churned
CUST05951,2025-05-08,Basic,28,15,India,26-35,Social Media,1,12,1,2026-06-15,Monthly,0,Not Churned
CUST05952,2023-12-15,Basic,36,32,India,26-35,Partner,8,11,0,2026-06-08,Monthly,0,Not Churned
CUST05953,2026-06-02,Standard,68,2,Germany,36-45,Referral,1,6,2,2026-07-15,Monthly,0,Not Churned
CUST05954,2023-12-15,Standard,63,32,India,46-55,Social Media,4,11,0,2026-08-13,Monthly,1,Competitor
CUST05955,2024-04-13,Basic,33,28,India,56+,Paid Ads,3,19,1,2026-08-16,Annual,1,Pricing
CUST05956,2024-11-09,Standard,68,21,India,36-45,Paid Ads,1,12,1,2026-07-24,Monthly,0,Not Churned
CUST05957,2025-03-09,Basic,25,17,Canada,18-25,Social Media,0,17,0,2026-06-26,Monthly,0,Not Churned
CUST05958,2025-01-08,Basic,35,19,India,18-25,Social Media,2,18,0,2026-08-27,Annual,0,Not Churned
CUST05959,2025-06-07,Standard,63,14,India,18-25,Referral,1,13,2,2026-07-26,Monthly,1,Payment Issues
CUST05960,2022-07-23,Premium,106,49,USA,18-25,Organic,4,9,2,2026-08-06,Monthly,0,Not Churned
CUST05961,2022-05-24,Standard,55,51,USA,26-35,Organic,4,13,2,2026-08-04,Annual,1,Payment Issues
CUST05962,2023-10-16,Premium,107,34,USA,26-35,Organic,5,9,0,2026-06-16,Annual,0,Not Churned
CUST05963,2022-08-22,Standard,60,48,USA,18-25,Referral,0,11,1,2026-07-08,Monthly,0,Not Churned
CUST05964,2024-12-09,Standard,64,20,Canada,46-55,Paid Ads,5,9,1,2026-08-06,Annual,0,Not Churned
CUST05965,2024-11-09,Standard,66,21,Canada,36-45,Partner,3,12,1,2026-07-29,Annual,0,Not Churned
CUST05966,2022-08-22,Premium,96,48,Canada,36-45,Referral,4,11,2,2026-06-25,Annual,1,Payment Issues
CUST05967,2026-05-03,Premium,106,3,India,26-35,Organic,6,13,1,2026-06-07,Monthly,0,Not Churned
CUST05968,2021-10-26,Basic,31,58,Canada,26-35,Organic,6,7,0,2026-08-25,Monthly,0,Not Churned
CUST05969,2025-06-07,Premium,102,14,India,26-35,Social Media,0,15,1,2026-06-20,Annual,0,Not Churned
CUST05970,2024-11-09,Premium,107,21,India,26-35,Paid Ads,1,13,2,2026-06-08,Monthly,1,Payment Issues
CUST05971,2024-05-13,Standard,66,27,Germany,36-45,Referral,0,8,0,2026-06-12,Monthly,0,Not Churned
CUST05972,2026-01-03,Basic,31,7,Canada,26-35,Referral,3,12,0,2026-07-29,Monthly,1,Pricing
CUST05973,2023-02-18,Premium,99,42,USA,46-55,Organic,6,12,1,2026-07-18,Monthly,0,Not Churned
CUST05974,2024-03-14,Premium,98,29,Australia,46-55,Organic,4,11,0,2026-07-19,Monthly,0,Not Churned
CUST05975,2025-11-04,Basic,26,9,Germany,26-35,Paid Ads,1,10,0,2026-08-27,Monthly,0,Not Churned
CUST05976,2023-04-19,Premium,96,40,UK,26-35,Paid Ads,3,14,2,2026-07-18,Annual,0,Not Churned
CUST05977,2025-05-08,Basic,30,15,UK,46-55,Referral,2,14,0,2026-07-23,Monthly,1,Pricing
CUST05978,2022-12-20,Basic,36,44,Canada,36-45,Referral,5,11,0,2026-06-19,Monthly,0,Not Churned
CUST05979,2024-04-13,Standard,58,28,India,36-45,Partner,5,19,1,2026-08-07,Annual,1,Competitor
CUST05980,2023-06-18,Standard,65,38,India,36-45,Social Media,3,15,0,2026-08-22,Monthly,0,Not Churned
CUST05981,2025-05-08,Standard,67,15,Canada,18-25,Paid Ads,3,12,2,2026-07-27,Annual,0,Not Churned
CUST05982,2025-05-08,Basic,29,15,India,18-25,Paid Ads,1,12,0,2026-07-19,Monthly,0,Not Churned
CUST05983,2024-02-13,Premium,107,30,India,26-35,Referral,0,12,1,2026-08-11,Monthly,0,Not Churned
CUST05984,2021-11-25,Basic,29,57,India,18-25,Organic,3,9,0,2026-06-16,Monthly,0,Not Churned
CUST05985,2023-12-15,Basic,32,32,USA,26-35,Partner,4,13,1,2026-06-10,Annual,0,Not Churned
CUST05986,2023-04-19,Basic,24,40,Germany,26-35,Paid Ads,1,11,0,2026-08-11,Monthly,0,Not Churned
CUST05987,2025-08-06,Standard,61,12,UK,46-55,Partner,6,9,0,2026-07-24,Annual,0,Not Churned
CUST05988,2024-12-09,Premium,103,20,USA,36-45,Partner,5,9,1,2026-06-17,Monthly,1,Competitor
CUST05989,2024-05-13,Standard,66,27,Germany,26-35,Referral,2,9,1,2026-07-21,Monthly,0,Not Churned
CUST05990,2026-06-02,Premium,106,2,Australia,18-25,Organic,1,10,0,2026-07-25,Monthly,0,Not Churned
CUST05991,2023-03-20,Basic,28,41,USA,36-45,Referral,2,14,2,2026-08-28,Annual,0,Not Churned
CUST05992,2024-10-10,Standard,66,22,Australia,18-25,Referral,2,11,0,2026-06-05,Monthly,0,Not Churned
CUST05993,2024-06-12,Standard,59,26,USA,36-45,Social Media,0,8,0,2026-07-17,Monthly,1,Competitor
CUST05994,2023-04-19,Standard,59,40,India,46-55,Organic,3,8,0,2026-07-18,Annual,0,Not Churned
CUST05995,2025-12-04,Basic,24,8,India,36-45,Paid Ads,1,12,1,2026-07-09,Monthly,0,Not Churned
CUST05996,2023-08-17,Standard,56,36,UK,18-25,Partner,2,8,0,2026-06-04,Monthly,0,Not Churned
CUST05997,2024-06-12,Standard,65,26,USA,36-45,Partner,5,12,0,2026-08-13,Monthly,0,Not Churned
CUST05998,2023-07-18,Standard,59,37,UK,26-35,Organic,3,17,1,2026-08-14,Annual,0,Not Churned
CUST05999,2025-03-09,Standard,67,17,UK,26-35,Social Media,3,9,0,2026-07-25,Monthly,0,Not Churned
CUST06000,2021-11-25,Basic,38,57,India,26-35,Organic,5,18,0,2026-08-14,Annual,0,Not Churned
CUST06001,2026-01-03,Standard,67,7,India,46-55,Social Media,3,20,0,2026-07-08,Monthly,0,Not Churned
CUST06002,2026-07-02,Basic,34,1,USA,26-35,Organic,3,12,0,2026-06-05,Monthly,1,Pricing
CUST06003,2024-05-13,Premium,104,27,India,46-55,Partner,2,7,0,2026-07-16,Annual,0,Not Churned
CUST06004,2023-02-18,Standard,62,42,UK,18-25,Referral,2,11,0,2026-08-27,Monthly,1,Competitor
CUST06005,2024-06-12,Basic,29,26,USA,18-25,Paid Ads,4,14,0,2026-08-05,Monthly,1,Pricing
CUST06006,2023-12-15,Premium,108,32,USA,36-45,Organic,2,17,0,2026-08-09,Monthly,0,Not Churned
CUST06007,2025-06-07,Standard,65,14,India,26-35,Organic,2,8,0,2026-08-27,Monthly,0,Not Churned
CUST06008,2025-01-08,Basic,36,19,UK,26-35,Referral,3,10,0,2026-08-23,Monthly,0,Not Churned
CUST06009,2025-11-04,Standard,59,9,Australia,18-25,Social Media,5,15,0,2026-06-22,Monthly,0,Not Churned
CUST06010,2023-01-19,Basic,24,43,Germany,26-35,Social Media,3,11,0,2026-08-31,Monthly,0,Not Churned
CUST06011,2021-09-26,Premium,102,59,Australia,26-35,Social Media,2,10,0,2026-06-17,Annual,1,Competitor
CUST06012,2022-12-20,Premium,97,44,USA,36-45,Social Media,4,15,0,2026-07-26,Monthly,0,Not Churned
CUST06013,2026-07-02,Premium,108,1,India,36-45,Partner,2,8,1,2026-08-05,Monthly,0,Not Churned
CUST06014,2022-02-23,Standard,55,54,UK,56+,Social Media,1,12,0,2026-06-02,Monthly,0,Not Churned
CUST06015,2024-11-09,Standard,54,21,Germany,36-45,Organic,3,9,1,2026-07-25,Annual,0,Not Churned
CUST06016,2024-12-09,Standard,56,20,India,36-45,Social Media,1,17,0,2026-07-04,Monthly,0,Not Churned
CUST06017,2022-07-23,Basic,26,49,India,36-45,Paid Ads,1,16,0,2026-07-21,Monthly,0,Not Churned
CUST06018,2022-01-24,Standard,58,55,India,46-55,Partner,2,13,1,2026-06-21,Annual,0,Not Churned
CUST06019,2023-11-15,Standard,54,33,Canada,26-35,Paid Ads,2,7,0,2026-06-13,Annual,0,Not Churned
CUST06020,2023-11-15,Basic,30,33,USA,26-35,Organic,5,14,0,2026-08-11,Annual,0,Not Churned
CUST06021,2025-02-07,Standard,66,18,India,36-45,Organic,3,10,1,2026-08-19,Monthly,0,Not Churned
CUST06022,2023-03-20,Premium,94,41,Australia,26-35,Referral,2,12,0,2026-06-05,Annual,0,Not Churned
CUST06023,2025-03-09,Premium,97,17,USA,46-55,Organic,3,13,0,2026-07-29,Monthly,0,Not Churned
CUST06024,2021-12-25,Basic,29,56,India,36-45,Partner,5,12,0,2026-08-15,Annual,1,Pricing
CUST06025,2025-07-07,Basic,38,13,India,26-35,Organic,2,16,0,2026-06-04,Monthly,0,Not Churned
CUST06026,2022-07-23,Basic,24,49,India,36-45,Organic,1,9,2,2026-07-14,Monthly,1,Payment Issues
CUST06027,2023-01-19,Premium,100,43,USA,26-35,Organic,2,11,0,2026-06-17,Monthly,0,Not Churned
CUST06028,2022-07-23,Basic,33,49,India,56+,Organic,5,12,0,2026-06-04,Monthly,0,Not Churned
CUST06029,2025-11-04,Standard,68,9,USA,56+,Paid Ads,1,12,0,2026-08-08,Monthly,1,Competitor
CUST06030,2021-12-25,Basic,30,56,Canada,36-45,Paid Ads,1,13,2,2026-06-07,Annual,0,Not Churned
CUST06031,2022-10-21,Standard,56,46,UK,18-25,Organic,4,12,1,2026-07-07,Annual,0,Not Churned
CUST06032,2026-07-02,Basic,27,1,India,26-35,Organic,2,12,0,2026-07-18,Annual,0,Not Churned
CUST06033,2024-09-10,Standard,59,23,USA,36-45,Paid Ads,3,11,2,2026-07-27,Monthly,0,Not Churned
CUST06034,2023-04-19,Basic,37,40,Australia,46-55,Social Media,2,13,0,2026-07-20,Monthly,0,Not Churned
CUST06035,2023-10-16,Standard,64,34,India,26-35,Paid Ads,4,10,0,2026-07-30,Annual,0,Not Churned
CUST06036,2023-08-17,Basic,30,36,India,18-25,Organic,2,8,1,2026-07-28,Monthly,0,Not Churned
CUST06037,2022-06-23,Standard,67,50,USA,18-25,Paid Ads,3,9,1,2026-08-03,Monthly,0,Not Churned
CUST06038,2022-11-20,Premium,106,45,UK,36-45,Referral,4,11,0,2026-06-05,Monthly,0,Not Churned
CUST06039,2025-06-07,Basic,27,14,India,46-55,Paid Ads,2,10,0,2026-06-25,Annual,0,Not Churned
CUST06040,2022-02-23,Premium,103,54,Canada,18-25,Referral,2,18,0,2026-08-19,Monthly,0,Not Churned
CUST06041,2024-11-09,Standard,64,21,UK,26-35,Partner,2,12,2,2026-06-15,Monthly,1,Payment Issues
CUST06042,2023-01-19,Basic,32,43,Germany,36-45,Organic,6,9,1,2026-06-07,Annual,0,Not Churned
CUST06043,2023-01-19,Standard,62,43,India,46-55,Organic,1,13,0,2026-08-02,Monthly,0,Not Churned
CUST06044,2024-11-09,Basic,32,21,Canada,46-55,Organic,3,9,1,2026-06-27,Annual,0,Not Churned
CUST06045,2024-04-13,Standard,65,28,India,36-45,Paid Ads,3,11,1,2026-07-10,Monthly,0,Not Churned
CUST06046,2023-12-15,Standard,63,32,USA,18-25,Organic,5,12,0,2026-07-21,Monthly,0,Not Churned
CUST06047,2024-02-13,Basic,29,30,USA,26-35,Paid Ads,1,14,1,2026-08-05,Monthly,0,Not Churned
CUST06048,2023-04-19,Standard,55,40,USA,56+,Partner,3,14,0,2026-06-26,Monthly,0,Not Churned
CUST06049,2025-08-06,Premium,95,12,Australia,56+,Organic,3,8,0,2026-08-06,Annual,0,Not Churned
CUST06050,2024-03-14,Premium,104,29,India,36-45,Paid Ads,2,13,1,2026-07-02,Annual,0,Not Churned
CUST06051,2026-07-02,Standard,57,1,USA,36-45,Social Media,0,11,0,2026-07-20,Annual,1,Competitor
CUST06052,2024-06-12,Premium,102,26,India,56+,Organic,5,14,1,2026-06-16,Annual,0,Not Churned
CUST06053,2025-04-08,Standard,56,16,Canada,26-35,Organic,4,12,0,2026-08-08,Monthly,0,Not Churned
CUST06054,2025-02-07,Basic,29,18,India,18-25,Referral,0,13,1,2026-06-08,Monthly,0,Not Churned
CUST06055,2023-11-15,Premium,95,33,Australia,36-45,Organic,1,10,0,2026-06-02,Annual,0,Not Churned
CUST06056,2022-04-24,Standard,68,52,Australia,56+,Social Media,2,6,0,2026-08-21,Monthly,0,Not Churned
CUST06057,2022-06-23,Standard,54,50,Australia,36-45,Organic,3,10,1,2026-08-02,Monthly,1,Competitor
CUST06058,2023-02-18,Standard,65,42,India,46-55,Paid Ads,3,16,0,2026-08-29,Annual,0,Not Churned
CUST06059,2023-01-19,Premium,98,43,UK,26-35,Referral,4,18,1,2026-06-19,Annual,0,Not Churned
CUST06060,2024-09-10,Premium,101,23,India,18-25,Organic,2,17,1,2026-06-06,Monthly,0,Not Churned
CUST06061,2022-08-22,Standard,63,48,Australia,26-35,Organic,3,11,0,2026-08-24,Annual,0,Not Churned
CUST06062,2021-08-27,Basic,33,60,Canada,56+,Organic,1,8,0,2026-08-03,Annual,0,Not Churned
CUST06063,2026-03-04,Standard,55,5,USA,26-35,Social Media,3,14,1,2026-07-15,Monthly,0,Not Churned
CUST06064,2024-11-09,Standard,63,21,Canada,18-25,Referral,4,9,0,2026-07-26,Annual,0,Not Churned
CUST06065,2026-07-02,Basic,32,1,India,56+,Organic,1,1,0,2026-08-06,Monthly,1,Low Engagement
CUST06066,2024-01-14,Standard,65,31,USA,26-35,Referral,2,19,0,2026-08-20,Annual,0,Not Churned
CUST06067,2025-02-07,Standard,61,18,India,46-55,Referral,0,8,1,2026-08-13,Monthly,1,Competitor
CUST06068,2024-11-09,Basic,26,21,Germany,36-45,Partner,4,11,0,2026-08-05,Annual,0,Not Churned
CUST06069,2026-01-03,Basic,24,7,Australia,18-25,Paid Ads,4,10,0,2026-07-10,Annual,1,Pricing
CUST06070,2026-07-02,Basic,27,1,Canada,36-45,Social Media,4,8,1,2026-08-11,Annual,0,Not Churned
CUST06071,2024-09-10,Premium,101,23,Germany,56+,Paid Ads,3,12,1,2026-08-04,Annual,0,Not Churned
CUST06072,2024-05-13,Basic,26,27,India,18-25,Social Media,2,8,0,2026-06-22,Monthly,0,Not Churned
CUST06073,2021-08-27,Basic,33,60,Australia,46-55,Organic,3,14,1,2026-07-05,Annual,0,Not Churned
CUST06074,2026-06-02,Standard,65,2,India,26-35,Organic,4,11,0,2026-06-30,Annual,0,Not Churned
CUST06075,2023-10-16,Basic,25,34,Canada,26-35,Social Media,1,8,1,2026-06-18,Monthly,0,Not Churned
CUST06076,2021-11-25,Basic,30,57,Canada,26-35,Social Media,3,10,0,2026-08-05,Monthly,1,Pricing
CUST06077,2025-04-08,Basic,27,16,India,46-55,Paid Ads,1,18,0,2026-06-15,Monthly,0,Not Churned
CUST06078,2023-04-19,Standard,59,40,USA,36-45,Referral,4,9,0,2026-06-23,Annual,0,Not Churned
CUST06079,2025-10-05,Standard,58,10,India,26-35,Paid Ads,6,14,1,2026-07-14,Annual,0,Not Churned
CUST06080,2024-12-09,Basic,25,20,Germany,46-55,Organic,2,11,0,2026-06-22,Annual,0,Not Churned
CUST06081,2022-08-22,Standard,63,48,India,18-25,Organic,3,11,1,2026-07-19,Monthly,0,Not Churned
CUST06082,2023-07-18,Premium,95,37,USA,18-25,Organic,1,14,1,2026-07-05,Monthly,0,Not Churned
CUST06083,2024-07-12,Basic,37,25,Canada,18-25,Referral,1,11,2,2026-07-22,Monthly,0,Not Churned
CUST06084,2026-04-03,Basic,32,4,India,36-45,Organic,5,14,0,2026-08-23,Annual,0,Not Churned
CUST06085,2023-12-15,Basic,34,32,USA,36-45,Organic,3,10,2,2026-06-14,Monthly,0,Not Churned
CUST06086,2021-10-26,Standard,63,58,UK,46-55,Partner,5,11,0,2026-06-25,Annual,0,Not Churned
CUST06087,2022-11-20,Standard,55,45,India,26-35,Organic,1,11,0,2026-07-21,Monthly,1,Competitor
CUST06088,2024-04-13,Basic,31,28,Canada,26-35,Referral,6,10,0,2026-07-06,Monthly,0,Not Churned
CUST06089,2023-04-19,Standard,61,40,India,46-55,Social Media,1,13,1,2026-06-20,Annual,0,Not Churned
CUST06090,2025-07-07,Basic,24,13,India,26-35,Organic,4,5,1,2026-08-19,Monthly,0,Not Churned
CUST06091,2026-03-04,Standard,54,5,USA,46-55,Organic,9,13,1,2026-06-15,Monthly,0,Not Churned
CUST06092,2025-03-09,Standard,66,17,USA,26-35,Referral,2,7,0,2026-06-28,Annual,0,Not Churned
CUST06093,2022-09-21,Basic,27,47,Germany,26-35,Paid Ads,1,12,0,2026-07-14,Monthly,1,Pricing
CUST06094,2026-01-03,Standard,55,7,Australia,26-35,Paid Ads,4,16,1,2026-06-22,Annual,0,Not Churned
CUST06095,2025-10-05,Basic,35,10,USA,18-25,Referral,0,8,1,2026-08-04,Monthly,1,Pricing
CUST06096,2024-05-13,Standard,68,27,USA,18-25,Partner,5,13,1,2026-06-17,Annual,0,Not Churned
CUST06097,2021-09-26,Basic,24,59,India,26-35,Organic,1,10,0,2026-07-06,Annual,0,Not Churned
CUST06098,2023-09-16,Premium,102,35,India,26-35,Social Media,5,11,0,2026-07-20,Monthly,0,Not Churned
CUST06099,2024-09-10,Basic,36,23,USA,18-25,Organic,1,14,0,2026-07-26,Annual,0,Not Churned
CUST06100,2021-12-25,Premium,96,56,Canada,26-35,Paid Ads,6,13,0,2026-06-11,Monthly,1,Competitor
CUST06101,2025-04-08,Basic,37,16,India,26-35,Organic,4,13,1,2026-08-08,Monthly,0,Not Churned
CUST06102,2022-04-24,Standard,67,52,India,26-35,Paid Ads,3,13,0,2026-06-25,Annual,0,Not Churned
CUST06103,2024-05-13,Basic,37,27,USA,18-25,Social Media,4,12,0,2026-07-10,Annual,0,Not Churned
CUST06104,2025-05-08,Premium,94,15,India,36-45,Organic,3,22,0,2026-08-18,Monthly,0,Not Churned
CUST06105,2026-02-02,Basic,25,6,UK,36-45,Organic,3,15,0,2026-08-22,Annual,0,Not Churned
CUST06106,2023-02-18,Basic,31,42,USA,36-45,Paid Ads,5,5,1,2026-08-12,Annual,0,Not Churned
CUST06107,2023-05-19,Standard,58,39,USA,26-35,Organic,5,13,0,2026-07-21,Monthly,0,Not Churned
CUST06108,2024-08-11,Basic,34,24,India,18-25,Social Media,4,12,2,2026-06-27,Annual,0,Not Churned
CUST06109,2022-05-24,Basic,30,51,Australia,26-35,Social Media,2,15,2,2026-07-27,Monthly,0,Not Churned
CUST06110,2024-09-10,Premium,99,23,India,46-55,Social Media,4,12,1,2026-06-13,Monthly,0,Not Churned
CUST06111,2026-03-04,Premium,106,5,Australia,26-35,Referral,2,12,0,2026-08-01,Annual,0,Not Churned
CUST06112,2026-01-03,Basic,24,7,USA,26-35,Paid Ads,1,15,2,2026-07-01,Annual,1,Payment Issues
CUST06113,2024-10-10,Premium,99,22,Australia,18-25,Organic,7,10,0,2026-07-19,Monthly,1,Poor Support Experience
CUST06114,2024-03-14,Standard,64,29,Canada,46-55,Referral,1,7,1,2026-06-14,Annual,1,Competitor
CUST06115,2022-03-25,Basic,30,53,India,36-45,Paid Ads,1,12,0,2026-06-03,Annual,0,Not Churned
CUST06116,2024-01-14,Standard,57,31,Australia,26-35,Partner,6,16,1,2026-07-29,Monthly,0,Not Churned
CUST06117,2023-09-16,Standard,61,35,UK,26-35,Partner,8,11,0,2026-07-11,Annual,0,Not Churned
CUST06118,2021-10-26,Premium,101,58,India,46-55,Partner,0,11,1,2026-07-21,Monthly,0,Not Churned
CUST06119,2023-10-16,Basic,30,34,India,26-35,Paid Ads,3,12,1,2026-08-10,Monthly,0,Not Churned
CUST06120,2025-01-08,Standard,64,19,UK,36-45,Paid Ads,0,17,0,2026-06-22,Annual,0,Not Churned
CUST06121,2023-10-16,Basic,38,34,UK,36-45,Social Media,3,14,0,2026-06-24,Annual,0,Not Churned
CUST06122,2024-02-13,Basic,25,30,Canada,26-35,Referral,2,10,0,2026-07-05,Monthly,0,Not Churned
CUST06123,2025-01-08,Basic,29,19,Canada,18-25,Referral,3,7,0,2026-07-22,Monthly,0,Not Churned
CUST06124,2025-02-07,Premium,99,18,UK,26-35,Organic,2,15,1,2026-07-04,Monthly,0,Not Churned
CUST06125,2026-07-02,Premium,105,1,Canada,46-55,Social Media,3,12,0,2026-07-12,Monthly,0,Not Churned
CUST06126,2023-03-20,Standard,68,41,USA,36-45,Referral,3,9,0,2026-07-10,Annual,0,Not Churned
CUST06127,2021-10-26,Standard,65,58,India,46-55,Paid Ads,2,7,2,2026-06-08,Annual,0,Not Churned
CUST06128,2022-03-25,Basic,30,53,Australia,36-45,Social Media,3,10,2,2026-06-12,Annual,0,Not Churned
CUST06129,2025-04-08,Basic,29,16,India,46-55,Paid Ads,5,19,1,2026-08-30,Monthly,0,Not Churned
CUST06130,2021-11-25,Basic,25,57,USA,46-55,Referral,6,14,1,2026-08-06,Monthly,0,Not Churned
CUST06131,2023-04-19,Basic,31,40,Canada,26-35,Paid Ads,1,6,0,2026-06-02,Annual,0,Not Churned
CUST06132,2022-01-24,Standard,68,55,USA,26-35,Referral,4,18,0,2026-06-26,Monthly,0,Not Churned
CUST06133,2024-04-13,Standard,57,28,India,36-45,Organic,3,11,0,2026-07-15,Monthly,0,Not Churned
CUST06134,2022-02-23,Basic,32,54,India,36-45,Paid Ads,4,15,1,2026-08-29,Annual,0,Not Churned
CUST06135,2025-09-05,Basic,31,11,UK,26-35,Referral,7,11,0,2026-07-06,Annual,0,Not Churned
CUST06136,2022-08-22,Basic,37,48,Germany,46-55,Paid Ads,3,13,0,2026-07-22,Monthly,0,Not Churned
CUST06137,2022-04-24,Standard,56,52,USA,26-35,Social Media,4,13,0,2026-06-04,Monthly,0,Not Churned
CUST06138,2023-12-15,Premium,96,32,USA,26-35,Paid Ads,7,12,3,2026-08-14,Monthly,0,Not Churned
CUST06139,2024-06-12,Standard,61,26,India,36-45,Social Media,3,14,1,2026-06-14,Monthly,0,Not Churned
CUST06140,2025-10-05,Premium,95,10,India,26-35,Paid Ads,3,11,3,2026-07-19,Monthly,0,Not Churned
CUST06141,2024-09-10,Standard,62,23,India,26-35,Referral,2,15,0,2026-07-07,Annual,1,Competitor
CUST06142,2022-08-22,Basic,27,48,India,56+,Organic,3,14,1,2026-07-15,Annual,0,Not Churned
CUST06143,2022-11-20,Basic,38,45,USA,36-45,Organic,2,11,0,2026-08-15,Monthly,0,Not Churned
CUST06144,2023-05-19,Premium,99,39,India,46-55,Social Media,1,14,1,2026-06-18,Annual,0,Not Churned
CUST06145,2023-11-15,Standard,56,33,India,36-45,Organic,6,15,1,2026-06-23,Annual,0,Not Churned
CUST06146,2025-06-07,Basic,26,14,UK,36-45,Partner,4,13,0,2026-07-09,Annual,0,Not Churned
CUST06147,2025-11-04,Standard,56,9,Australia,36-45,Organic,4,6,1,2026-08-17,Annual,0,Not Churned
CUST06148,2025-06-07,Standard,64,14,Germany,18-25,Partner,3,12,0,2026-07-15,Annual,0,Not Churned
CUST06149,2023-08-17,Standard,66,36,UK,36-45,Paid Ads,0,12,0,2026-06-24,Monthly,0,Not Churned
CUST06150,2022-01-24,Premium,103,55,India,26-35,Referral,3,14,0,2026-07-29,Annual,0,Not Churned
CUST06151,2023-03-20,Standard,65,41,Canada,56+,Organic,5,14,0,2026-06-17,Monthly,0,Not Churned
CUST06152,2026-06-02,Standard,67,2,India,26-35,Paid Ads,1,12,1,2026-07-20,Annual,1,Competitor
CUST06153,2021-12-25,Basic,37,56,UK,26-35,Organic,2,14,0,2026-07-14,Annual,0,Not Churned
CUST06154,2025-09-05,Basic,37,11,Canada,36-45,Paid Ads,4,12,0,2026-06-23,Monthly,1,Pricing
CUST06155,2022-04-24,Basic,35,52,Canada,36-45,Referral,1,15,2,2026-06-12,Monthly,0,Not Churned
CUST06156,2025-06-07,Basic,25,14,Germany,18-25,Referral,1,19,0,2026-06-03,Monthly,0,Not Churned
CUST06157,2023-08-17,Standard,61,36,Canada,18-25,Social Media,6,11,0,2026-06-29,Monthly,0,Not Churned
CUST06158,2023-09-16,Standard,62,35,UK,46-55,Paid Ads,1,13,0,2026-08-10,Annual,0,Not Churned
CUST06159,2023-02-18,Basic,38,42,India,26-35,Organic,6,11,1,2026-07-02,Monthly,0,Not Churned
CUST06160,2022-04-24,Premium,101,52,Germany,18-25,Paid Ads,3,12,0,2026-06-03,Monthly,1,Competitor
CUST06161,2024-07-12,Basic,38,25,India,26-35,Social Media,2,8,0,2026-07-21,Annual,0,Not Churned
CUST06162,2023-11-15,Basic,33,33,Australia,26-35,Organic,4,12,2,2026-07-28,Monthly,0,Not Churned
CUST06163,2025-11-04,Basic,26,9,India,26-35,Referral,2,8,2,2026-06-16,Annual,0,Not Churned
CUST06164,2025-07-07,Basic,30,13,India,56+,Organic,1,13,0,2026-07-10,Monthly,0,Not Churned
CUST06165,2023-01-19,Basic,34,43,Australia,26-35,Organic,4,16,0,2026-07-14,Monthly,0,Not Churned
CUST06166,2025-10-05,Standard,63,10,India,18-25,Referral,2,14,0,2026-06-24,Annual,0,Not Churned
CUST06167,2021-11-25,Standard,55,57,Australia,56+,Paid Ads,0,7,1,2026-08-10,Annual,0,Not Churned
CUST06168,2023-11-15,Premium,97,33,India,36-45,Paid Ads,4,14,1,2026-07-28,Monthly,0,Not Churned
CUST06169,2022-11-20,Basic,35,45,Australia,26-35,Referral,3,13,1,2026-06-23,Monthly,0,Not Churned
CUST06170,2025-11-04,Basic,36,9,UK,26-35,Organic,7,11,1,2026-06-20,Annual,0,Not Churned
CUST06171,2022-02-23,Basic,37,54,UK,46-55,Organic,1,13,0,2026-06-06,Monthly,0,Not Churned
CUST06172,2023-04-19,Standard,66,40,USA,26-35,Referral,3,15,0,2026-07-14,Monthly,0,Not Churned
CUST06173,2025-07-07,Basic,29,13,India,36-45,Paid Ads,5,14,0,2026-07-15,Annual,0,Not Churned
CUST06174,2024-08-11,Premium,104,24,Australia,36-45,Organic,2,6,0,2026-08-21,Annual,0,Not Churned
CUST06175,2023-04-19,Standard,58,40,India,26-35,Referral,0,14,0,2026-07-26,Annual,0,Not Churned
CUST06176,2021-09-26,Standard,66,59,USA,36-45,Referral,2,11,0,2026-07-14,Monthly,0,Not Churned
CUST06177,2021-12-25,Standard,62,56,UK,26-35,Organic,3,14,0,2026-08-16,Monthly,0,Not Churned
CUST06178,2021-08-27,Basic,33,60,USA,18-25,Referral,2,9,1,2026-06-24,Annual,0,Not Churned
CUST06179,2025-03-09,Basic,27,17,India,46-55,Paid Ads,2,11,1,2026-08-13,Monthly,0,Not Churned
CUST06180,2023-11-15,Basic,28,33,India,18-25,Organic,3,11,0,2026-08-02,Monthly,1,Pricing
CUST06181,2024-09-10,Standard,57,23,India,26-35,Referral,6,11,1,2026-06-19,Annual,0,Not Churned
CUST06182,2024-05-13,Basic,37,27,Australia,36-45,Referral,2,9,0,2026-08-01,Annual,0,Not Churned
CUST06183,2022-12-20,Basic,36,44,India,36-45,Partner,2,12,0,2026-06-17,Monthly,0,Not Churned
CUST06184,2022-12-20,Premium,107,44,Germany,26-35,Referral,0,14,0,2026-08-13,Monthly,0,Not Churned
CUST06185,2021-11-25,Basic,31,57,India,36-45,Paid Ads,1,19,0,2026-06-08,Monthly,0,Not Churned
CUST06186,2023-01-19,Premium,106,43,India,18-25,Organic,2,7,0,2026-06-22,Annual,0,Not Churned
CUST06187,2024-06-12,Standard,61,26,USA,36-45,Social Media,5,14,1,2026-06-03,Annual,1,Competitor
CUST06188,2024-08-11,Basic,38,24,India,46-55,Social Media,2,15,0,2026-08-26,Monthly,0,Not Churned
CUST06189,2025-09-05,Basic,26,11,UK,46-55,Organic,6,15,1,2026-07-18,Monthly,0,Not Churned
CUST06190,2024-03-14,Basic,24,29,Australia,36-45,Organic,5,8,2,2026-07-01,Annual,0,Not Churned
CUST06191,2022-08-22,Standard,59,48,India,26-35,Referral,5,8,0,2026-06-08,Annual,0,Not Churned
CUST06192,2026-03-04,Standard,55,5,Canada,26-35,Referral,4,14,0,2026-08-13,Annual,1,Competitor
CUST06193,2024-08-11,Standard,55,24,USA,26-35,Organic,2,17,0,2026-08-03,Monthly,0,Not Churned
CUST06194,2025-11-04,Premium,96,9,India,36-45,Referral,1,13,0,2026-06-09,Annual,0,Not Churned
CUST06195,2022-01-24,Standard,61,55,India,26-35,Organic,2,11,0,2026-07-15,Monthly,0,Not Churned
CUST06196,2021-09-26,Basic,26,59,Australia,56+,Organic,4,9,1,2026-07-21,Monthly,0,Not Churned
CUST06197,2025-10-05,Basic,30,10,India,46-55,Paid Ads,3,15,1,2026-06-14,Monthly,0,Not Churned
CUST06198,2025-09-05,Premium,103,11,Australia,18-25,Paid Ads,5,11,1,2026-06-22,Annual,0,Not Churned
CUST06199,2024-01-14,Basic,37,31,USA,36-45,Social Media,3,11,0,2026-06-27,Monthly,0,Not Churned
CUST06200,2026-05-03,Basic,33,3,India,36-45,Paid Ads,1,10,1,2026-07-13,Monthly,0,Not Churned
CUST06201,2024-07-12,Standard,62,25,USA,26-35,Organic,4,6,0,2026-06-30,Monthly,0,Not Churned
CUST06202,2022-03-25,Standard,66,53,Canada,36-45,Social Media,3,10,0,2026-07-01,Monthly,0,Not Churned
CUST06203,2023-01-19,Premium,101,43,Canada,26-35,Organic,3,9,1,2026-07-27,Monthly,0,Not Churned
CUST06204,2023-04-19,Standard,54,40,USA,26-35,Social Media,4,13,0,2026-08-22,Monthly,0,Not Churned
CUST06205,2024-05-13,Basic,30,27,Australia,36-45,Social Media,4,14,0,2026-07-09,Annual,1,Pricing
CUST06206,2026-07-02,Premium,100,1,India,56+,Organic,0,15,1,2026-07-20,Monthly,0,Not Churned
CUST06207,2022-07-23,Basic,31,49,Australia,26-35,Organic,2,12,2,2026-08-16,Monthly,1,Payment Issues
CUST06208,2022-08-22,Basic,33,48,Australia,36-45,Social Media,5,14,0,2026-06-20,Monthly,0,Not Churned
CUST06209,2025-04-08,Standard,58,16,UK,26-35,Referral,2,16,0,2026-07-14,Annual,0,Not Churned
CUST06210,2023-09-16,Basic,33,35,Canada,46-55,Organic,3,17,0,2026-06-17,Monthly,0,Not Churned
CUST06211,2025-05-08,Standard,62,15,USA,46-55,Social Media,5,9,0,2026-07-17,Monthly,0,Not Churned
CUST06212,2023-10-16,Basic,32,34,UK,26-35,Paid Ads,5,5,0,2026-08-17,Annual,0,Not Churned
CUST06213,2022-03-25,Standard,61,53,USA,46-55,Paid Ads,1,9,0,2026-08-27,Annual,0,Not Churned
CUST06214,2025-09-05,Basic,29,11,USA,26-35,Referral,2,13,0,2026-06-24,Annual,0,Not Churned
CUST06215,2025-11-04,Standard,59,9,USA,18-25,Referral,4,13,1,2026-06-25,Monthly,0,Not Churned
CUST06216,2021-11-25,Premium,94,57,India,36-45,Paid Ads,4,13,0,2026-07-08,Monthly,0,Not Churned
CUST06217,2024-08-11,Basic,36,24,USA,26-35,Organic,2,10,0,2026-08-24,Annual,0,Not Churned
CUST06218,2023-07-18,Basic,38,37,India,36-45,Referral,1,7,0,2026-07-05,Annual,0,Not Churned
CUST06219,2023-09-16,Basic,29,35,India,36-45,Referral,3,8,0,2026-07-09,Annual,1,Pricing
CUST06220,2024-10-10,Basic,37,22,India,18-25,Social Media,1,10,3,2026-08-27,Monthly,0,Not Churned
CUST06221,2023-04-19,Standard,57,40,Australia,26-35,Paid Ads,4,9,0,2026-06-10,Annual,0,Not Churned
CUST06222,2023-06-18,Standard,57,38,USA,26-35,Referral,4,19,0,2026-07-19,Annual,0,Not Churned
CUST06223,2026-01-03,Basic,37,7,Canada,26-35,Organic,6,7,2,2026-06-02,Monthly,0,Not Churned
CUST06224,2022-12-20,Basic,25,44,India,18-25,Social Media,1,10,0,2026-08-25,Annual,0,Not Churned
CUST06225,2024-02-13,Basic,36,30,USA,18-25,Paid Ads,3,13,0,2026-08-26,Annual,0,Not Churned
CUST06226,2021-08-27,Standard,64,60,India,46-55,Referral,2,10,0,2026-07-07,Monthly,1,Competitor
CUST06227,2024-03-14,Basic,37,29,India,46-55,Partner,2,14,1,2026-08-13,Monthly,1,Pricing
CUST06228,2022-01-24,Premium,97,55,UK,26-35,Social Media,5,9,0,2026-07-25,Monthly,0,Not Churned
CUST06229,2023-05-19,Standard,58,39,UK,26-35,Referral,3,15,0,2026-07-01,Annual,0,Not Churned
CUST06230,2023-03-20,Basic,36,41,India,36-45,Referral,2,15,1,2026-06-24,Annual,0,Not Churned
CUST06231,2025-11-04,Standard,65,9,USA,56+,Partner,3,7,0,2026-06-13,Annual,0,Not Churned
CUST06232,2026-07-02,Premium,98,1,Australia,26-35,Social Media,3,6,0,2026-07-16,Annual,0,Not Churned
CUST06233,2026-05-03,Standard,58,3,India,46-55,Referral,0,12,0,2026-08-22,Monthly,1,Competitor
CUST06234,2026-03-04,Basic,27,5,India,36-45,Referral,5,9,0,2026-07-12,Annual,1,Pricing
CUST06235,2025-09-05,Basic,24,11,UK,56+,Organic,4,15,0,2026-08-25,Monthly,1,Pricing
CUST06236,2026-04-03,Premium,107,4,India,18-25,Paid Ads,2,9,1,2026-08-16,Annual,0,Not Churned
CUST06237,2022-12-20,Standard,63,44,Germany,56+,Paid Ads,2,11,2,2026-08-02,Monthly,0,Not Churned
CUST06238,2023-11-15,Standard,61,33,UK,26-35,Paid Ads,5,15,0,2026-07-01,Monthly,1,Competitor
CUST06239,2023-11-15,Premium,96,33,USA,56+,Referral,5,10,1,2026-07-26,Monthly,0,Not Churned
CUST06240,2022-11-20,Premium,95,45,USA,26-35,Organic,5,14,1,2026-08-18,Monthly,0,Not Churned
CUST06241,2024-12-09,Premium,102,20,USA,36-45,Organic,3,11,0,2026-07-15,Annual,1,Competitor
CUST06242,2023-07-18,Basic,30,37,India,46-55,Paid Ads,6,13,6,2026-08-15,Monthly,0,Not Churned
CUST06243,2024-12-09,Standard,62,20,Germany,36-45,Paid Ads,5,14,0,2026-08-24,Monthly,0,Not Churned
CUST06244,2023-10-16,Standard,66,34,UK,36-45,Paid Ads,2,16,0,2026-08-19,Annual,0,Not Churned
CUST06245,2024-11-09,Standard,55,21,India,26-35,Partner,2,15,0,2026-08-03,Monthly,0,Not Churned
CUST06246,2021-10-26,Standard,62,58,USA,36-45,Referral,3,10,0,2026-06-26,Annual,0,Not Churned
CUST06247,2022-05-24,Basic,33,51,India,46-55,Paid Ads,1,16,0,2026-06-21,Annual,0,Not Churned
CUST06248,2026-01-03,Standard,62,7,India,18-25,Organic,4,9,1,2026-08-27,Monthly,0,Not Churned
CUST06249,2025-04-08,Standard,64,16,UK,36-45,Referral,4,7,0,2026-06-18,Monthly,0,Not Churned
CUST06250,2023-12-15,Basic,32,32,UK,46-55,Referral,3,13,2,2026-07-01,Annual,0,Not Churned
CUST06251,2023-08-17,Standard,63,36,USA,36-45,Paid Ads,4,4,1,2026-07-27,Annual,0,Not Churned
CUST06252,2022-06-23,Basic,36,50,India,46-55,Organic,2,11,0,2026-07-28,Monthly,0,Not Churned
CUST06253,2025-09-05,Basic,33,11,UK,46-55,Organic,3,21,0,2026-07-13,Monthly,0,Not Churned
CUST06254,2021-12-25,Basic,27,56,India,36-45,Organic,1,5,0,2026-08-27,Annual,0,Not Churned
CUST06255,2022-08-22,Standard,63,48,UK,36-45,Paid Ads,1,10,0,2026-08-19,Monthly,0,Not Churned
CUST06256,2024-03-14,Standard,56,29,USA,56+,Social Media,3,13,1,2026-08-08,Monthly,0,Not Churned
CUST06257,2023-02-18,Standard,59,42,UK,46-55,Social Media,3,18,0,2026-06-10,Annual,0,Not Churned
CUST06258,2023-10-16,Standard,56,34,Australia,46-55,Paid Ads,4,12,0,2026-06-04,Annual,0,Not Churned
CUST06259,2021-09-26,Premium,104,59,Australia,18-25,Social Media,2,11,0,2026-08-07,Monthly,0,Not Churned
CUST06260,2022-01-24,Basic,32,55,Germany,26-35,Partner,3,6,0,2026-08-23,Monthly,0,Not Churned
CUST06261,2021-12-25,Basic,26,56,Germany,36-45,Referral,3,7,2,2026-08-08,Monthly,1,Payment Issues
CUST06262,2025-10-05,Premium,95,10,Canada,36-45,Referral,2,18,0,2026-08-04,Monthly,0,Not Churned
CUST06263,2026-05-03,Basic,31,3,Germany,26-35,Partner,4,12,1,2026-07-09,Monthly,0,Not Churned
CUST06264,2024-10-10,Premium,99,22,Australia,18-25,Paid Ads,3,9,1,2026-06-23,Annual,1,Competitor
CUST06265,2023-12-15,Premium,101,32,Canada,26-35,Organic,6,15,0,2026-06-07,Annual,0,Not Churned
CUST06266,2022-12-20,Standard,68,44,India,36-45,Partner,0,10,1,2026-08-14,Monthly,0,Not Churned
CUST06267,2024-12-09,Premium,106,20,India,46-55,Paid Ads,3,7,0,2026-07-10,Annual,0,Not Churned
CUST06268,2021-08-27,Basic,30,60,Australia,46-55,Social Media,2,10,1,2026-06-20,Monthly,0,Not Churned
CUST06269,2026-06-02,Basic,26,2,USA,26-35,Social Media,5,15,1,2026-07-03,Monthly,1,Pricing
CUST06270,2025-12-04,Standard,61,8,Canada,26-35,Paid Ads,0,12,0,2026-06-24,Monthly,0,Not Churned
CUST06271,2022-06-23,Basic,33,50,India,26-35,Paid Ads,5,12,0,2026-07-30,Monthly,0,Not Churned
CUST06272,2023-03-20,Premium,94,41,USA,26-35,Paid Ads,2,11,2,2026-08-23,Monthly,0,Not Churned
CUST06273,2024-07-12,Basic,24,25,UK,36-45,Organic,2,11,1,2026-07-12,Annual,0,Not Churned
CUST06274,2025-09-05,Standard,66,11,Australia,26-35,Organic,3,10,1,2026-06-10,Monthly,0,Not Churned
CUST06275,2024-08-11,Standard,66,24,India,18-25,Paid Ads,5,11,0,2026-07-16,Monthly,1,Competitor
CUST06276,2024-06-12,Standard,63,26,Australia,26-35,Organic,1,9,0,2026-07-10,Monthly,0,Not Churned
CUST06277,2023-09-16,Basic,36,35,Canada,26-35,Paid Ads,5,14,1,2026-06-24,Annual,0,Not Churned
CUST06278,2023-04-19,Basic,31,40,India,18-25,Organic,5,11,1,2026-07-13,Monthly,0,Not Churned
CUST06279,2026-03-04,Premium,106,5,USA,26-35,Referral,3,11,0,2026-07-02,Monthly,0,Not Churned
CUST06280,2025-05-08,Basic,32,15,India,26-35,Social Media,3,13,2,2026-08-26,Monthly,1,Payment Issues
CUST06281,2023-02-18,Premium,103,42,India,26-35,Referral,2,10,1,2026-07-22,Monthly,0,Not Churned
CUST06282,2025-06-07,Standard,59,14,USA,26-35,Paid Ads,4,11,0,2026-07-01,Monthly,0,Not Churned
CUST06283,2023-07-18,Standard,58,37,India,36-45,Partner,3,15,0,2026-08-03,Monthly,0,Not Churned
CUST06284,2025-02-07,Standard,55,18,India,56+,Organic,2,7,1,2026-07-10,Annual,0,Not Churned
CUST06285,2025-08-06,Basic,34,12,Australia,36-45,Paid Ads,2,13,0,2026-07-29,Annual,1,Pricing
CUST06286,2026-05-03,Standard,62,3,USA,36-45,Organic,1,9,0,2026-08-10,Monthly,0,Not Churned
CUST06287,2023-04-19,Premium,99,40,UK,46-55,Paid Ads,4,7,0,2026-06-10,Monthly,0,Not Churned
CUST06288,2022-10-21,Standard,61,46,India,26-35,Organic,2,17,0,2026-07-25,Monthly,0,Not Churned
CUST06289,2023-11-15,Premium,102,33,Australia,26-35,Organic,2,12,0,2026-08-29,Annual,0,Not Churned
CUST06290,2026-04-03,Standard,62,4,Australia,26-35,Organic,2,9,1,2026-07-10,Monthly,0,Not Churned
CUST06291,2022-02-23,Basic,31,54,USA,26-35,Paid Ads,2,14,0,2026-07-15,Annual,1,Pricing
CUST06292,2021-11-25,Basic,35,57,Australia,36-45,Paid Ads,2,13,0,2026-08-06,Monthly,0,Not Churned
CUST06293,2023-04-19,Premium,103,40,Australia,18-25,Referral,2,11,1,2026-08-06,Monthly,0,Not Churned
CUST06294,2024-06-12,Basic,31,26,Canada,46-55,Paid Ads,4,12,0,2026-06-24,Monthly,0,Not Churned
CUST06295,2024-11-09,Premium,96,21,Canada,18-25,Organic,1,11,1,2026-08-04,Monthly,0,Not Churned
CUST06296,2022-11-20,Premium,106,45,India,46-55,Social Media,5,12,1,2026-08-12,Monthly,0,Not Churned
CUST06297,2025-04-08,Basic,26,16,India,46-55,Paid Ads,1,16,1,2026-07-11,Monthly,0,Not Churned
CUST06298,2022-08-22,Basic,25,48,India,56+,Organic,3,16,0,2026-07-26,Monthly,0,Not Churned
CUST06299,2024-09-10,Standard,54,23,India,46-55,Organic,2,9,0,2026-07-22,Annual,0,Not Churned
CUST06300,2024-08-11,Basic,27,24,India,18-25,Social Media,3,12,0,2026-07-06,Annual,0,Not Churned
CUST06301,2021-08-27,Standard,55,60,Australia,36-45,Referral,4,15,0,2026-08-22,Monthly,0,Not Churned
CUST06302,2025-11-04,Standard,67,9,India,26-35,Paid Ads,6,16,0,2026-06-09,Monthly,1,Competitor
CUST06303,2025-01-08,Standard,67,19,Germany,46-55,Paid Ads,4,16,1,2026-06-15,Monthly,0,Not Churned
CUST06304,2024-05-13,Standard,55,27,USA,26-35,Paid Ads,3,6,0,2026-07-02,Annual,0,Not Churned
CUST06305,2023-04-19,Basic,36,40,India,26-35,Referral,3,15,1,2026-07-03,Monthly,0,Not Churned
CUST06306,2024-01-14,Standard,64,31,USA,46-55,Social Media,6,15,0,2026-07-08,Annual,0,Not Churned
CUST06307,2022-05-24,Basic,34,51,India,18-25,Referral,4,14,1,2026-08-29,Annual,0,Not Churned
CUST06308,2026-07-02,Basic,28,1,Germany,26-35,Organic,3,8,1,2026-06-29,Monthly,0,Not Churned
CUST06309,2025-07-07,Standard,57,13,Australia,26-35,Organic,1,19,2,2026-06-23,Annual,0,Not Churned
CUST06310,2022-11-20,Premium,94,45,India,36-45,Organic,2,16,0,2026-06-18,Monthly,0,Not Churned
CUST06311,2026-04-03,Basic,38,4,Germany,36-45,Referral,2,16,0,2026-08-06,Monthly,0,Not Churned
CUST06312,2022-01-24,Standard,68,55,Canada,36-45,Organic,3,12,0,2026-08-15,Annual,0,Not Churned
CUST06313,2024-07-12,Standard,62,25,India,46-55,Paid Ads,3,15,0,2026-08-07,Monthly,0,Not Churned
CUST06314,2025-10-05,Basic,37,10,UK,18-25,Referral,4,9,1,2026-06-30,Annual,0,Not Churned
CUST06315,2024-09-10,Basic,27,23,UK,36-45,Paid Ads,3,12,1,2026-08-05,Annual,0,Not Churned
CUST06316,2021-10-26,Premium,98,58,India,36-45,Referral,1,20,0,2026-08-19,Annual,0,Not Churned
CUST06317,2023-01-19,Standard,60,43,Canada,36-45,Referral,5,11,0,2026-08-18,Annual,0,Not Churned
CUST06318,2024-02-13,Standard,55,30,India,26-35,Paid Ads,0,9,0,2026-06-14,Monthly,0,Not Churned
CUST06319,2025-06-07,Standard,61,14,USA,18-25,Social Media,2,16,0,2026-08-12,Monthly,0,Not Churned
CUST06320,2023-12-15,Basic,34,32,India,18-25,Referral,4,10,1,2026-07-14,Annual,0,Not Churned
CUST06321,2024-02-13,Standard,55,30,Germany,18-25,Paid Ads,2,6,1,2026-06-05,Monthly,0,Not Churned
CUST06322,2026-03-04,Standard,64,5,Canada,26-35,Social Media,2,10,0,2026-07-20,Monthly,0,Not Churned
CUST06323,2022-11-20,Standard,63,45,India,18-25,Referral,5,7,1,2026-06-20,Monthly,0,Not Churned
CUST06324,2025-05-08,Basic,28,15,India,26-35,Social Media,5,14,0,2026-07-10,Monthly,1,Pricing
CUST06325,2025-03-09,Basic,36,17,India,26-35,Referral,2,5,0,2026-06-03,Monthly,1,Pricing
CUST06326,2022-08-22,Basic,35,48,Canada,36-45,Paid Ads,5,12,0,2026-06-07,Monthly,1,Pricing
CUST06327,2023-11-15,Premium,95,33,India,46-55,Paid Ads,3,9,1,2026-06-09,Monthly,0,Not Churned
CUST06328,2025-08-06,Standard,55,12,Australia,26-35,Referral,3,17,1,2026-06-16,Annual,0,Not Churned
CUST06329,2024-07-12,Standard,57,25,Germany,36-45,Organic,4,11,0,2026-08-25,Monthly,1,Competitor
CUST06330,2022-04-24,Basic,27,52,UK,56+,Social Media,2,11,1,2026-08-09,Annual,0,Not Churned
CUST06331,2025-01-08,Basic,36,19,India,36-45,Paid Ads,5,14,0,2026-06-30,Monthly,0,Not Churned
CUST06332,2021-09-26,Standard,61,59,USA,56+,Referral,4,12,1,2026-08-07,Annual,0,Not Churned
CUST06333,2022-03-25,Standard,66,53,USA,18-25,Paid Ads,3,14,0,2026-08-30,Annual,0,Not Churned
CUST06334,2024-09-10,Standard,59,23,UK,46-55,Paid Ads,2,16,0,2026-06-03,Monthly,0,Not Churned
CUST06335,2023-05-19,Basic,33,39,UK,26-35,Referral,6,15,0,2026-07-02,Monthly,0,Not Churned
CUST06336,2026-03-04,Standard,61,5,USA,18-25,Referral,4,15,0,2026-08-09,Annual,0,Not Churned
CUST06337,2023-04-19,Basic,36,40,USA,56+,Organic,4,14,0,2026-08-01,Annual,0,Not Churned
CUST06338,2024-11-09,Basic,30,21,Australia,56+,Organic,3,11,0,2026-08-19,Annual,0,Not Churned
CUST06339,2021-10-26,Standard,66,58,India,26-35,Social Media,5,8,0,2026-07-09,Monthly,0,Not Churned
CUST06340,2023-08-17,Basic,33,36,USA,56+,Social Media,5,7,3,2026-06-10,Annual,1,Payment Issues
CUST06341,2025-06-07,Basic,27,14,Canada,18-25,Organic,8,18,1,2026-07-24,Monthly,0,Not Churned
CUST06342,2026-02-02,Standard,55,6,India,36-45,Paid Ads,1,15,0,2026-08-21,Monthly,0,Not Churned
CUST06343,2025-01-08,Standard,68,19,UK,26-35,Organic,1,21,2,2026-06-27,Monthly,0,Not Churned
CUST06344,2026-04-03,Premium,102,4,Canada,26-35,Partner,3,14,0,2026-08-02,Monthly,0,Not Churned
CUST06345,2024-08-11,Standard,55,24,UK,36-45,Organic,4,9,0,2026-06-28,Annual,0,Not Churned
CUST06346,2024-06-12,Basic,24,26,India,26-35,Organic,5,22,0,2026-08-21,Annual,0,Not Churned
CUST06347,2023-02-18,Basic,31,42,India,18-25,Organic,0,14,1,2026-06-20,Annual,0,Not Churned
CUST06348,2025-01-08,Premium,103,19,India,26-35,Referral,5,13,0,2026-07-11,Monthly,0,Not Churned
CUST06349,2021-09-26,Standard,68,59,India,26-35,Social Media,1,10,0,2026-07-05,Monthly,0,Not Churned
CUST06350,2023-12-15,Standard,62,32,Germany,36-45,Paid Ads,2,12,0,2026-08-18,Annual,0,Not Churned
CUST06351,2023-02-18,Basic,24,42,UK,26-35,Organic,2,7,0,2026-06-15,Monthly,0,Not Churned
CUST06352,2022-11-20,Standard,60,45,India,46-55,Referral,3,18,1,2026-06-29,Annual,0,Not Churned
CUST06353,2023-09-16,Basic,25,35,Germany,26-35,Organic,6,9,0,2026-08-23,Annual,0,Not Churned
CUST06354,2022-02-23,Standard,59,54,Canada,26-35,Organic,3,13,0,2026-07-15,Monthly,0,Not Churned
CUST06355,2023-04-19,Premium,106,40,India,26-35,Social Media,4,8,1,2026-08-31,Monthly,0,Not Churned
CUST06356,2023-02-18,Premium,104,42,USA,36-45,Social Media,5,10,0,2026-07-23,Monthly,1,Competitor
CUST06357,2026-06-02,Standard,58,2,India,18-25,Partner,5,10,0,2026-07-05,Annual,0,Not Churned
CUST06358,2023-11-15,Standard,54,33,Germany,26-35,Paid Ads,6,9,0,2026-07-01,Annual,0,Not Churned
CUST06359,2025-10-05,Premium,95,10,USA,26-35,Organic,2,10,0,2026-06-03,Monthly,0,Not Churned
CUST06360,2022-11-20,Standard,55,45,Australia,46-55,Social Media,1,12,1,2026-06-06,Monthly,0,Not Churned
CUST06361,2023-11-15,Basic,33,33,India,18-25,Organic,3,19,0,2026-06-23,Monthly,0,Not Churned
CUST06362,2024-09-10,Standard,63,23,Australia,46-55,Organic,4,7,1,2026-06-02,Annual,0,Not Churned
CUST06363,2023-10-16,Basic,29,34,India,26-35,Organic,6,13,0,2026-06-08,Monthly,0,Not Churned
CUST06364,2021-11-25,Standard,64,57,Germany,18-25,Partner,2,12,0,2026-07-05,Monthly,0,Not Churned
CUST06365,2023-02-18,Standard,65,42,Australia,26-35,Referral,4,11,1,2026-07-26,Annual,0,Not Churned
CUST06366,2023-08-17,Standard,54,36,USA,18-25,Organic,6,9,0,2026-07-16,Annual,0,Not Churned
CUST06367,2024-02-13,Basic,34,30,Canada,36-45,Organic,3,6,0,2026-07-29,Monthly,0,Not Churned
CUST06368,2023-05-19,Basic,36,39,Canada,56+,Social Media,6,16,1,2026-08-13,Monthly,0,Not Churned
CUST06369,2026-03-04,Standard,57,5,Australia,18-25,Social Media,4,12,1,2026-06-28,Annual,0,Not Churned
CUST06370,2024-11-09,Premium,105,21,India,26-35,Referral,4,10,1,2026-07-04,Monthly,1,Competitor
CUST06371,2025-04-08,Standard,63,16,USA,26-35,Organic,2,20,0,2026-06-11,Monthly,1,Competitor
CUST06372,2026-01-03,Basic,34,7,Australia,26-35,Paid Ads,5,14,1,2026-08-30,Monthly,0,Not Churned
CUST06373,2025-11-04,Premium,98,9,Canada,26-35,Referral,4,13,1,2026-08-13,Annual,0,Not Churned
CUST06374,2022-04-24,Premium,95,52,USA,46-55,Partner,3,10,1,2026-06-13,Annual,0,Not Churned
CUST06375,2021-11-25,Basic,25,57,Australia,18-25,Organic,4,17,1,2026-06-02,Annual,0,Not Churned
CUST06376,2023-03-20,Basic,38,41,India,36-45,Paid Ads,1,17,0,2026-07-16,Monthly,0,Not Churned
CUST06377,2023-01-19,Standard,60,43,Canada,26-35,Organic,2,9,1,2026-08-05,Monthly,0,Not Churned
CUST06378,2024-08-11,Premium,100,24,India,26-35,Paid Ads,4,15,0,2026-08-24,Monthly,0,Not Churned
CUST06379,2022-07-23,Premium,99,49,India,26-35,Organic,2,16,0,2026-06-09,Monthly,0,Not Churned
CUST06380,2024-06-12,Premium,94,26,USA,26-35,Social Media,4,14,1,2026-06-25,Monthly,0,Not Churned
CUST06381,2023-12-15,Standard,65,32,USA,18-25,Organic,2,12,0,2026-07-26,Annual,0,Not Churned
CUST06382,2023-01-19,Standard,66,43,USA,18-25,Paid Ads,3,18,1,2026-06-15,Monthly,0,Not Churned
CUST06383,2024-05-13,Basic,35,27,USA,26-35,Paid Ads,4,16,0,2026-08-09,Monthly,0,Not Churned
CUST06384,2023-03-20,Basic,26,41,India,46-55,Social Media,3,9,0,2026-06-24,Monthly,1,Pricing
CUST06385,2025-01-08,Standard,62,19,India,18-25,Social Media,2,13,3,2026-07-09,Monthly,0,Not Churned
CUST06386,2025-12-04,Standard,63,8,Canada,36-45,Organic,4,11,0,2026-08-18,Monthly,1,Competitor
CUST06387,2023-07-18,Standard,54,37,USA,26-35,Organic,3,11,0,2026-07-19,Monthly,0,Not Churned
CUST06388,2026-02-02,Standard,55,6,USA,46-55,Referral,8,14,1,2026-08-04,Monthly,0,Not Churned
CUST06389,2025-01-08,Basic,31,19,UK,26-35,Paid Ads,2,9,0,2026-06-15,Monthly,1,Pricing
CUST06390,2023-01-19,Standard,60,43,Australia,26-35,Organic,8,20,1,2026-06-10,Monthly,0,Not Churned
CUST06391,2024-09-10,Basic,32,23,UK,56+,Social Media,5,17,1,2026-08-26,Monthly,0,Not Churned
CUST06392,2026-06-02,Standard,63,2,India,26-35,Organic,2,7,0,2026-08-17,Monthly,1,Competitor
CUST06393,2026-05-03,Standard,65,3,Australia,36-45,Partner,3,14,0,2026-07-22,Monthly,1,Competitor
CUST06394,2026-06-02,Standard,68,2,Germany,36-45,Organic,0,10,0,2026-06-09,Monthly,0,Not Churned
CUST06395,2025-07-07,Premium,108,13,USA,26-35,Organic,3,10,1,2026-06-25,Annual,0,Not Churned
CUST06396,2023-12-15,Basic,38,32,Germany,56+,Paid Ads,3,11,0,2026-06-15,Monthly,0,Not Churned
CUST06397,2023-01-19,Standard,65,43,USA,46-55,Paid Ads,1,21,0,2026-07-26,Monthly,0,Not Churned
CUST06398,2024-07-12,Basic,27,25,USA,46-55,Organic,1,16,0,2026-06-07,Monthly,0,Not Churned
CUST06399,2023-01-19,Standard,57,43,India,56+,Referral,6,9,1,2026-07-06,Monthly,1,Competitor
CUST06400,2025-07-07,Premium,100,13,UK,26-35,Paid Ads,0,7,2,2026-06-20,Monthly,0,Not Churned
CUST06401,2024-02-13,Standard,54,30,India,18-25,Organic,3,21,0,2026-06-28,Monthly,0,Not Churned
CUST06402,2025-01-08,Premium,103,19,India,36-45,Social Media,6,8,0,2026-08-27,Monthly,0,Not Churned
CUST06403,2024-08-11,Basic,35,24,India,26-35,Partner,4,13,0,2026-06-03,Annual,0,Not Churned
CUST06404,2022-02-23,Premium,102,54,India,26-35,Referral,3,15,0,2026-08-02,Annual,0,Not Churned
CUST06405,2022-11-20,Basic,25,45,USA,26-35,Social Media,5,7,0,2026-06-28,Annual,0,Not Churned
CUST06406,2023-11-15,Premium,108,33,USA,46-55,Organic,3,10,0,2026-06-11,Monthly,0,Not Churned
CUST06407,2021-09-26,Basic,24,59,India,26-35,Organic,2,10,0,2026-08-13,Monthly,1,Pricing
CUST06408,2025-07-07,Basic,30,13,Germany,46-55,Paid Ads,3,11,0,2026-08-04,Annual,0,Not Churned
CUST06409,2024-01-14,Standard,59,31,India,26-35,Partner,1,13,1,2026-08-08,Monthly,0,Not Churned
CUST06410,2023-06-18,Premium,105,38,USA,18-25,Paid Ads,2,9,0,2026-06-21,Monthly,0,Not Churned
CUST06411,2025-12-04,Basic,26,8,India,46-55,Organic,2,16,0,2026-08-21,Annual,0,Not Churned
CUST06412,2021-10-26,Basic,24,58,India,56+,Paid Ads,2,10,0,2026-08-22,Monthly,0,Not Churned
CUST06413,2024-02-13,Premium,105,30,India,26-35,Organic,4,12,0,2026-07-10,Monthly,0,Not Churned
CUST06414,2025-01-08,Basic,28,19,USA,26-35,Organic,4,14,0,2026-08-26,Monthly,0,Not Churned
CUST06415,2023-12-15,Basic,33,32,Canada,26-35,Paid Ads,1,12,0,2026-06-29,Annual,0,Not Churned
CUST06416,2024-02-13,Standard,67,30,India,46-55,Paid Ads,2,13,1,2026-08-17,Annual,0,Not Churned
CUST06417,2022-01-24,Basic,27,55,USA,18-25,Organic,3,6,0,2026-08-06,Annual,1,Pricing
CUST06418,2022-10-21,Premium,98,46,India,26-35,Organic,2,18,0,2026-06-15,Monthly,1,Competitor
CUST06419,2023-06-18,Standard,54,38,Australia,36-45,Referral,1,10,1,2026-08-11,Annual,0,Not Churned
CUST06420,2025-03-09,Standard,54,17,Canada,26-35,Referral,1,14,0,2026-07-03,Annual,0,Not Churned
CUST06421,2023-10-16,Premium,98,34,India,26-35,Paid Ads,3,10,1,2026-08-01,Annual,0,Not Churned
CUST06422,2025-04-08,Standard,59,16,USA,46-55,Referral,3,16,0,2026-08-21,Monthly,0,Not Churned
CUST06423,2021-09-26,Basic,28,59,Germany,46-55,Organic,9,8,2,2026-06-08,Annual,1,Payment Issues
CUST06424,2023-07-18,Basic,25,37,USA,46-55,Organic,5,10,2,2026-08-23,Monthly,0,Not Churned
CUST06425,2022-01-24,Standard,62,55,USA,26-35,Social Media,2,13,0,2026-08-25,Annual,0,Not Churned
CUST06426,2022-04-24,Basic,28,52,USA,46-55,Paid Ads,2,12,1,2026-07-26,Annual,0,Not Churned
CUST06427,2026-02-02,Premium,104,6,USA,36-45,Paid Ads,2,7,0,2026-08-05,Annual,0,Not Churned
CUST06428,2026-06-02,Standard,64,2,Germany,26-35,Partner,3,15,0,2026-08-28,Annual,1,Competitor
CUST06429,2026-03-04,Basic,28,5,Germany,36-45,Paid Ads,4,6,0,2026-06-15,Monthly,0,Not Churned
CUST06430,2023-02-18,Standard,63,42,Canada,18-25,Organic,6,10,0,2026-07-12,Monthly,1,Competitor
CUST06431,2025-01-08,Standard,62,19,USA,36-45,Partner,4,13,0,2026-07-12,Monthly,0,Not Churned
CUST06432,2026-07-02,Premium,96,1,USA,36-45,Organic,3,11,1,2026-06-04,Monthly,0,Not Churned
CUST06433,2023-06-18,Premium,98,38,USA,36-45,Referral,6,13,1,2026-08-10,Annual,0,Not Churned
CUST06434,2024-07-12,Standard,68,25,Germany,26-35,Paid Ads,2,10,3,2026-08-25,Monthly,1,Payment Issues
CUST06435,2025-04-08,Standard,66,16,UK,36-45,Paid Ads,7,13,1,2026-08-25,Monthly,0,Not Churned
CUST06436,2024-02-13,Standard,65,30,USA,26-35,Paid Ads,2,10,0,2026-07-15,Monthly,1,Competitor
CUST06437,2024-02-13,Standard,58,30,India,46-55,Paid Ads,4,18,0,2026-08-25,Monthly,0,Not Churned
CUST06438,2025-10-05,Basic,25,10,USA,36-45,Social Media,4,24,1,2026-08-28,Annual,0,Not Churned
CUST06439,2023-04-19,Basic,34,40,Germany,18-25,Partner,1,7,1,2026-08-08,Annual,0,Not Churned
CUST06440,2022-04-24,Standard,57,52,USA,26-35,Organic,5,17,2,2026-07-12,Annual,0,Not Churned
CUST06441,2024-08-11,Basic,34,24,India,36-45,Social Media,7,13,0,2026-06-19,Monthly,0,Not Churned
CUST06442,2021-09-26,Basic,34,59,India,26-35,Organic,4,12,0,2026-08-13,Monthly,0,Not Churned
CUST06443,2024-11-09,Standard,55,21,USA,36-45,Organic,2,12,0,2026-08-20,Annual,1,Competitor
CUST06444,2022-05-24,Basic,28,51,Australia,26-35,Partner,0,15,1,2026-07-02,Monthly,0,Not Churned
CUST06445,2022-04-24,Standard,63,52,Germany,36-45,Paid Ads,7,11,1,2026-08-28,Annual,0,Not Churned
CUST06446,2023-05-19,Standard,66,39,Germany,26-35,Organic,4,4,0,2026-07-15,Annual,0,Not Churned
CUST06447,2025-05-08,Premium,105,15,Canada,36-45,Referral,2,8,0,2026-07-01,Monthly,0,Not Churned
CUST06448,2026-03-04,Standard,55,5,USA,56+,Organic,5,8,2,2026-06-04,Monthly,0,Not Churned
CUST06449,2023-08-17,Basic,33,36,USA,36-45,Paid Ads,2,12,0,2026-07-31,Monthly,0,Not Churned
CUST06450,2022-05-24,Standard,68,51,USA,18-25,Referral,4,5,0,2026-07-19,Annual,0,Not Churned
CUST06451,2022-05-24,Premium,107,51,UK,56+,Social Media,3,13,1,2026-07-21,Monthly,1,Competitor
CUST06452,2023-02-18,Premium,102,42,USA,26-35,Organic,4,18,0,2026-07-19,Monthly,0,Not Churned
CUST06453,2024-10-10,Standard,63,22,UK,36-45,Organic,2,17,0,2026-06-28,Monthly,0,Not Churned
CUST06454,2025-12-04,Basic,29,8,India,36-45,Organic,5,12,0,2026-07-16,Monthly,0,Not Churned
CUST06455,2024-01-14,Premium,101,31,India,26-35,Organic,0,14,1,2026-08-25,Annual,0,Not Churned
CUST06456,2022-04-24,Basic,32,52,Australia,26-35,Partner,2,6,1,2026-06-30,Monthly,0,Not Churned
CUST06457,2026-07-02,Standard,68,1,Australia,26-35,Partner,3,10,0,2026-07-29,Monthly,0,Not Churned
CUST06458,2024-12-09,Standard,66,20,USA,46-55,Referral,3,10,0,2026-07-16,Monthly,0,Not Churned
CUST06459,2024-04-13,Basic,31,28,India,46-55,Referral,4,15,2,2026-06-09,Monthly,1,Payment Issues
CUST06460,2024-01-14,Basic,28,31,Germany,26-35,Social Media,3,10,1,2026-06-02,Monthly,0,Not Churned
CUST06461,2022-03-25,Basic,28,53,UK,18-25,Organic,4,5,1,2026-08-07,Monthly,0,Not Churned
CUST06462,2024-08-11,Standard,59,24,USA,46-55,Organic,2,10,0,2026-06-25,Annual,0,Not Churned
CUST06463,2022-11-20,Premium,107,45,USA,26-35,Paid Ads,4,12,2,2026-07-23,Monthly,1,Payment Issues
CUST06464,2026-01-03,Basic,24,7,USA,26-35,Social Media,2,12,0,2026-08-22,Monthly,0,Not Churned
CUST06465,2026-06-02,Premium,106,2,USA,26-35,Paid Ads,1,17,0,2026-06-19,Monthly,1,Competitor
CUST06466,2025-11-04,Basic,34,9,Australia,26-35,Paid Ads,2,10,0,2026-08-26,Monthly,0,Not Churned
CUST06467,2025-01-08,Standard,61,19,India,36-45,Organic,2,13,0,2026-07-31,Annual,0,Not Churned
CUST06468,2023-03-20,Basic,25,41,India,36-45,Referral,4,15,0,2026-06-06,Annual,0,Not Churned
CUST06469,2022-07-23,Premium,99,49,India,26-35,Social Media,3,11,1,2026-08-01,Monthly,0,Not Churned
CUST06470,2024-07-12,Standard,67,25,India,46-55,Paid Ads,3,11,2,2026-08-06,Monthly,0,Not Churned
CUST06471,2024-09-10,Standard,67,23,India,26-35,Referral,1,9,0,2026-07-20,Monthly,0,Not Churned
CUST06472,2022-06-23,Premium,102,50,India,36-45,Paid Ads,7,12,0,2026-08-07,Monthly,1,Poor Support Experience
CUST06473,2025-10-05,Standard,66,10,India,26-35,Social Media,2,10,0,2026-06-22,Annual,0,Not Churned
CUST06474,2024-09-10,Premium,96,23,India,36-45,Paid Ads,4,18,1,2026-06-26,Annual,0,Not Churned
CUST06475,2023-11-15,Standard,55,33,India,18-25,Paid Ads,3,18,1,2026-08-27,Monthly,0,Not Churned
CUST06476,2023-01-19,Premium,103,43,India,26-35,Paid Ads,5,11,0,2026-07-19,Annual,1,Competitor
CUST06477,2025-01-08,Standard,58,19,UK,46-55,Organic,2,6,0,2026-06-22,Annual,0,Not Churned
CUST06478,2022-01-24,Basic,34,55,USA,26-35,Social Media,2,17,0,2026-06-28,Annual,0,Not Churned
CUST06479,2022-05-24,Standard,62,51,India,36-45,Partner,0,18,0,2026-07-01,Monthly,0,Not Churned
CUST06480,2023-10-16,Basic,29,34,USA,56+,Paid Ads,3,14,0,2026-07-19,Monthly,1,Pricing
CUST06481,2023-07-18,Standard,67,37,Germany,36-45,Organic,6,9,1,2026-06-03,Monthly,0,Not Churned
CUST06482,2026-05-03,Standard,61,3,Germany,26-35,Referral,0,7,1,2026-06-21,Monthly,1,Competitor
CUST06483,2022-11-20,Standard,61,45,India,26-35,Paid Ads,4,11,1,2026-07-14,Monthly,0,Not Churned
CUST06484,2021-11-25,Basic,30,57,Canada,46-55,Organic,7,11,0,2026-08-14,Annual,0,Not Churned
CUST06485,2026-01-03,Basic,28,7,USA,26-35,Organic,4,18,1,2026-08-02,Monthly,0,Not Churned
CUST06486,2023-01-19,Standard,55,43,India,36-45,Social Media,3,9,0,2026-08-21,Monthly,0,Not Churned
CUST06487,2022-07-23,Premium,107,49,India,36-45,Social Media,2,13,0,2026-08-17,Annual,0,Not Churned
CUST06488,2026-07-02,Basic,38,1,India,36-45,Social Media,3,11,1,2026-06-11,Monthly,0,Not Churned
CUST06489,2022-02-23,Standard,63,54,USA,36-45,Paid Ads,3,15,0,2026-07-14,Monthly,1,Competitor
CUST06490,2023-08-17,Standard,63,36,UK,26-35,Social Media,2,5,2,2026-06-14,Annual,0,Not Churned
CUST06491,2026-07-02,Standard,58,1,Canada,36-45,Referral,5,11,0,2026-07-30,Annual,0,Not Churned
CUST06492,2023-03-20,Basic,35,41,India,36-45,Paid Ads,1,11,0,2026-07-13,Annual,0,Not Churned
CUST06493,2024-02-13,Standard,60,30,India,26-35,Social Media,1,7,0,2026-08-18,Annual,0,Not Churned
CUST06494,2022-06-23,Basic,35,50,India,26-35,Partner,4,13,0,2026-08-03,Annual,0,Not Churned
CUST06495,2023-12-15,Premium,105,32,USA,36-45,Social Media,4,15,1,2026-07-15,Annual,0,Not Churned
CUST06496,2022-07-23,Basic,30,49,Germany,36-45,Social Media,1,8,0,2026-06-15,Monthly,0,Not Churned
CUST06497,2025-01-08,Basic,34,19,Canada,26-35,Referral,2,17,2,2026-07-04,Annual,0,Not Churned
CUST06498,2022-09-21,Basic,36,47,Germany,36-45,Referral,2,11,0,2026-08-14,Annual,0,Not Churned
CUST06499,2025-10-05,Basic,38,10,UK,26-35,Social Media,5,13,0,2026-06-30,Monthly,1,Pricing
CUST06500,2022-12-20,Standard,55,44,USA,46-55,Paid Ads,7,11,0,2026-08-07,Monthly,0,Not Churned
CUST06501,2022-08-22,Basic,30,48,USA,36-45,Organic,3,15,1,2026-08-18,Monthly,0,Not Churned
CUST06502,2022-12-20,Basic,29,44,USA,26-35,Social Media,1,19,0,2026-07-01,Annual,0,Not Churned
CUST06503,2023-11-15,Standard,60,33,USA,26-35,Partner,3,12,1,2026-07-26,Monthly,1,Competitor
CUST06504,2022-11-20,Basic,34,45,Australia,36-45,Paid Ads,5,12,1,2026-07-31,Annual,0,Not Churned
CUST06505,2026-04-03,Basic,31,4,USA,46-55,Social Media,4,10,2,2026-07-03,Annual,0,Not Churned
CUST06506,2024-12-09,Premium,97,20,India,26-35,Organic,2,6,0,2026-07-08,Annual,0,Not Churned
CUST06507,2022-02-23,Standard,54,54,Canada,36-45,Partner,4,8,1,2026-07-13,Monthly,0,Not Churned
CUST06508,2022-12-20,Premium,101,44,Australia,18-25,Referral,4,16,0,2026-07-04,Annual,0,Not Churned
CUST06509,2022-05-24,Premium,101,51,USA,26-35,Referral,2,10,1,2026-08-24,Monthly,0,Not Churned
CUST06510,2025-05-08,Standard,56,15,UK,36-45,Social Media,3,11,0,2026-08-06,Monthly,0,Not Churned
CUST06511,2023-03-20,Basic,26,41,India,18-25,Social Media,3,6,0,2026-08-28,Monthly,0,Not Churned
CUST06512,2022-02-23,Standard,58,54,USA,36-45,Social Media,4,13,0,2026-07-03,Monthly,0,Not Churned
CUST06513,2024-02-13,Premium,107,30,India,46-55,Partner,3,14,0,2026-08-19,Monthly,0,Not Churned
CUST06514,2026-01-03,Standard,56,7,India,56+,Organic,1,16,0,2026-08-07,Monthly,0,Not Churned
CUST06515,2023-06-18,Standard,68,38,UK,26-35,Organic,5,9,0,2026-07-02,Annual,0,Not Churned
CUST06516,2023-03-20,Basic,37,41,India,36-45,Social Media,3,16,0,2026-08-06,Monthly,0,Not Churned
CUST06517,2025-02-07,Premium,98,18,Canada,46-55,Partner,3,5,0,2026-07-12,Annual,0,Not Churned
CUST06518,2021-09-26,Standard,68,59,Australia,18-25,Paid Ads,4,12,0,2026-08-16,Monthly,0,Not Churned
CUST06519,2024-02-13,Premium,101,30,India,26-35,Organic,3,9,3,2026-08-23,Monthly,1,Payment Issues
CUST06520,2025-12-04,Basic,24,8,Canada,46-55,Paid Ads,3,5,0,2026-07-19,Monthly,0,Not Churned
CUST06521,2024-11-09,Basic,25,21,USA,26-35,Paid Ads,4,14,0,2026-08-01,Monthly,0,Not Churned
CUST06522,2022-06-23,Basic,25,50,India,46-55,Social Media,4,12,2,2026-08-09,Monthly,0,Not Churned
CUST06523,2022-11-20,Standard,65,45,UK,36-45,Organic,1,11,0,2026-07-26,Monthly,0,Not Churned
CUST06524,2026-01-03,Basic,27,7,UK,18-25,Organic,6,12,0,2026-07-10,Monthly,0,Not Churned
CUST06525,2022-12-20,Basic,32,44,USA,26-35,Social Media,3,12,1,2026-08-29,Monthly,0,Not Churned
CUST06526,2026-03-04,Premium,95,5,Germany,26-35,Organic,3,20,1,2026-08-09,Monthly,0,Not Churned
CUST06527,2023-12-15,Basic,35,32,USA,26-35,Social Media,1,11,0,2026-07-20,Monthly,0,Not Churned
CUST06528,2025-04-08,Premium,107,16,Germany,36-45,Paid Ads,4,11,0,2026-06-22,Annual,0,Not Churned
CUST06529,2023-04-19,Basic,34,40,USA,26-35,Referral,0,11,0,2026-06-27,Monthly,0,Not Churned
CUST06530,2024-06-12,Premium,106,26,India,26-35,Organic,3,20,1,2026-07-04,Monthly,1,Competitor
CUST06531,2024-05-13,Standard,68,27,USA,18-25,Organic,7,13,0,2026-06-11,Monthly,1,Poor Support Experience
CUST06532,2022-02-23,Premium,105,54,India,46-55,Paid Ads,4,11,0,2026-06-29,Annual,1,Competitor
CUST06533,2023-05-19,Premium,102,39,USA,26-35,Social Media,5,12,0,2026-08-16,Monthly,0,Not Churned
CUST06534,2021-09-26,Basic,30,59,UK,46-55,Referral,2,10,0,2026-08-13,Monthly,0,Not Churned
CUST06535,2024-04-13,Basic,33,28,USA,46-55,Organic,4,11,1,2026-07-25,Annual,1,Pricing
CUST06536,2023-11-15,Basic,31,33,India,26-35,Social Media,2,6,0,2026-08-30,Monthly,0,Not Churned
CUST06537,2026-06-02,Standard,54,2,USA,18-25,Organic,5,16,1,2026-08-09,Monthly,0,Not Churned
CUST06538,2023-03-20,Premium,106,41,India,46-55,Partner,1,8,0,2026-07-10,Monthly,0,Not Churned
CUST06539,2025-05-08,Standard,58,15,UK,36-45,Organic,1,15,0,2026-08-30,Annual,0,Not Churned
CUST06540,2023-05-19,Standard,62,39,Canada,18-25,Paid Ads,3,5,1,2026-07-06,Monthly,0,Not Churned
CUST06541,2026-01-03,Basic,35,7,Germany,36-45,Organic,3,9,0,2026-06-06,Monthly,0,Not Churned
CUST06542,2024-12-09,Premium,97,20,India,18-25,Referral,7,12,1,2026-07-30,Monthly,0,Not Churned
CUST06543,2025-07-07,Premium,95,13,USA,18-25,Paid Ads,6,10,0,2026-07-17,Annual,0,Not Churned
CUST06544,2023-12-15,Basic,29,32,USA,36-45,Paid Ads,3,14,0,2026-07-13,Monthly,0,Not Churned
CUST06545,2024-03-14,Standard,55,29,Germany,18-25,Organic,6,17,0,2026-06-07,Monthly,0,Not Churned
CUST06546,2026-04-03,Basic,26,4,UK,56+,Social Media,1,9,2,2026-07-01,Monthly,1,Payment Issues
CUST06547,2025-01-08,Standard,67,19,India,46-55,Social Media,1,13,1,2026-08-09,Monthly,0,Not Churned
CUST06548,2025-10-05,Standard,61,10,USA,36-45,Referral,4,8,0,2026-07-31,Annual,0,Not Churned
CUST06549,2023-08-17,Basic,38,36,UK,18-25,Referral,2,19,0,2026-07-17,Monthly,0,Not Churned
CUST06550,2025-08-06,Standard,56,12,UK,26-35,Referral,2,17,0,2026-08-09,Monthly,0,Not Churned
CUST06551,2021-10-26,Basic,25,58,Australia,26-35,Organic,1,9,1,2026-08-19,Monthly,0,Not Churned
CUST06552,2024-10-10,Standard,59,22,India,26-35,Partner,0,9,0,2026-08-20,Annual,0,Not Churned
CUST06553,2024-05-13,Standard,67,27,Germany,26-35,Organic,3,11,2,2026-06-05,Monthly,1,Payment Issues
CUST06554,2023-09-16,Basic,26,35,India,36-45,Referral,2,8,0,2026-08-13,Monthly,0,Not Churned
CUST06555,2021-10-26,Standard,54,58,Germany,26-35,Referral,3,6,0,2026-08-29,Monthly,0,Not Churned
CUST06556,2023-04-19,Standard,65,40,Australia,46-55,Referral,1,11,0,2026-08-14,Monthly,1,Competitor
CUST06557,2025-03-09,Basic,37,17,UK,46-55,Social Media,7,17,0,2026-08-28,Monthly,1,Poor Support Experience
CUST06558,2026-02-02,Basic,38,6,Canada,36-45,Organic,2,10,1,2026-08-17,Monthly,0,Not Churned
CUST06559,2022-11-20,Standard,68,45,India,36-45,Referral,4,8,1,2026-08-16,Monthly,0,Not Churned
CUST06560,2022-06-23,Premium,107,50,India,18-25,Referral,0,17,1,2026-08-05,Monthly,0,Not Churned
CUST06561,2022-08-22,Basic,26,48,India,26-35,Organic,0,10,1,2026-08-10,Annual,0,Not Churned
CUST06562,2023-01-19,Basic,29,43,India,46-55,Paid Ads,5,12,0,2026-07-02,Monthly,1,Pricing
CUST06563,2025-06-07,Basic,26,14,USA,36-45,Social Media,1,12,1,2026-08-10,Annual,0,Not Churned
CUST06564,2023-11-15,Standard,62,33,India,26-35,Paid Ads,5,17,1,2026-07-02,Monthly,0,Not Churned
CUST06565,2022-12-20,Basic,30,44,Australia,36-45,Paid Ads,3,12,1,2026-06-18,Monthly,0,Not Churned
CUST06566,2022-04-24,Basic,37,52,USA,46-55,Paid Ads,2,15,1,2026-07-08,Monthly,1,Pricing
CUST06567,2024-04-13,Standard,58,28,UK,26-35,Referral,1,13,3,2026-07-15,Monthly,0,Not Churned
CUST06568,2023-06-18,Standard,55,38,UK,26-35,Social Media,5,16,2,2026-07-11,Monthly,0,Not Churned
CUST06569,2026-01-03,Basic,38,7,India,46-55,Organic,4,13,0,2026-06-14,Monthly,0,Not Churned
CUST06570,2025-09-05,Standard,62,11,India,26-35,Paid Ads,4,12,0,2026-06-28,Annual,0,Not Churned
CUST06571,2023-11-15,Standard,58,33,India,26-35,Paid Ads,6,12,0,2026-08-28,Monthly,0,Not Churned
CUST06572,2026-05-03,Basic,30,3,Canada,26-35,Organic,3,15,1,2026-07-05,Monthly,0,Not Churned
CUST06573,2024-10-10,Basic,32,22,USA,46-55,Partner,5,14,0,2026-07-14,Annual,0,Not Churned
CUST06574,2025-07-07,Premium,97,13,India,46-55,Organic,3,12,0,2026-07-07,Monthly,0,Not Churned
CUST06575,2024-03-14,Basic,32,29,Canada,26-35,Organic,4,9,1,2026-06-06,Annual,0,Not Churned
CUST06576,2026-02-02,Standard,54,6,India,18-25,Referral,4,13,0,2026-06-12,Monthly,1,Competitor
CUST06577,2023-02-18,Premium,105,42,UK,26-35,Organic,2,11,0,2026-08-16,Monthly,0,Not Churned
CUST06578,2022-02-23,Basic,29,54,USA,26-35,Referral,2,13,1,2026-06-05,Annual,0,Not Churned
CUST06579,2023-05-19,Basic,25,39,Canada,18-25,Social Media,3,12,0,2026-07-18,Monthly,1,Pricing
CUST06580,2023-01-19,Standard,61,43,Germany,26-35,Organic,5,12,1,2026-07-16,Monthly,1,Competitor
CUST06581,2022-01-24,Premium,98,55,Canada,18-25,Organic,5,11,0,2026-07-01,Annual,1,Competitor
CUST06582,2024-04-13,Premium,108,28,USA,56+,Organic,2,11,0,2026-08-11,Annual,0,Not Churned
CUST06583,2021-10-26,Standard,56,58,India,18-25,Organic,5,24,1,2026-08-09,Annual,0,Not Churned
CUST06584,2025-05-08,Basic,25,15,Canada,26-35,Organic,2,12,0,2026-08-12,Monthly,0,Not Churned
CUST06585,2024-08-11,Standard,61,24,USA,26-35,Social Media,2,9,0,2026-06-24,Annual,0,Not Churned
CUST06586,2023-01-19,Standard,60,43,India,36-45,Social Media,2,15,1,2026-07-31,Monthly,0,Not Churned
CUST06587,2022-06-23,Standard,62,50,UK,18-25,Organic,0,7,0,2026-06-15,Annual,0,Not Churned
CUST06588,2024-06-12,Basic,31,26,India,36-45,Social Media,3,12,1,2026-08-13,Monthly,0,Not Churned
CUST06589,2026-07-02,Basic,34,1,India,36-45,Organic,6,8,0,2026-08-08,Monthly,0,Not Churned
CUST06590,2024-06-12,Standard,57,26,Australia,56+,Referral,3,12,0,2026-06-02,Annual,0,Not Churned
CUST06591,2022-10-21,Standard,55,46,USA,36-45,Organic,5,12,0,2026-08-21,Annual,0,Not Churned
CUST06592,2024-01-14,Basic,37,31,India,18-25,Organic,4,18,0,2026-08-15,Annual,0,Not Churned
CUST06593,2024-09-10,Basic,36,23,UK,18-25,Social Media,5,6,0,2026-08-02,Monthly,0,Not Churned
CUST06594,2023-12-15,Premium,95,32,Australia,36-45,Paid Ads,3,10,0,2026-07-17,Monthly,0,Not Churned
CUST06595,2022-12-20,Standard,55,44,India,26-35,Referral,2,16,0,2026-07-28,Annual,0,Not Churned
CUST06596,2026-07-02,Basic,37,1,UK,26-35,Paid Ads,4,14,0,2026-08-17,Monthly,0,Not Churned
CUST06597,2025-02-07,Basic,34,18,Canada,56+,Organic,1,12,0,2026-06-04,Annual,0,Not Churned
CUST06598,2025-03-09,Basic,35,17,India,46-55,Referral,3,10,0,2026-06-22,Annual,0,Not Churned
CUST06599,2022-10-21,Premium,99,46,USA,46-55,Social Media,1,15,0,2026-08-30,Annual,0,Not Churned
CUST06600,2022-12-20,Standard,60,44,India,46-55,Organic,1,13,1,2026-08-29,Annual,0,Not Churned
CUST06601,2024-04-13,Standard,65,28,Canada,36-45,Paid Ads,5,7,1,2026-07-14,Annual,0,Not Churned
CUST06602,2026-07-02,Standard,59,1,Australia,36-45,Referral,4,12,1,2026-07-12,Monthly,0,Not Churned
CUST06603,2022-05-24,Basic,25,51,India,26-35,Referral,6,13,2,2026-07-29,Annual,0,Not Churned
CUST06604,2023-08-17,Premium,97,36,Canada,56+,Referral,1,8,0,2026-06-22,Monthly,0,Not Churned
CUST06605,2026-03-04,Standard,56,5,Canada,26-35,Referral,1,13,1,2026-06-09,Monthly,0,Not Churned
CUST06606,2026-03-04,Basic,34,5,India,36-45,Partner,2,11,1,2026-07-13,Monthly,0,Not Churned
CUST06607,2026-06-02,Basic,36,2,UK,26-35,Paid Ads,0,17,0,2026-08-31,Annual,0,Not Churned
CUST06608,2025-09-05,Standard,57,11,India,18-25,Referral,5,12,0,2026-06-28,Annual,0,Not Churned
CUST06609,2023-09-16,Premium,98,35,Germany,36-45,Referral,2,12,1,2026-08-03,Monthly,1,Competitor
CUST06610,2024-02-13,Basic,30,30,USA,26-35,Referral,2,12,0,2026-08-27,Annual,0,Not Churned
CUST06611,2023-12-15,Premium,107,32,UK,36-45,Paid Ads,2,10,2,2026-06-26,Annual,1,Payment Issues
CUST06612,2025-12-04,Standard,62,8,UK,36-45,Referral,2,9,1,2026-07-03,Monthly,0,Not Churned
CUST06613,2026-06-02,Basic,38,2,USA,36-45,Referral,4,14,0,2026-08-02,Monthly,0,Not Churned
CUST06614,2023-08-17,Basic,34,36,Australia,18-25,Referral,4,16,1,2026-06-28,Monthly,0,Not Churned
CUST06615,2023-05-19,Basic,25,39,UK,26-35,Organic,3,14,1,2026-06-18,Annual,0,Not Churned
CUST06616,2024-07-12,Standard,61,25,Australia,46-55,Paid Ads,3,8,0,2026-08-15,Annual,0,Not Churned
CUST06617,2025-01-08,Basic,26,19,USA,26-35,Social Media,4,13,0,2026-07-24,Monthly,0,Not Churned
CUST06618,2022-05-24,Basic,32,51,India,26-35,Social Media,6,11,0,2026-07-08,Monthly,1,Pricing
CUST06619,2026-01-03,Standard,63,7,Australia,26-35,Social Media,1,18,0,2026-06-08,Monthly,0,Not Churned
CUST06620,2023-04-19,Standard,65,40,UK,46-55,Referral,3,12,0,2026-08-28,Monthly,0,Not Churned
CUST06621,2025-06-07,Basic,27,14,UK,36-45,Organic,3,13,0,2026-07-23,Monthly,0,Not Churned
CUST06622,2026-04-03,Standard,68,4,Germany,18-25,Paid Ads,3,15,1,2026-06-18,Monthly,0,Not Churned
CUST06623,2022-10-21,Standard,56,46,India,46-55,Organic,2,13,1,2026-07-11,Annual,0,Not Churned
CUST06624,2023-11-15,Standard,63,33,USA,46-55,Social Media,1,11,0,2026-06-27,Monthly,0,Not Churned
CUST06625,2023-07-18,Premium,99,37,India,36-45,Organic,3,11,0,2026-07-08,Monthly,0,Not Churned
CUST06626,2023-01-19,Basic,33,43,UK,26-35,Social Media,2,14,0,2026-06-20,Monthly,0,Not Churned
CUST06627,2024-02-13,Premium,106,30,Canada,36-45,Social Media,2,11,1,2026-06-14,Monthly,1,Competitor
CUST06628,2022-09-21,Standard,62,47,Germany,26-35,Social Media,6,11,0,2026-07-11,Annual,0,Not Churned
CUST06629,2024-12-09,Standard,60,20,USA,36-45,Social Media,2,15,1,2026-08-20,Monthly,0,Not Churned
CUST06630,2025-06-07,Standard,57,14,Canada,46-55,Referral,1,12,0,2026-08-26,Monthly,1,Competitor
CUST06631,2024-05-13,Standard,56,27,Australia,46-55,Referral,3,12,0,2026-07-02,Monthly,1,Competitor
CUST06632,2021-12-25,Basic,33,56,UK,26-35,Paid Ads,4,15,0,2026-07-22,Monthly,0,Not Churned
CUST06633,2025-07-07,Standard,57,13,India,46-55,Organic,4,14,0,2026-07-02,Monthly,0,Not Churned
CUST06634,2026-01-03,Standard,56,7,UK,18-25,Organic,5,7,0,2026-06-17,Monthly,0,Not Churned
CUST06635,2025-02-07,Standard,65,18,Germany,18-25,Organic,3,16,1,2026-07-09,Monthly,0,Not Churned
CUST06636,2023-06-18,Basic,26,38,Germany,36-45,Partner,1,11,1,2026-07-19,Monthly,0,Not Churned
CUST06637,2022-04-24,Premium,105,52,UK,36-45,Organic,3,8,1,2026-07-30,Monthly,0,Not Churned
CUST06638,2023-05-19,Standard,67,39,Australia,26-35,Referral,4,9,0,2026-07-18,Annual,0,Not Churned
CUST06639,2025-11-04,Basic,36,9,India,26-35,Organic,4,13,0,2026-08-02,Monthly,0,Not Churned
CUST06640,2024-09-10,Standard,62,23,India,18-25,Partner,3,14,0,2026-06-09,Annual,0,Not Churned
CUST06641,2024-01-14,Standard,57,31,Germany,36-45,Paid Ads,4,10,0,2026-08-22,Monthly,0,Not Churned
CUST06642,2026-06-02,Standard,62,2,India,46-55,Paid Ads,3,9,0,2026-06-17,Monthly,1,Competitor
CUST06643,2023-04-19,Standard,65,40,India,36-45,Paid Ads,3,6,0,2026-08-24,Monthly,0,Not Churned
CUST06644,2023-06-18,Premium,108,38,USA,26-35,Social Media,2,12,0,2026-08-09,Monthly,0,Not Churned
CUST06645,2023-03-20,Basic,33,41,USA,56+,Organic,2,12,0,2026-08-28,Monthly,0,Not Churned
CUST06646,2023-05-19,Standard,58,39,UK,36-45,Social Media,7,13,0,2026-07-10,Monthly,0,Not Churned
CUST06647,2026-03-04,Premium,100,5,India,46-55,Referral,4,18,0,2026-07-30,Annual,0,Not Churned
CUST06648,2021-12-25,Premium,107,56,Germany,36-45,Organic,0,14,1,2026-06-25,Annual,0,Not Churned
CUST06649,2024-09-10,Standard,58,23,Australia,56+,Organic,4,8,0,2026-08-17,Annual,0,Not Churned
CUST06650,2022-07-23,Premium,94,49,USA,46-55,Social Media,4,9,0,2026-08-20,Monthly,0,Not Churned
CUST06651,2021-09-26,Basic,25,59,USA,36-45,Organic,2,7,0,2026-08-12,Monthly,0,Not Churned
CUST06652,2023-12-15,Premium,104,32,UK,26-35,Social Media,1,14,0,2026-07-01,Monthly,0,Not Churned
CUST06653,2022-03-25,Basic,38,53,UK,36-45,Organic,1,19,0,2026-06-05,Monthly,0,Not Churned
CUST06654,2023-05-19,Basic,28,39,USA,36-45,Referral,6,14,0,2026-06-13,Monthly,0,Not Churned
CUST06655,2025-04-08,Basic,29,16,USA,36-45,Referral,5,15,0,2026-07-28,Annual,0,Not Churned
CUST06656,2021-10-26,Standard,60,58,India,26-35,Referral,2,10,3,2026-08-01,Monthly,1,Payment Issues
CUST06657,2022-01-24,Basic,25,55,India,26-35,Paid Ads,3,10,3,2026-07-07,Monthly,0,Not Churned
CUST06658,2025-09-05,Basic,33,11,USA,36-45,Social Media,3,10,0,2026-06-22,Annual,0,Not Churned
CUST06659,2025-06-07,Basic,32,14,UK,46-55,Social Media,3,12,1,2026-07-20,Monthly,0,Not Churned
CUST06660,2026-05-03,Basic,29,3,Canada,36-45,Paid Ads,7,12,0,2026-06-15,Annual,0,Not Churned
CUST06661,2022-03-25,Standard,55,53,Canada,18-25,Referral,5,12,0,2026-06-29,Annual,1,Competitor
CUST06662,2025-12-04,Standard,55,8,USA,26-35,Referral,7,15,0,2026-07-31,Monthly,1,Poor Support Experience
CUST06663,2025-05-08,Basic,26,15,Canada,18-25,Partner,1,15,0,2026-08-05,Monthly,1,Pricing
CUST06664,2021-11-25,Standard,54,57,India,18-25,Social Media,1,9,0,2026-08-09,Annual,0,Not Churned
CUST06665,2025-11-04,Premium,102,9,USA,26-35,Organic,2,12,1,2026-06-04,Annual,0,Not Churned
CUST06666,2025-04-08,Standard,67,16,Canada,36-45,Organic,4,11,1,2026-07-19,Monthly,0,Not Churned
CUST06667,2024-06-12,Basic,33,26,UK,46-55,Partner,1,14,0,2026-07-28,Monthly,0,Not Churned
CUST06668,2022-03-25,Standard,64,53,USA,26-35,Organic,1,15,0,2026-07-25,Monthly,0,Not Churned
CUST06669,2023-12-15,Basic,27,32,UK,36-45,Partner,2,14,1,2026-06-20,Monthly,1,Pricing
CUST06670,2025-02-07,Basic,28,18,Australia,36-45,Referral,3,8,0,2026-07-14,Monthly,0,Not Churned
CUST06671,2025-12-04,Basic,30,8,USA,56+,Organic,3,4,1,2026-06-08,Monthly,0,Not Churned
CUST06672,2023-05-19,Premium,94,39,Canada,46-55,Paid Ads,1,15,1,2026-07-13,Monthly,0,Not Churned
CUST06673,2022-04-24,Basic,26,52,Germany,18-25,Paid Ads,2,18,0,2026-08-28,Monthly,0,Not Churned
CUST06674,2022-03-25,Basic,37,53,UK,26-35,Social Media,3,5,0,2026-06-11,Monthly,0,Not Churned
CUST06675,2021-08-27,Basic,26,60,USA,18-25,Paid Ads,6,11,0,2026-06-13,Monthly,0,Not Churned
CUST06676,2023-12-15,Premium,95,32,India,36-45,Paid Ads,2,12,1,2026-08-20,Monthly,0,Not Churned
CUST06677,2025-10-05,Standard,61,10,USA,36-45,Partner,5,15,0,2026-07-12,Annual,0,Not Churned
CUST06678,2025-08-06,Basic,28,12,USA,26-35,Organic,4,9,0,2026-08-20,Monthly,0,Not Churned
CUST06679,2025-08-06,Standard,54,12,Canada,46-55,Referral,3,9,0,2026-06-30,Monthly,1,Competitor
CUST06680,2021-09-26,Standard,65,59,USA,26-35,Paid Ads,4,12,1,2026-06-04,Monthly,0,Not Churned
CUST06681,2021-09-26,Standard,55,59,Germany,56+,Organic,5,8,0,2026-08-01,Monthly,0,Not Churned
CUST06682,2025-10-05,Basic,24,10,India,18-25,Organic,5,16,0,2026-07-18,Annual,0,Not Churned
CUST06683,2023-10-16,Premium,108,34,Canada,18-25,Paid Ads,4,10,2,2026-06-22,Monthly,0,Not Churned
CUST06684,2021-11-25,Basic,29,57,USA,26-35,Organic,0,12,0,2026-08-09,Monthly,0,Not Churned
CUST06685,2024-02-13,Standard,62,30,USA,18-25,Paid Ads,3,11,0,2026-07-22,Annual,0,Not Churned
CUST06686,2022-12-20,Basic,34,44,Canada,36-45,Referral,1,14,0,2026-07-30,Annual,1,Pricing
CUST06687,2024-01-14,Basic,30,31,India,18-25,Referral,2,16,0,2026-07-24,Monthly,0,Not Churned
CUST06688,2023-06-18,Basic,28,38,India,36-45,Paid Ads,3,17,0,2026-06-20,Annual,0,Not Churned
CUST06689,2024-07-12,Standard,65,25,USA,18-25,Paid Ads,1,21,0,2026-07-05,Annual,0,Not Churned
CUST06690,2024-08-11,Basic,36,24,USA,26-35,Organic,6,15,0,2026-06-29,Annual,0,Not Churned
CUST06691,2023-11-15,Standard,56,33,Canada,46-55,Organic,0,14,0,2026-07-19,Monthly,1,Competitor
CUST06692,2025-11-04,Basic,35,9,Germany,56+,Paid Ads,1,6,0,2026-07-07,Annual,0,Not Churned
CUST06693,2024-07-12,Standard,65,25,India,26-35,Partner,3,13,0,2026-07-27,Monthly,1,Competitor
CUST06694,2024-12-09,Premium,101,20,USA,56+,Organic,2,4,1,2026-08-15,Annual,0,Not Churned
CUST06695,2022-08-22,Standard,63,48,UK,36-45,Paid Ads,3,10,1,2026-06-17,Monthly,0,Not Churned
CUST06696,2025-03-09,Standard,57,17,Germany,26-35,Referral,3,14,0,2026-07-02,Monthly,0,Not Churned
CUST06697,2022-04-24,Standard,62,52,Germany,46-55,Referral,4,12,1,2026-07-21,Monthly,0,Not Churned
CUST06698,2026-02-02,Basic,28,6,UK,26-35,Partner,3,10,0,2026-07-15,Monthly,0,Not Churned
CUST06699,2023-08-17,Premium,107,36,USA,26-35,Organic,2,18,0,2026-08-24,Monthly,1,Competitor
CUST06700,2023-03-20,Basic,29,41,India,36-45,Organic,1,5,0,2026-07-07,Monthly,0,Not Churned
CUST06701,2024-12-09,Standard,58,20,USA,26-35,Paid Ads,5,16,2,2026-06-11,Annual,0,Not Churned
CUST06702,2024-06-12,Standard,63,26,USA,18-25,Organic,10,16,0,2026-06-09,Annual,0,Not Churned
CUST06703,2023-04-19,Basic,35,40,Canada,18-25,Paid Ads,0,9,0,2026-06-18,Monthly,0,Not Churned
CUST06704,2022-06-23,Basic,34,50,UK,36-45,Social Media,0,16,2,2026-06-04,Annual,0,Not Churned
CUST06705,2025-08-06,Standard,60,12,UK,36-45,Referral,4,12,0,2026-07-18,Monthly,0,Not Churned
CUST06706,2026-01-03,Premium,100,7,USA,26-35,Organic,4,6,0,2026-08-13,Monthly,1,Competitor
CUST06707,2023-04-19,Premium,94,40,Canada,46-55,Organic,4,8,0,2026-06-12,Monthly,0,Not Churned
CUST06708,2024-02-13,Standard,55,30,India,26-35,Partner,5,10,1,2026-08-09,Annual,0,Not Churned
CUST06709,2024-10-10,Standard,60,22,India,36-45,Paid Ads,4,7,0,2026-08-01,Monthly,1,Competitor
CUST06710,2023-02-18,Premium,101,42,India,46-55,Partner,1,14,0,2026-07-18,Monthly,0,Not Churned
CUST06711,2024-03-14,Basic,27,29,Australia,46-55,Referral,3,26,0,2026-08-29,Monthly,0,Not Churned
CUST06712,2024-10-10,Basic,29,22,India,36-45,Partner,2,14,1,2026-06-17,Monthly,1,Pricing
CUST06713,2024-08-11,Standard,64,24,Canada,36-45,Social Media,3,14,1,2026-08-16,Monthly,1,Competitor
CUST06714,2026-05-03,Premium,105,3,India,26-35,Paid Ads,4,11,1,2026-06-18,Annual,0,Not Churned
CUST06715,2022-06-23,Premium,103,50,USA,36-45,Social Media,1,8,1,2026-07-22,Monthly,1,Competitor
CUST06716,2023-03-20,Standard,56,41,Australia,26-35,Paid Ads,3,8,2,2026-06-02,Annual,0,Not Churned
CUST06717,2024-08-11,Basic,30,24,USA,26-35,Organic,3,11,1,2026-06-12,Annual,0,Not Churned
CUST06718,2024-06-12,Standard,64,26,India,26-35,Organic,5,12,0,2026-08-30,Annual,0,Not Churned
CUST06719,2026-03-04,Basic,26,5,India,18-25,Paid Ads,2,13,0,2026-07-25,Annual,0,Not Churned
CUST06720,2025-07-07,Basic,34,13,Germany,36-45,Organic,4,12,0,2026-06-29,Monthly,0,Not Churned
CUST06721,2023-07-18,Standard,60,37,USA,46-55,Organic,5,16,0,2026-08-14,Annual,0,Not Churned
CUST06722,2022-02-23,Basic,35,54,USA,18-25,Paid Ads,2,13,1,2026-06-16,Monthly,0,Not Churned
CUST06723,2024-10-10,Premium,104,22,USA,26-35,Partner,3,11,0,2026-06-13,Annual,1,Competitor
CUST06724,2023-10-16,Standard,65,34,USA,26-35,Referral,3,11,0,2026-08-29,Annual,0,Not Churned
CUST06725,2023-05-19,Standard,64,39,India,36-45,Paid Ads,3,9,1,2026-08-18,Monthly,0,Not Churned
CUST06726,2026-05-03,Basic,31,3,UK,26-35,Organic,3,18,1,2026-08-11,Monthly,1,Pricing
CUST06727,2023-12-15,Basic,26,32,UK,18-25,Organic,4,9,0,2026-07-19,Monthly,0,Not Churned
CUST06728,2024-08-11,Basic,25,24,India,36-45,Referral,8,12,1,2026-06-29,Monthly,0,Not Churned
CUST06729,2025-11-04,Premium,105,9,Canada,46-55,Social Media,2,13,1,2026-07-15,Monthly,1,Competitor
CUST06730,2026-05-03,Premium,99,3,Australia,18-25,Paid Ads,2,8,0,2026-06-05,Monthly,0,Not Churned
CUST06731,2024-10-10,Standard,57,22,Germany,26-35,Referral,2,11,0,2026-06-25,Monthly,0,Not Churned
CUST06732,2024-08-11,Basic,31,24,India,36-45,Referral,2,12,0,2026-07-01,Annual,0,Not Churned
CUST06733,2023-06-18,Premium,106,38,India,18-25,Organic,3,22,1,2026-07-14,Monthly,0,Not Churned
CUST06734,2025-10-05,Basic,38,10,Australia,26-35,Paid Ads,2,19,1,2026-07-29,Annual,0,Not Churned
CUST06735,2023-09-16,Basic,37,35,India,36-45,Referral,6,6,0,2026-06-22,Annual,0,Not Churned
CUST06736,2024-12-09,Standard,55,20,India,56+,Referral,4,13,0,2026-07-07,Annual,0,Not Churned
CUST06737,2023-03-20,Premium,97,41,Australia,26-35,Organic,3,12,0,2026-07-09,Annual,0,Not Churned
CUST06738,2022-12-20,Basic,25,44,India,26-35,Organic,0,14,1,2026-06-24,Monthly,0,Not Churned
CUST06739,2025-08-06,Basic,37,12,USA,26-35,Referral,2,7,1,2026-07-07,Monthly,0,Not Churned
CUST06740,2022-08-22,Premium,95,48,USA,46-55,Organic,3,8,0,2026-06-09,Annual,0,Not Churned
CUST06741,2023-01-19,Basic,25,43,Australia,18-25,Social Media,3,14,0,2026-07-23,Annual,0,Not Churned
CUST06742,2025-08-06,Basic,24,12,India,36-45,Organic,4,14,0,2026-08-28,Annual,0,Not Churned
CUST06743,2025-03-09,Standard,57,17,Australia,46-55,Organic,5,13,0,2026-07-01,Annual,0,Not Churned
CUST06744,2026-04-03,Premium,95,4,UK,56+,Organic,4,14,1,2026-08-09,Annual,0,Not Churned
CUST06745,2023-02-18,Standard,62,42,USA,36-45,Partner,4,11,1,2026-06-25,Monthly,0,Not Churned
CUST06746,2022-07-23,Premium,102,49,India,26-35,Social Media,5,12,0,2026-08-14,Monthly,0,Not Churned
CUST06747,2025-12-04,Standard,64,8,India,26-35,Social Media,2,12,1,2026-06-25,Monthly,0,Not Churned
CUST06748,2026-01-03,Basic,34,7,UK,26-35,Paid Ads,10,5,1,2026-07-22,Monthly,0,Not Churned
CUST06749,2022-01-24,Premium,100,55,USA,36-45,Social Media,5,13,1,2026-06-08,Annual,0,Not Churned
CUST06750,2025-02-07,Standard,59,18,Australia,36-45,Social Media,0,12,0,2026-06-22,Annual,0,Not Churned
CUST06751,2024-06-12,Basic,35,26,USA,46-55,Paid Ads,1,16,0,2026-07-09,Monthly,0,Not Churned
CUST06752,2024-01-14,Standard,56,31,USA,26-35,Partner,1,9,1,2026-07-17,Monthly,0,Not Churned
CUST06753,2022-02-23,Basic,37,54,USA,36-45,Social Media,5,12,1,2026-07-14,Annual,0,Not Churned
CUST06754,2021-12-25,Basic,35,56,Canada,46-55,Partner,4,9,0,2026-06-15,Monthly,1,Pricing
CUST06755,2021-12-25,Basic,37,56,USA,46-55,Social Media,3,13,0,2026-08-31,Monthly,0,Not Churned
CUST06756,2022-03-25,Standard,68,53,India,36-45,Social Media,7,13,0,2026-08-28,Monthly,0,Not Churned
CUST06757,2025-12-04,Premium,100,8,Australia,36-45,Partner,2,12,0,2026-06-29,Annual,0,Not Churned
CUST06758,2023-10-16,Standard,54,34,USA,36-45,Paid Ads,3,11,0,2026-07-30,Annual,0,Not Churned
CUST06759,2022-10-21,Premium,102,46,USA,26-35,Social Media,3,12,1,2026-07-31,Monthly,1,Competitor
CUST06760,2025-04-08,Basic,27,16,UK,18-25,Organic,1,9,0,2026-07-10,Annual,0,Not Churned
CUST06761,2024-12-09,Basic,29,20,UK,26-35,Referral,2,22,0,2026-06-04,Annual,0,Not Churned
CUST06762,2025-10-05,Basic,29,10,India,26-35,Social Media,3,13,0,2026-08-10,Monthly,0,Not Churned
CUST06763,2022-06-23,Basic,34,50,India,36-45,Referral,2,14,0,2026-08-27,Monthly,0,Not Churned
CUST06764,2026-03-04,Basic,26,5,Canada,36-45,Social Media,4,6,0,2026-08-18,Annual,0,Not Churned
CUST06765,2022-08-22,Standard,57,48,India,36-45,Paid Ads,8,15,0,2026-08-07,Monthly,0,Not Churned
CUST06766,2025-09-05,Premium,106,11,Canada,18-25,Paid Ads,4,16,1,2026-08-27,Monthly,0,Not Churned
CUST06767,2022-05-24,Premium,104,51,India,18-25,Organic,2,17,0,2026-07-05,Monthly,1,Competitor
CUST06768,2023-06-18,Basic,33,38,USA,18-25,Organic,2,16,0,2026-06-24,Monthly,0,Not Churned
CUST06769,2023-05-19,Premium,96,39,India,26-35,Referral,3,12,0,2026-08-28,Monthly,0,Not Churned
CUST06770,2024-10-10,Basic,36,22,USA,56+,Referral,2,8,1,2026-07-21,Annual,0,Not Churned
CUST06771,2025-09-05,Basic,29,11,UK,26-35,Organic,2,8,0,2026-08-20,Monthly,1,Pricing
CUST06772,2025-02-07,Premium,94,18,India,26-35,Organic,3,8,0,2026-07-25,Monthly,0,Not Churned
CUST06773,2025-02-07,Standard,61,18,USA,18-25,Paid Ads,3,8,1,2026-07-31,Annual,0,Not Churned
CUST06774,2024-01-14,Basic,31,31,Germany,36-45,Referral,2,19,1,2026-07-26,Monthly,0,Not Churned
CUST06775,2024-12-09,Standard,62,20,USA,36-45,Referral,5,12,0,2026-06-13,Annual,0,Not Churned
CUST06776,2024-09-10,Basic,29,23,Canada,26-35,Organic,1,14,2,2026-06-23,Monthly,0,Not Churned
CUST06777,2023-04-19,Standard,54,40,Germany,46-55,Social Media,4,17,0,2026-07-25,Annual,0,Not Churned
CUST06778,2022-03-25,Standard,56,53,Germany,46-55,Organic,5,15,3,2026-08-10,Monthly,0,Not Churned
CUST06779,2025-10-05,Premium,108,10,Australia,26-35,Referral,2,10,1,2026-08-11,Monthly,1,Competitor
CUST06780,2025-03-09,Basic,24,17,India,26-35,Organic,3,18,0,2026-06-08,Monthly,1,Pricing
CUST06781,2023-03-20,Basic,38,41,Germany,26-35,Partner,2,19,1,2026-06-23,Monthly,0,Not Churned
CUST06782,2022-11-20,Standard,66,45,Canada,26-35,Organic,2,11,0,2026-07-18,Monthly,1,Competitor
CUST06783,2025-12-04,Standard,68,8,Australia,46-55,Referral,2,16,0,2026-06-23,Annual,0,Not Churned
CUST06784,2024-01-14,Basic,28,31,India,18-25,Paid Ads,1,14,2,2026-06-06,Monthly,1,Payment Issues
CUST06785,2022-07-23,Standard,56,49,Germany,26-35,Organic,3,7,1,2026-08-16,Annual,0,Not Churned
CUST06786,2022-08-22,Premium,107,48,Canada,26-35,Organic,4,6,0,2026-07-02,Annual,0,Not Churned
CUST06787,2021-11-25,Premium,95,57,Canada,26-35,Paid Ads,3,12,0,2026-08-09,Annual,0,Not Churned
CUST06788,2022-08-22,Premium,96,48,India,46-55,Social Media,2,13,2,2026-07-15,Monthly,1,Payment Issues
CUST06789,2022-03-25,Premium,102,53,India,26-35,Organic,6,19,0,2026-07-09,Monthly,0,Not Churned
CUST06790,2023-04-19,Standard,64,40,Germany,18-25,Referral,0,11,0,2026-08-20,Annual,0,Not Churned
CUST06791,2024-06-12,Premium,101,26,USA,36-45,Referral,2,14,0,2026-08-21,Monthly,0,Not Churned
CUST06792,2023-02-18,Basic,36,42,USA,26-35,Organic,2,15,1,2026-08-29,Monthly,0,Not Churned
CUST06793,2022-12-20,Basic,26,44,Australia,18-25,Organic,4,13,0,2026-08-31,Annual,0,Not Churned
CUST06794,2022-06-23,Basic,34,50,India,26-35,Partner,3,10,1,2026-06-26,Monthly,0,Not Churned
CUST06795,2022-01-24,Standard,55,55,USA,26-35,Paid Ads,2,14,1,2026-08-08,Monthly,0,Not Churned
CUST06796,2025-11-04,Basic,28,9,USA,26-35,Organic,2,16,0,2026-07-25,Monthly,0,Not Churned
CUST06797,2023-12-15,Premium,105,32,India,26-35,Referral,9,9,0,2026-07-29,Annual,0,Not Churned
CUST06798,2024-09-10,Basic,35,23,India,18-25,Organic,1,9,0,2026-08-21,Annual,0,Not Churned
CUST06799,2023-12-15,Basic,36,32,India,36-45,Paid Ads,1,8,0,2026-08-24,Annual,1,Pricing
CUST06800,2021-11-25,Standard,65,57,India,18-25,Organic,3,9,0,2026-06-20,Annual,0,Not Churned
CUST06801,2023-08-17,Basic,24,36,UK,56+,Partner,2,8,0,2026-06-17,Monthly,0,Not Churned
CUST06802,2026-03-04,Basic,27,5,Australia,26-35,Paid Ads,5,6,0,2026-08-30,Monthly,0,Not Churned
CUST06803,2022-01-24,Basic,31,55,USA,36-45,Partner,4,10,1,2026-07-13,Monthly,0,Not Churned
CUST06804,2022-08-22,Standard,54,48,India,46-55,Paid Ads,1,16,0,2026-08-23,Monthly,0,Not Churned
CUST06805,2026-07-02,Standard,58,1,India,26-35,Paid Ads,3,15,1,2026-08-09,Monthly,0,Not Churned
CUST06806,2022-06-23,Standard,65,50,Australia,36-45,Partner,2,12,1,2026-07-01,Monthly,0,Not Churned
CUST06807,2022-06-23,Standard,57,50,Germany,46-55,Paid Ads,3,11,0,2026-08-20,Monthly,0,Not Churned
CUST06808,2024-01-14,Standard,59,31,India,26-35,Paid Ads,1,15,0,2026-07-18,Monthly,0,Not Churned
CUST06809,2024-01-14,Basic,30,31,India,56+,Organic,5,10,2,2026-07-03,Monthly,0,Not Churned
CUST06810,2021-10-26,Basic,32,58,UK,18-25,Partner,3,8,0,2026-08-17,Annual,0,Not Churned
CUST06811,2021-11-25,Standard,54,57,Canada,26-35,Organic,6,13,0,2026-07-14,Monthly,1,Competitor
CUST06812,2022-05-24,Basic,34,51,USA,36-45,Social Media,9,15,0,2026-07-23,Monthly,1,Poor Support Experience
CUST06813,2025-11-04,Basic,33,9,UK,26-35,Paid Ads,3,8,1,2026-07-04,Monthly,0,Not Churned
CUST06814,2023-11-15,Standard,57,33,UK,36-45,Organic,1,15,0,2026-07-23,Annual,1,Competitor
CUST06815,2021-09-26,Standard,59,59,Germany,46-55,Organic,3,10,0,2026-07-22,Monthly,0,Not Churned
CUST06816,2023-09-16,Basic,33,35,India,56+,Partner,6,12,0,2026-06-10,Monthly,0,Not Churned
CUST06817,2024-06-12,Basic,30,26,Germany,26-35,Referral,1,13,0,2026-07-20,Monthly,0,Not Churned
CUST06818,2026-06-02,Premium,100,2,USA,56+,Referral,1,13,1,2026-07-17,Monthly,0,Not Churned
CUST06819,2023-10-16,Premium,101,34,Canada,26-35,Paid Ads,1,15,1,2026-07-28,Monthly,0,Not Churned
CUST06820,2025-03-09,Standard,67,17,USA,26-35,Organic,3,11,0,2026-06-19,Monthly,0,Not Churned
CUST06821,2026-02-02,Standard,63,6,USA,36-45,Referral,4,16,0,2026-07-06,Monthly,0,Not Churned
CUST06822,2023-07-18,Standard,61,37,UK,36-45,Referral,5,15,2,2026-06-27,Annual,1,Payment Issues
CUST06823,2024-01-14,Premium,101,31,USA,26-35,Referral,3,11,0,2026-08-06,Monthly,1,Competitor
CUST06824,2024-04-13,Premium,101,28,India,36-45,Paid Ads,1,5,0,2026-07-13,Annual,0,Not Churned
CUST06825,2024-11-09,Basic,35,21,USA,26-35,Partner,1,13,2,2026-06-04,Monthly,1,Payment Issues
CUST06826,2025-09-05,Premium,108,11,USA,36-45,Organic,2,14,0,2026-07-23,Monthly,0,Not Churned
CUST06827,2023-03-20,Basic,31,41,India,56+,Organic,4,6,0,2026-07-28,Monthly,0,Not Churned
CUST06828,2022-02-23,Basic,29,54,Germany,26-35,Partner,3,9,0,2026-07-23,Annual,0,Not Churned
CUST06829,2021-11-25,Standard,62,57,India,26-35,Referral,3,7,0,2026-06-09,Monthly,0,Not Churned
CUST06830,2023-08-17,Standard,56,36,USA,36-45,Paid Ads,0,9,0,2026-08-02,Monthly,0,Not Churned
CUST06831,2023-05-19,Premium,99,39,India,26-35,Social Media,1,16,0,2026-08-24,Monthly,0,Not Churned
CUST06832,2022-11-20,Basic,28,45,USA,46-55,Paid Ads,6,16,0,2026-06-24,Monthly,0,Not Churned
CUST06833,2022-08-22,Standard,68,48,India,18-25,Organic,3,9,0,2026-06-27,Monthly,1,Competitor
CUST06834,2024-05-13,Premium,108,27,USA,26-35,Referral,5,12,1,2026-08-22,Monthly,0,Not Churned
CUST06835,2024-12-09,Premium,101,20,India,18-25,Organic,2,11,1,2026-07-06,Annual,0,Not Churned
CUST06836,2022-07-23,Basic,27,49,India,18-25,Organic,4,16,0,2026-07-14,Annual,0,Not Churned
CUST06837,2024-12-09,Basic,27,20,Canada,36-45,Organic,4,12,2,2026-07-23,Monthly,0,Not Churned
CUST06838,2026-06-02,Standard,66,2,UK,26-35,Paid Ads,3,7,0,2026-08-31,Monthly,0,Not Churned
CUST06839,2023-07-18,Basic,38,37,India,46-55,Organic,1,11,0,2026-06-21,Monthly,0,Not Churned
CUST06840,2024-05-13,Premium,103,27,India,36-45,Social Media,3,10,0,2026-06-02,Annual,0,Not Churned
CUST06841,2025-02-07,Premium,104,18,Australia,26-35,Referral,3,13,0,2026-06-26,Annual,0,Not Churned
CUST06842,2025-07-07,Basic,33,13,India,36-45,Organic,3,6,0,2026-07-16,Monthly,0,Not Churned
CUST06843,2025-02-07,Basic,36,18,Germany,36-45,Referral,3,7,0,2026-06-24,Annual,0,Not Churned
CUST06844,2021-08-27,Basic,28,60,USA,36-45,Social Media,2,14,0,2026-06-09,Monthly,0,Not Churned
CUST06845,2025-09-05,Premium,104,11,India,36-45,Referral,5,11,0,2026-06-05,Monthly,0,Not Churned
CUST06846,2025-06-07,Basic,36,14,Canada,26-35,Organic,0,10,1,2026-06-13,Annual,0,Not Churned
CUST06847,2022-12-20,Standard,66,44,Australia,36-45,Organic,4,8,1,2026-06-23,Monthly,0,Not Churned
CUST06848,2026-04-03,Standard,68,4,USA,26-35,Social Media,2,11,0,2026-07-05,Monthly,0,Not Churned
CUST06849,2023-05-19,Standard,59,39,USA,26-35,Organic,1,9,0,2026-08-07,Monthly,0,Not Churned
CUST06850,2025-07-07,Basic,38,13,USA,46-55,Organic,7,17,0,2026-07-16,Annual,0,Not Churned
CUST06851,2025-01-08,Basic,34,19,Germany,26-35,Referral,4,8,1,2026-07-21,Monthly,0,Not Churned
CUST06852,2023-01-19,Premium,97,43,UK,36-45,Organic,3,7,0,2026-07-20,Monthly,0,Not Churned
CUST06853,2021-08-27,Premium,95,60,India,26-35,Partner,5,20,2,2026-07-24,Monthly,1,Payment Issues
CUST06854,2023-05-19,Standard,65,39,India,18-25,Social Media,2,13,0,2026-08-08,Monthly,0,Not Churned
CUST06855,2021-09-26,Basic,35,59,India,26-35,Referral,2,7,0,2026-06-07,Annual,0,Not Churned
CUST06856,2024-07-12,Basic,37,25,India,36-45,Social Media,4,9,0,2026-06-28,Monthly,0,Not Churned
CUST06857,2025-05-08,Standard,55,15,India,26-35,Paid Ads,2,16,0,2026-06-14,Annual,0,Not Churned
CUST06858,2022-05-24,Basic,35,51,UK,26-35,Social Media,5,15,0,2026-07-06,Monthly,0,Not Churned
CUST06859,2024-12-09,Premium,96,20,India,46-55,Referral,2,12,1,2026-07-28,Monthly,0,Not Churned
CUST06860,2025-03-09,Standard,55,17,USA,18-25,Organic,3,9,0,2026-07-20,Monthly,0,Not Churned
CUST06861,2022-01-24,Basic,24,55,UK,26-35,Partner,4,8,0,2026-07-23,Annual,0,Not Churned
CUST06862,2026-07-02,Premium,107,1,India,46-55,Social Media,2,8,1,2026-06-15,Monthly,1,Competitor
CUST06863,2024-03-14,Premium,101,29,India,46-55,Partner,6,8,0,2026-06-16,Annual,0,Not Churned
CUST06864,2022-12-20,Basic,35,44,India,26-35,Referral,7,14,0,2026-07-24,Annual,0,Not Churned
CUST06865,2025-01-08,Standard,58,19,India,46-55,Paid Ads,4,10,0,2026-08-25,Annual,0,Not Churned
CUST06866,2024-02-13,Basic,33,30,Australia,26-35,Organic,1,15,0,2026-08-16,Annual,1,Pricing
CUST06867,2024-07-12,Basic,24,25,UK,26-35,Organic,5,14,0,2026-07-17,Monthly,1,Pricing
CUST06868,2024-04-13,Basic,36,28,India,46-55,Organic,5,13,0,2026-07-12,Monthly,0,Not Churned
CUST06869,2023-07-18,Standard,62,37,USA,46-55,Organic,6,12,0,2026-08-21,Monthly,0,Not Churned
CUST06870,2023-02-18,Premium,101,42,India,26-35,Referral,4,15,0,2026-06-16,Monthly,0,Not Churned
CUST06871,2021-10-26,Standard,57,58,USA,18-25,Referral,1,6,0,2026-07-27,Monthly,0,Not Churned
CUST06872,2025-09-05,Basic,31,11,USA,18-25,Paid Ads,2,11,1,2026-06-14,Monthly,0,Not Churned
CUST06873,2025-04-08,Standard,66,16,USA,26-35,Paid Ads,1,9,0,2026-08-02,Monthly,0,Not Churned
CUST06874,2025-02-07,Basic,35,18,India,36-45,Paid Ads,1,13,3,2026-08-06,Monthly,1,Payment Issues
CUST06875,2023-03-20,Premium,106,41,India,36-45,Referral,5,12,1,2026-07-29,Monthly,0,Not Churned
CUST06876,2022-02-23,Standard,63,54,Canada,26-35,Partner,6,17,2,2026-07-31,Monthly,0,Not Churned
CUST06877,2025-11-04,Basic,30,9,Australia,36-45,Referral,1,14,0,2026-08-25,Monthly,0,Not Churned
CUST06878,2024-04-13,Basic,34,28,Germany,46-55,Organic,1,6,0,2026-06-14,Annual,0,Not Churned
CUST06879,2024-05-13,Standard,68,27,India,18-25,Paid Ads,4,6,2,2026-06-21,Monthly,0,Not Churned
CUST06880,2022-10-21,Basic,34,46,Canada,36-45,Social Media,3,12,2,2026-07-09,Annual,0,Not Churned
CUST06881,2022-04-24,Standard,60,52,Canada,46-55,Paid Ads,5,12,2,2026-07-26,Annual,0,Not Churned
CUST06882,2023-06-18,Basic,24,38,Germany,26-35,Partner,1,11,0,2026-06-13,Annual,0,Not Churned
CUST06883,2022-12-20,Basic,29,44,India,46-55,Organic,3,15,1,2026-08-24,Monthly,0,Not Churned
CUST06884,2024-09-10,Standard,66,23,Canada,36-45,Organic,4,10,1,2026-06-03,Annual,0,Not Churned
CUST06885,2023-01-19,Premium,97,43,India,18-25,Organic,5,13,1,2026-07-09,Monthly,0,Not Churned
CUST06886,2024-10-10,Premium,107,22,UK,26-35,Social Media,1,11,0,2026-08-22,Annual,0,Not Churned
CUST06887,2026-04-03,Basic,33,4,USA,36-45,Paid Ads,1,9,1,2026-07-26,Monthly,0,Not Churned
CUST06888,2023-12-15,Basic,33,32,Canada,36-45,Organic,4,13,0,2026-08-20,Annual,0,Not Churned
CUST06889,2024-08-11,Basic,33,24,Australia,36-45,Organic,4,11,0,2026-08-28,Annual,0,Not Churned
CUST06890,2023-06-18,Standard,64,38,USA,26-35,Paid Ads,1,10,0,2026-06-02,Monthly,0,Not Churned
CUST06891,2022-06-23,Standard,65,50,USA,36-45,Partner,3,9,0,2026-07-14,Monthly,0,Not Churned
CUST06892,2024-04-13,Premium,95,28,India,26-35,Paid Ads,2,8,0,2026-07-18,Monthly,0,Not Churned
CUST06893,2026-02-02,Premium,103,6,USA,26-35,Organic,4,14,0,2026-07-29,Monthly,0,Not Churned
CUST06894,2023-11-15,Basic,30,33,USA,26-35,Paid Ads,0,15,0,2026-08-17,Monthly,1,Pricing
CUST06895,2024-01-14,Standard,62,31,India,36-45,Paid Ads,3,14,0,2026-08-18,Monthly,0,Not Churned
CUST06896,2021-11-25,Premium,106,57,Australia,18-25,Referral,2,13,0,2026-07-28,Monthly,0,Not Churned
CUST06897,2025-10-05,Premium,98,10,India,26-35,Paid Ads,0,11,1,2026-08-16,Monthly,0,Not Churned
CUST06898,2025-08-06,Basic,31,12,UK,26-35,Referral,2,16,0,2026-08-17,Monthly,0,Not Churned
CUST06899,2026-01-03,Basic,28,7,Australia,18-25,Partner,2,11,0,2026-06-26,Annual,0,Not Churned
CUST06900,2024-08-11,Standard,67,24,Australia,26-35,Organic,2,10,0,2026-06-04,Monthly,0,Not Churned
CUST06901,2024-04-13,Basic,30,28,Canada,36-45,Social Media,4,16,2,2026-06-24,Monthly,1,Payment Issues
CUST06902,2025-09-05,Basic,30,11,India,36-45,Partner,3,9,0,2026-07-20,Monthly,0,Not Churned
CUST06903,2023-12-15,Basic,32,32,Canada,36-45,Paid Ads,8,14,1,2026-06-23,Monthly,0,Not Churned
CUST06904,2024-12-09,Standard,56,20,India,26-35,Organic,2,16,2,2026-07-19,Annual,1,Payment Issues
CUST06905,2021-12-25,Basic,37,56,Germany,18-25,Social Media,3,8,0,2026-08-06,Monthly,0,Not Churned
CUST06906,2024-04-13,Basic,24,28,UK,56+,Referral,5,13,1,2026-06-20,Monthly,0,Not Churned
CUST06907,2026-07-02,Basic,25,1,Canada,26-35,Organic,1,10,1,2026-06-04,Annual,1,Pricing
CUST06908,2024-05-13,Premium,105,27,India,36-45,Paid Ads,0,11,0,2026-07-23,Monthly,1,Competitor
CUST06909,2025-04-08,Premium,99,16,USA,46-55,Referral,2,13,1,2026-06-17,Monthly,0,Not Churned
CUST06910,2023-08-17,Standard,67,36,Australia,36-45,Organic,3,12,0,2026-06-06,Annual,1,Competitor
CUST06911,2026-02-02,Standard,63,6,Australia,26-35,Referral,2,16,0,2026-06-21,Monthly,1,Competitor
CUST06912,2025-10-05,Premium,103,10,India,26-35,Referral,3,11,1,2026-07-16,Monthly,0,Not Churned
CUST06913,2023-05-19,Basic,35,39,Germany,18-25,Social Media,3,15,0,2026-08-01,Monthly,0,Not Churned
CUST06914,2022-12-20,Basic,36,44,India,36-45,Referral,1,18,0,2026-08-29,Monthly,1,Pricing
CUST06915,2025-01-08,Basic,37,19,UK,36-45,Referral,3,12,0,2026-07-28,Monthly,0,Not Churned
CUST06916,2025-10-05,Basic,32,10,UK,36-45,Referral,4,10,3,2026-07-13,Monthly,1,Payment Issues
CUST06917,2024-06-12,Basic,26,26,India,18-25,Organic,0,3,0,2026-06-20,Annual,0,Not Churned
CUST06918,2023-10-16,Premium,103,34,India,46-55,Social Media,1,12,0,2026-06-15,Monthly,0,Not Churned
CUST06919,2023-03-20,Standard,55,41,Canada,36-45,Referral,2,10,2,2026-08-08,Annual,0,Not Churned
CUST06920,2026-07-02,Standard,64,1,USA,18-25,Social Media,2,10,1,2026-06-20,Monthly,1,Competitor
CUST06921,2025-10-05,Premium,94,10,India,26-35,Social Media,2,15,2,2026-08-10,Monthly,0,Not Churned
CUST06922,2023-11-15,Basic,25,33,Canada,36-45,Referral,2,16,0,2026-07-27,Annual,0,Not Churned
CUST06923,2024-06-12,Basic,26,26,Australia,26-35,Organic,2,9,1,2026-07-29,Monthly,0,Not Churned
CUST06924,2023-10-16,Standard,60,34,USA,18-25,Partner,1,9,0,2026-07-26,Monthly,0,Not Churned
CUST06925,2023-07-18,Standard,55,37,India,18-25,Paid Ads,4,18,2,2026-07-28,Monthly,1,Payment Issues
CUST06926,2022-07-23,Basic,36,49,India,36-45,Partner,1,15,0,2026-08-31,Monthly,0,Not Churned
CUST06927,2025-07-07,Standard,58,13,UK,26-35,Paid Ads,7,11,1,2026-06-17,Monthly,0,Not Churned
CUST06928,2023-06-18,Standard,55,38,USA,26-35,Organic,1,9,1,2026-07-10,Annual,0,Not Churned
CUST06929,2024-02-13,Standard,60,30,UK,46-55,Social Media,2,12,0,2026-08-28,Annual,0,Not Churned
CUST06930,2024-08-11,Standard,63,24,Canada,36-45,Social Media,2,13,1,2026-08-31,Monthly,0,Not Churned
CUST06931,2023-02-18,Basic,31,42,USA,36-45,Social Media,1,11,0,2026-07-16,Annual,1,Pricing
CUST06932,2023-10-16,Basic,31,34,India,26-35,Organic,3,16,0,2026-07-24,Annual,0,Not Churned
CUST06933,2023-07-18,Standard,66,37,Germany,36-45,Social Media,3,9,0,2026-06-29,Monthly,0,Not Churned
CUST06934,2025-01-08,Basic,38,19,USA,36-45,Referral,6,12,1,2026-07-30,Monthly,0,Not Churned
CUST06935,2026-06-02,Premium,101,2,UK,56+,Paid Ads,3,15,0,2026-08-05,Annual,0,Not Churned
CUST06936,2024-02-13,Standard,63,30,Germany,26-35,Partner,1,13,1,2026-06-03,Monthly,0,Not Churned
CUST06937,2024-10-10,Basic,38,22,Germany,26-35,Referral,3,11,0,2026-08-02,Monthly,0,Not Churned
CUST06938,2023-12-15,Standard,62,32,USA,18-25,Organic,1,13,0,2026-07-21,Monthly,0,Not Churned
CUST06939,2023-11-15,Standard,54,33,India,36-45,Paid Ads,2,16,0,2026-06-23,Annual,0,Not Churned
CUST06940,2021-08-27,Basic,35,60,Germany,36-45,Referral,3,6,0,2026-06-09,Annual,1,Pricing
CUST06941,2023-04-19,Premium,94,40,UK,18-25,Social Media,1,11,0,2026-06-07,Annual,0,Not Churned
CUST06942,2025-05-08,Premium,107,15,USA,26-35,Organic,2,20,0,2026-07-05,Monthly,0,Not Churned
CUST06943,2026-02-02,Standard,68,6,USA,26-35,Social Media,4,8,0,2026-06-23,Monthly,0,Not Churned
CUST06944,2023-08-17,Basic,37,36,USA,26-35,Social Media,2,10,0,2026-08-24,Monthly,1,Pricing
CUST06945,2022-12-20,Standard,67,44,Australia,56+,Organic,6,14,0,2026-07-21,Annual,0,Not Churned
CUST06946,2025-04-08,Standard,63,16,USA,36-45,Organic,3,10,0,2026-08-13,Annual,0,Not Churned
CUST06947,2024-11-09,Basic,25,21,Australia,18-25,Referral,5,17,0,2026-08-12,Annual,0,Not Churned
CUST06948,2023-10-16,Basic,34,34,Australia,26-35,Social Media,2,14,0,2026-06-27,Monthly,0,Not Churned
CUST06949,2023-04-19,Premium,108,40,Australia,18-25,Referral,6,13,0,2026-07-03,Monthly,0,Not Churned
CUST06950,2022-02-23,Basic,29,54,Canada,36-45,Social Media,4,15,1,2026-07-24,Monthly,0,Not Churned
CUST06951,2023-06-18,Standard,67,38,Australia,26-35,Referral,1,14,0,2026-07-05,Monthly,0,Not Churned
CUST06952,2023-09-16,Standard,54,35,USA,56+,Referral,4,15,0,2026-07-14,Monthly,0,Not Churned
CUST06953,2023-11-15,Standard,58,33,India,36-45,Organic,3,11,0,2026-07-12,Monthly,0,Not Churned
CUST06954,2025-12-04,Basic,38,8,Australia,36-45,Organic,2,10,0,2026-08-05,Annual,0,Not Churned
CUST06955,2025-08-06,Premium,98,12,USA,46-55,Referral,3,8,0,2026-08-25,Annual,0,Not Churned
CUST06956,2023-05-19,Basic,38,39,India,36-45,Social Media,4,15,0,2026-07-11,Monthly,0,Not Churned
CUST06957,2021-08-27,Standard,68,60,India,26-35,Paid Ads,1,16,1,2026-06-26,Monthly,0,Not Churned
CUST06958,2022-07-23,Standard,57,49,India,36-45,Referral,3,12,0,2026-08-02,Monthly,0,Not Churned
CUST06959,2021-08-27,Standard,64,60,Canada,36-45,Referral,1,10,0,2026-08-06,Monthly,0,Not Churned
CUST06960,2022-11-20,Premium,98,45,UK,26-35,Organic,0,11,1,2026-08-29,Monthly,0,Not Churned
CUST06961,2021-12-25,Standard,65,56,India,26-35,Referral,3,6,0,2026-07-20,Annual,0,Not Churned
CUST06962,2021-10-26,Basic,24,58,Australia,26-35,Paid Ads,3,11,0,2026-07-27,Monthly,0,Not Churned
CUST06963,2025-02-07,Premium,104,18,India,26-35,Referral,4,14,1,2026-08-04,Monthly,0,Not Churned
CUST06964,2021-09-26,Standard,64,59,Canada,18-25,Referral,3,16,2,2026-07-22,Monthly,0,Not Churned
CUST06965,2022-08-22,Basic,29,48,USA,46-55,Social Media,7,8,1,2026-06-23,Annual,0,Not Churned
CUST06966,2023-04-19,Basic,30,40,Canada,36-45,Paid Ads,2,11,1,2026-07-18,Annual,0,Not Churned
CUST06967,2024-11-09,Premium,101,21,USA,36-45,Paid Ads,2,6,0,2026-08-30,Annual,0,Not Churned
CUST06968,2021-12-25,Basic,38,56,India,36-45,Paid Ads,1,9,0,2026-08-05,Monthly,0,Not Churned
CUST06969,2024-05-13,Standard,55,27,Australia,36-45,Social Media,2,10,0,2026-07-06,Monthly,0,Not Churned
CUST06970,2025-08-06,Standard,68,12,India,56+,Paid Ads,3,10,0,2026-06-11,Annual,0,Not Churned
CUST06971,2026-02-02,Basic,38,6,Germany,26-35,Organic,2,13,0,2026-07-11,Monthly,0,Not Churned
CUST06972,2024-01-14,Standard,60,31,UK,36-45,Partner,4,8,0,2026-08-27,Monthly,0,Not Churned
CUST06973,2023-10-16,Basic,29,34,USA,26-35,Paid Ads,3,13,0,2026-07-11,Monthly,0,Not Churned
CUST06974,2026-01-03,Standard,62,7,UK,46-55,Organic,6,6,0,2026-06-27,Monthly,0,Not Churned
CUST06975,2021-09-26,Standard,68,59,India,46-55,Referral,1,14,0,2026-07-31,Monthly,1,Competitor
CUST06976,2021-09-26,Standard,61,59,USA,46-55,Referral,5,14,1,2026-06-30,Annual,0,Not Churned
CUST06977,2024-01-14,Standard,67,31,Germany,18-25,Paid Ads,3,5,0,2026-08-30,Monthly,0,Not Churned
CUST06978,2022-02-23,Premium,104,54,India,26-35,Referral,4,10,1,2026-07-06,Annual,0,Not Churned
CUST06979,2026-04-03,Standard,67,4,Canada,18-25,Organic,5,12,1,2026-07-06,Annual,0,Not Churned
CUST06980,2021-11-25,Basic,38,57,USA,26-35,Paid Ads,2,12,0,2026-06-07,Monthly,0,Not Churned
CUST06981,2022-04-24,Basic,27,52,UK,26-35,Organic,3,11,0,2026-08-21,Monthly,0,Not Churned
CUST06982,2022-08-22,Standard,67,48,India,26-35,Paid Ads,4,8,0,2026-06-24,Monthly,0,Not Churned
CUST06983,2025-03-09,Premium,106,17,USA,36-45,Referral,3,16,3,2026-07-13,Annual,0,Not Churned
CUST06984,2024-03-14,Premium,102,29,Germany,26-35,Paid Ads,2,11,0,2026-08-06,Monthly,0,Not Churned
CUST06985,2026-05-03,Premium,94,3,India,46-55,Referral,2,8,0,2026-07-29,Annual,1,Competitor
CUST06986,2021-09-26,Basic,34,59,UK,26-35,Paid Ads,4,16,0,2026-07-05,Annual,0,Not Churned
CUST06987,2024-08-11,Standard,59,24,USA,26-35,Paid Ads,4,12,0,2026-08-30,Annual,0,Not Churned
CUST06988,2026-05-03,Standard,61,3,USA,36-45,Organic,3,14,0,2026-06-18,Annual,0,Not Churned
CUST06989,2022-10-21,Basic,34,46,UK,36-45,Organic,4,14,1,2026-08-29,Monthly,0,Not Churned
CUST06990,2022-10-21,Basic,34,46,USA,18-25,Organic,4,5,1,2026-08-17,Monthly,0,Not Churned
CUST06991,2023-05-19,Premium,97,39,India,46-55,Referral,3,11,0,2026-08-16,Monthly,0,Not Churned
CUST06992,2024-05-13,Basic,25,27,Australia,36-45,Social Media,1,10,1,2026-06-23,Monthly,0,Not Churned
CUST06993,2026-07-02,Basic,34,1,Australia,46-55,Referral,2,7,0,2026-06-16,Annual,1,Pricing
CUST06994,2025-05-08,Basic,25,15,India,46-55,Referral,0,9,1,2026-06-24,Annual,0,Not Churned
CUST06995,2025-06-07,Premium,103,14,USA,36-45,Paid Ads,2,11,0,2026-07-04,Annual,0,Not Churned
CUST06996,2026-04-03,Standard,54,4,Canada,46-55,Referral,3,12,0,2026-08-31,Monthly,0,Not Churned
CUST06997,2026-04-03,Standard,58,4,Germany,46-55,Referral,5,11,3,2026-06-15,Monthly,0,Not Churned
CUST06998,2024-07-12,Premium,106,25,Germany,56+,Organic,3,18,0,2026-07-17,Monthly,0,Not Churned
CUST06999,2021-08-27,Basic,29,60,Australia,46-55,Partner,4,13,0,2026-06-27,Monthly,0,Not Churned
CUST07000,2025-09-05,Standard,57,11,India,46-55,Organic,2,13,1,2026-06-10,Monthly,0,Not Churned
CUST07001,2023-11-15,Basic,27,33,Australia,26-35,Paid Ads,3,15,0,2026-08-30,Annual,0,Not Churned
CUST07002,2025-09-05,Basic,28,11,Australia,26-35,Paid Ads,6,18,0,2026-08-19,Annual,0,Not Churned
CUST07003,2025-08-06,Premium,107,12,USA,46-55,Social Media,0,13,1,2026-06-03,Annual,0,Not Churned
CUST07004,2025-05-08,Standard,68,15,USA,36-45,Partner,1,14,1,2026-08-17,Monthly,0,Not Churned
CUST07005,2021-11-25,Basic,28,57,USA,26-35,Partner,2,7,0,2026-06-21,Monthly,0,Not Churned
CUST07006,2024-06-12,Basic,37,26,UK,26-35,Referral,1,12,1,2026-06-28,Annual,0,Not Churned
CUST07007,2024-08-11,Standard,67,24,India,36-45,Referral,4,15,1,2026-07-17,Monthly,0,Not Churned
CUST07008,2022-09-21,Basic,37,47,India,26-35,Organic,5,10,1,2026-07-12,Annual,0,Not Churned
CUST07009,2024-06-12,Basic,37,26,India,18-25,Paid Ads,2,12,0,2026-07-30,Monthly,0,Not Churned
CUST07010,2022-02-23,Basic,32,54,USA,18-25,Social Media,3,6,1,2026-07-26,Annual,0,Not Churned
CUST07011,2024-05-13,Basic,31,27,India,36-45,Paid Ads,7,15,0,2026-06-10,Annual,0,Not Churned
CUST07012,2023-08-17,Premium,102,36,Canada,26-35,Organic,2,14,1,2026-06-21,Monthly,0,Not Churned
CUST07013,2024-05-13,Basic,36,27,India,36-45,Organic,1,11,3,2026-08-13,Annual,0,Not Churned
CUST07014,2023-06-18,Basic,37,38,Australia,36-45,Paid Ads,2,14,0,2026-07-29,Monthly,0,Not Churned
CUST07015,2022-02-23,Standard,56,54,Australia,36-45,Organic,1,10,2,2026-07-08,Monthly,0,Not Churned
CUST07016,2026-06-02,Premium,107,2,Australia,26-35,Paid Ads,3,17,0,2026-08-03,Annual,0,Not Churned
CUST07017,2024-09-10,Basic,26,23,Canada,18-25,Paid Ads,3,13,0,2026-07-04,Annual,0,Not Churned
CUST07018,2025-11-04,Basic,24,9,India,36-45,Paid Ads,2,7,0,2026-08-29,Annual,0,Not Churned
CUST07019,2025-12-04,Basic,37,8,USA,36-45,Organic,4,19,0,2026-07-19,Monthly,0,Not Churned
CUST07020,2022-05-24,Standard,63,51,India,18-25,Social Media,1,11,1,2026-06-04,Monthly,0,Not Churned
CUST07021,2023-04-19,Standard,66,40,Germany,26-35,Referral,2,13,0,2026-07-18,Annual,0,Not Churned
CUST07022,2022-04-24,Premium,99,52,India,46-55,Referral,0,7,0,2026-07-05,Monthly,1,Competitor
CUST07023,2023-02-18,Premium,97,42,USA,46-55,Referral,6,9,0,2026-07-23,Annual,0,Not Churned
CUST07024,2022-07-23,Standard,64,49,Canada,26-35,Paid Ads,4,7,0,2026-08-23,Monthly,0,Not Churned
CUST07025,2022-05-24,Standard,68,51,Germany,18-25,Social Media,4,9,0,2026-06-21,Annual,0,Not Churned
CUST07026,2026-07-02,Standard,68,1,Canada,26-35,Partner,2,6,1,2026-07-20,Annual,0,Not Churned
CUST07027,2024-11-09,Basic,37,21,UK,26-35,Organic,3,12,1,2026-06-22,Annual,0,Not Churned
CUST07028,2024-06-12,Premium,101,26,USA,26-35,Organic,3,10,1,2026-08-19,Annual,1,Competitor
CUST07029,2025-05-08,Basic,25,15,UK,26-35,Referral,5,11,3,2026-07-31,Monthly,0,Not Churned
CUST07030,2023-01-19,Basic,34,43,India,36-45,Organic,3,19,1,2026-08-11,Monthly,1,Pricing
CUST07031,2024-07-12,Standard,55,25,Australia,18-25,Partner,0,12,0,2026-06-08,Monthly,1,Competitor
CUST07032,2023-05-19,Basic,30,39,USA,46-55,Referral,3,14,0,2026-07-12,Monthly,0,Not Churned
CUST07033,2025-04-08,Standard,66,16,India,36-45,Paid Ads,4,14,0,2026-08-16,Monthly,1,Competitor
CUST07034,2023-09-16,Standard,68,35,Australia,36-45,Paid Ads,2,7,0,2026-07-15,Annual,0,Not Churned
CUST07035,2024-09-10,Standard,58,23,USA,56+,Referral,3,17,1,2026-07-15,Monthly,0,Not Churned
CUST07036,2025-08-06,Premium,106,12,Australia,36-45,Organic,5,19,1,2026-07-06,Annual,0,Not Churned
CUST07037,2021-12-25,Basic,24,56,Australia,46-55,Social Media,4,9,0,2026-06-24,Annual,0,Not Churned
CUST07038,2022-08-22,Standard,60,48,Canada,26-35,Organic,6,13,0,2026-08-09,Monthly,0,Not Churned
CUST07039,2022-04-24,Standard,60,52,India,26-35,Partner,4,10,1,2026-06-08,Monthly,0,Not Churned
CUST07040,2025-01-08,Standard,63,19,India,36-45,Organic,3,18,0,2026-07-08,Monthly,0,Not Churned
CUST07041,2023-10-16,Standard,59,34,Australia,36-45,Referral,5,11,0,2026-08-08,Monthly,0,Not Churned
CUST07042,2025-12-04,Basic,27,8,Australia,26-35,Organic,2,13,0,2026-06-23,Monthly,0,Not Churned
CUST07043,2022-05-24,Standard,65,51,USA,36-45,Paid Ads,3,6,0,2026-08-28,Annual,0,Not Churned
CUST07044,2024-09-10,Basic,36,23,USA,18-25,Referral,1,19,0,2026-08-22,Monthly,1,Pricing
CUST07045,2025-09-05,Premium,101,11,India,36-45,Organic,2,7,0,2026-08-20,Monthly,0,Not Churned
CUST07046,2021-09-26,Basic,35,59,Germany,26-35,Paid Ads,2,12,0,2026-07-21,Monthly,0,Not Churned
CUST07047,2023-01-19,Standard,64,43,India,36-45,Paid Ads,5,14,0,2026-08-02,Monthly,0,Not Churned
CUST07048,2023-10-16,Basic,25,34,India,26-35,Paid Ads,3,17,1,2026-08-31,Annual,0,Not Churned
CUST07049,2026-03-04,Basic,25,5,UK,56+,Paid Ads,1,14,0,2026-08-13,Annual,0,Not Churned
CUST07050,2023-07-18,Standard,55,37,India,26-35,Social Media,3,7,1,2026-07-26,Annual,0,Not Churned
CUST07051,2024-07-12,Premium,96,25,Germany,56+,Organic,3,8,0,2026-08-10,Monthly,0,Not Churned
CUST07052,2024-08-11,Standard,59,24,India,18-25,Organic,5,16,0,2026-08-30,Monthly,1,Competitor
CUST07053,2024-08-11,Premium,94,24,India,36-45,Paid Ads,3,11,2,2026-06-27,Monthly,0,Not Churned
CUST07054,2023-02-18,Standard,64,42,USA,26-35,Social Media,3,11,2,2026-07-24,Monthly,0,Not Churned
CUST07055,2023-10-16,Standard,55,34,USA,46-55,Social Media,3,17,0,2026-06-10,Monthly,1,Competitor
CUST07056,2022-09-21,Basic,33,47,India,36-45,Referral,5,13,2,2026-08-25,Monthly,1,Payment Issues
CUST07057,2025-02-07,Premium,108,18,USA,46-55,Social Media,3,13,0,2026-08-14,Monthly,0,Not Churned
CUST07058,2025-08-06,Basic,25,12,USA,18-25,Social Media,3,9,0,2026-08-31,Monthly,0,Not Churned
CUST07059,2023-02-18,Premium,107,42,Australia,46-55,Organic,1,15,1,2026-06-28,Annual,0,Not Churned
CUST07060,2023-05-19,Premium,105,39,India,26-35,Organic,5,16,0,2026-06-11,Annual,0,Not Churned
CUST07061,2025-05-08,Premium,94,15,Germany,18-25,Paid Ads,0,11,0,2026-07-25,Monthly,0,Not Churned
CUST07062,2022-09-21,Standard,56,47,UK,26-35,Organic,4,12,1,2026-06-26,Annual,0,Not Churned
CUST07063,2025-08-06,Standard,63,12,India,26-35,Referral,5,9,0,2026-08-14,Annual,0,Not Churned
CUST07064,2024-03-14,Standard,60,29,India,36-45,Referral,2,15,1,2026-08-10,Annual,0,Not Churned
CUST07065,2024-03-14,Basic,38,29,USA,26-35,Referral,1,9,0,2026-08-24,Annual,0,Not Churned
CUST07066,2024-12-09,Standard,66,20,India,18-25,Organic,2,13,0,2026-07-25,Monthly,0,Not Churned
CUST07067,2025-05-08,Basic,24,15,India,36-45,Social Media,2,15,1,2026-06-19,Monthly,0,Not Churned
CUST07068,2026-05-03,Standard,60,3,India,56+,Paid Ads,4,9,0,2026-08-29,Monthly,0,Not Churned
CUST07069,2025-04-08,Basic,28,16,UK,36-45,Paid Ads,4,7,3,2026-08-15,Annual,1,Payment Issues
CUST07070,2025-01-08,Basic,32,19,USA,36-45,Partner,3,12,0,2026-08-25,Annual,0,Not Churned
CUST07071,2026-01-03,Basic,25,7,India,36-45,Organic,3,13,0,2026-06-07,Monthly,0,Not Churned
CUST07072,2022-07-23,Standard,54,49,USA,36-45,Paid Ads,4,14,0,2026-08-21,Monthly,0,Not Churned
CUST07073,2023-08-17,Standard,62,36,Canada,56+,Referral,2,11,1,2026-07-15,Monthly,0,Not Churned
CUST07074,2024-10-10,Basic,31,22,India,36-45,Social Media,4,14,0,2026-08-13,Annual,0,Not Churned
CUST07075,2025-05-08,Standard,63,15,Australia,26-35,Organic,3,11,1,2026-08-03,Monthly,1,Competitor
CUST07076,2025-11-04,Basic,29,9,USA,46-55,Referral,6,12,0,2026-08-04,Annual,0,Not Churned
CUST07077,2021-08-27,Standard,68,60,Germany,56+,Partner,2,10,0,2026-08-04,Monthly,0,Not Churned
CUST07078,2025-03-09,Standard,58,17,India,18-25,Paid Ads,3,16,1,2026-07-02,Monthly,0,Not Churned
CUST07079,2023-11-15,Standard,61,33,Germany,36-45,Organic,3,11,0,2026-07-27,Annual,0,Not Churned
CUST07080,2026-06-02,Standard,61,2,UK,36-45,Referral,0,13,0,2026-08-08,Monthly,0,Not Churned
CUST07081,2026-01-03,Basic,37,7,USA,36-45,Organic,2,10,0,2026-07-08,Annual,0,Not Churned
CUST07082,2022-01-24,Standard,58,55,USA,26-35,Paid Ads,1,15,3,2026-06-18,Monthly,1,Payment Issues
CUST07083,2024-01-14,Standard,65,31,India,36-45,Social Media,0,9,1,2026-08-01,Annual,0,Not Churned
CUST07084,2025-06-07,Standard,60,14,Germany,26-35,Referral,4,6,0,2026-08-24,Annual,0,Not Churned
CUST07085,2023-07-18,Standard,66,37,UK,26-35,Organic,3,18,0,2026-07-15,Monthly,0,Not Churned
CUST07086,2026-04-03,Basic,36,4,India,56+,Paid Ads,3,9,1,2026-08-14,Annual,0,Not Churned
CUST07087,2022-11-20,Standard,54,45,India,36-45,Referral,7,7,0,2026-07-23,Monthly,0,Not Churned
CUST07088,2025-10-05,Standard,57,10,India,46-55,Paid Ads,5,17,0,2026-08-20,Annual,0,Not Churned
CUST07089,2022-11-20,Basic,25,45,UK,46-55,Referral,3,8,0,2026-07-11,Monthly,1,Pricing
CUST07090,2024-10-10,Basic,33,22,UK,36-45,Social Media,4,12,0,2026-07-12,Monthly,0,Not Churned
CUST07091,2024-08-11,Basic,26,24,USA,46-55,Paid Ads,1,12,0,2026-07-05,Annual,0,Not Churned
CUST07092,2022-12-20,Premium,105,44,India,26-35,Partner,2,6,0,2026-08-24,Monthly,1,Competitor
CUST07093,2022-01-24,Standard,54,55,USA,36-45,Partner,1,12,0,2026-08-13,Monthly,0,Not Churned
CUST07094,2025-02-07,Basic,34,18,USA,36-45,Organic,3,7,1,2026-08-08,Monthly,0,Not Churned
CUST07095,2025-09-05,Basic,34,11,India,36-45,Organic,4,18,0,2026-08-02,Annual,0,Not Churned
CUST07096,2022-06-23,Standard,55,50,India,26-35,Paid Ads,3,6,0,2026-07-31,Monthly,0,Not Churned
CUST07097,2022-02-23,Premium,106,54,India,26-35,Organic,1,13,1,2026-08-21,Monthly,0,Not Churned
CUST07098,2022-12-20,Basic,24,44,Australia,26-35,Paid Ads,2,13,1,2026-06-14,Monthly,0,Not Churned
CUST07099,2026-07-02,Basic,31,1,Canada,36-45,Paid Ads,1,14,0,2026-08-30,Monthly,0,Not Churned
CUST07100,2022-03-25,Premium,97,53,Germany,56+,Organic,1,15,0,2026-06-19,Annual,0,Not Churned
CUST07101,2023-12-15,Basic,26,32,India,56+,Organic,4,9,1,2026-06-27,Annual,0,Not Churned
CUST07102,2025-04-08,Basic,24,16,Australia,26-35,Organic,8,17,0,2026-08-04,Annual,1,Poor Support Experience
CUST07103,2025-06-07,Premium,95,14,UK,26-35,Organic,2,9,0,2026-08-21,Monthly,1,Competitor
CUST07104,2023-11-15,Standard,56,33,USA,18-25,Paid Ads,4,10,0,2026-08-05,Monthly,0,Not Churned
CUST07105,2026-01-03,Basic,26,7,India,26-35,Paid Ads,3,10,0,2026-06-21,Monthly,0,Not Churned
CUST07106,2025-01-08,Basic,29,19,Canada,46-55,Partner,2,9,0,2026-07-20,Annual,0,Not Churned
CUST07107,2024-07-12,Basic,33,25,Australia,46-55,Organic,2,10,1,2026-08-25,Monthly,0,Not Churned
CUST07108,2026-03-04,Basic,31,5,India,26-35,Partner,2,13,0,2026-08-07,Monthly,0,Not Churned
CUST07109,2022-07-23,Premium,99,49,India,26-35,Organic,3,10,1,2026-08-15,Annual,0,Not Churned
CUST07110,2025-10-05,Standard,55,10,UK,26-35,Referral,2,19,0,2026-07-05,Monthly,0,Not Churned
CUST07111,2026-04-03,Standard,55,4,Germany,26-35,Organic,3,16,0,2026-06-09,Annual,0,Not Churned
CUST07112,2024-08-11,Premium,107,24,Canada,46-55,Social Media,4,12,1,2026-07-16,Annual,0,Not Churned
CUST07113,2022-10-21,Standard,60,46,India,36-45,Organic,4,11,0,2026-08-12,Annual,0,Not Churned
CUST07114,2022-01-24,Basic,24,55,USA,36-45,Partner,1,12,1,2026-06-27,Monthly,0,Not Churned
CUST07115,2026-02-02,Standard,54,6,USA,36-45,Organic,4,14,0,2026-06-27,Monthly,0,Not Churned
CUST07116,2021-11-25,Premium,100,57,Australia,26-35,Organic,3,10,0,2026-06-03,Monthly,0,Not Churned
CUST07117,2021-08-27,Premium,102,60,Canada,26-35,Paid Ads,1,16,0,2026-08-04,Monthly,0,Not Churned
CUST07118,2025-08-06,Basic,28,12,USA,18-25,Social Media,2,15,0,2026-06-15,Monthly,0,Not Churned
CUST07119,2024-12-09,Standard,64,20,India,36-45,Partner,3,11,0,2026-08-18,Monthly,0,Not Churned
CUST07120,2024-06-12,Standard,54,26,Germany,46-55,Paid Ads,5,11,0,2026-08-17,Monthly,1,Competitor
CUST07121,2025-08-06,Premium,98,12,UK,36-45,Social Media,2,18,3,2026-06-13,Monthly,0,Not Churned
CUST07122,2023-11-15,Basic,34,33,Germany,18-25,Referral,2,12,0,2026-07-05,Monthly,0,Not Churned
CUST07123,2025-08-06,Standard,54,12,USA,36-45,Referral,1,11,0,2026-06-25,Annual,0,Not Churned
CUST07124,2021-10-26,Premium,103,58,Australia,18-25,Referral,4,15,1,2026-08-13,Annual,1,Competitor
CUST07125,2023-06-18,Standard,68,38,Canada,18-25,Organic,3,7,1,2026-07-16,Annual,0,Not Churned
CUST07126,2026-04-03,Standard,65,4,India,26-35,Paid Ads,1,8,0,2026-07-28,Monthly,0,Not Churned
CUST07127,2025-03-09,Basic,32,17,Germany,26-35,Social Media,1,17,1,2026-08-26,Monthly,1,Pricing
CUST07128,2025-10-05,Basic,27,10,India,46-55,Paid Ads,3,11,0,2026-06-21,Monthly,0,Not Churned
CUST07129,2025-01-08,Basic,32,19,Canada,36-45,Social Media,2,19,0,2026-07-20,Annual,1,Pricing
CUST07130,2023-01-19,Premium,95,43,Germany,26-35,Social Media,5,14,1,2026-08-08,Monthly,0,Not Churned
CUST07131,2023-11-15,Basic,30,33,India,26-35,Social Media,2,12,0,2026-08-02,Annual,0,Not Churned
CUST07132,2023-07-18,Standard,68,37,UK,26-35,Organic,2,7,1,2026-07-20,Monthly,0,Not Churned
CUST07133,2021-12-25,Standard,65,56,USA,18-25,Organic,2,11,0,2026-08-16,Monthly,0,Not Churned
CUST07134,2024-04-13,Basic,36,28,Canada,26-35,Organic,1,12,0,2026-08-11,Annual,0,Not Churned
CUST07135,2022-10-21,Standard,55,46,Australia,36-45,Partner,3,18,0,2026-06-22,Annual,0,Not Churned
CUST07136,2022-11-20,Standard,65,45,UK,26-35,Organic,1,17,1,2026-08-21,Monthly,0,Not Churned
CUST07137,2026-06-02,Premium,97,2,Canada,46-55,Paid Ads,5,10,1,2026-06-02,Monthly,0,Not Churned
CUST07138,2021-08-27,Standard,59,60,India,26-35,Organic,4,17,1,2026-07-29,Monthly,1,Competitor
CUST07139,2022-10-21,Standard,67,46,India,26-35,Organic,5,12,1,2026-08-01,Monthly,0,Not Churned
CUST07140,2023-06-18,Basic,25,38,USA,26-35,Organic,1,20,1,2026-08-05,Annual,0,Not Churned
CUST07141,2023-06-18,Premium,95,38,UK,36-45,Organic,3,13,1,2026-06-22,Annual,1,Competitor
CUST07142,2024-11-09,Basic,25,21,India,36-45,Paid Ads,3,9,1,2026-07-18,Monthly,0,Not Churned
CUST07143,2024-09-10,Standard,56,23,UK,18-25,Partner,3,9,0,2026-08-20,Annual,0,Not Churned
CUST07144,2023-11-15,Basic,28,33,USA,46-55,Referral,8,15,1,2026-07-26,Monthly,0,Not Churned
CUST07145,2024-06-12,Premium,102,26,Canada,18-25,Referral,6,14,1,2026-06-26,Monthly,1,Competitor
CUST07146,2022-04-24,Standard,59,52,India,46-55,Paid Ads,3,12,1,2026-07-18,Monthly,0,Not Churned
CUST07147,2023-01-19,Standard,68,43,UK,18-25,Social Media,4,10,1,2026-06-03,Monthly,0,Not Churned
CUST07148,2022-02-23,Basic,38,54,UK,36-45,Partner,4,8,2,2026-07-07,Annual,1,Payment Issues
CUST07149,2024-02-13,Standard,65,30,Germany,36-45,Partner,1,9,0,2026-07-13,Monthly,0,Not Churned
CUST07150,2026-04-03,Standard,67,4,UK,36-45,Organic,2,14,0,2026-07-13,Monthly,0,Not Churned
CUST07151,2026-02-02,Standard,62,6,Canada,18-25,Social Media,1,8,1,2026-07-30,Monthly,0,Not Churned
CUST07152,2023-10-16,Basic,33,34,Australia,26-35,Organic,4,12,1,2026-07-07,Annual,1,Pricing
CUST07153,2021-09-26,Premium,108,59,UK,36-45,Paid Ads,5,11,0,2026-08-04,Annual,0,Not Churned
CUST07154,2021-11-25,Premium,107,57,India,46-55,Paid Ads,1,13,1,2026-06-07,Annual,0,Not Churned
CUST07155,2024-12-09,Basic,36,20,Australia,36-45,Referral,1,12,0,2026-08-13,Monthly,0,Not Churned
CUST07156,2023-07-18,Premium,98,37,Canada,26-35,Referral,5,8,0,2026-06-16,Monthly,0,Not Churned
CUST07157,2025-05-08,Standard,64,15,USA,18-25,Organic,0,13,0,2026-06-04,Monthly,0,Not Churned
CUST07158,2022-01-24,Standard,59,55,UK,36-45,Social Media,0,13,0,2026-06-25,Monthly,1,Competitor
CUST07159,2023-04-19,Basic,33,40,Australia,26-35,Paid Ads,3,12,0,2026-07-24,Monthly,1,Pricing
CUST07160,2022-07-23,Standard,65,49,Germany,18-25,Organic,5,14,2,2026-08-22,Monthly,0,Not Churned
CUST07161,2024-09-10,Standard,61,23,Germany,36-45,Paid Ads,0,14,2,2026-06-04,Monthly,0,Not Churned
CUST07162,2023-02-18,Standard,56,42,India,26-35,Paid Ads,2,13,1,2026-08-26,Annual,0,Not Churned
CUST07163,2025-11-04,Standard,55,9,USA,18-25,Organic,0,17,0,2026-07-09,Monthly,0,Not Churned
CUST07164,2023-10-16,Standard,56,34,India,18-25,Organic,3,9,0,2026-07-19,Annual,0,Not Churned
CUST07165,2023-01-19,Standard,67,43,India,36-45,Partner,2,12,0,2026-07-04,Monthly,0,Not Churned
CUST07166,2023-10-16,Basic,32,34,Australia,18-25,Social Media,3,6,0,2026-08-13,Monthly,0,Not Churned
CUST07167,2024-05-13,Premium,108,27,USA,46-55,Organic,1,15,1,2026-07-29,Monthly,0,Not Churned
CUST07168,2025-04-08,Standard,59,16,UK,26-35,Referral,2,15,0,2026-06-13,Annual,0,Not Churned
CUST07169,2026-04-03,Basic,33,4,UK,18-25,Paid Ads,4,9,0,2026-06-08,Monthly,0,Not Churned
CUST07170,2024-04-13,Basic,35,28,Canada,36-45,Paid Ads,5,12,3,2026-08-26,Monthly,0,Not Churned
CUST07171,2025-03-09,Standard,57,17,India,36-45,Paid Ads,2,16,0,2026-07-02,Monthly,0,Not Churned
CUST07172,2023-03-20,Premium,103,41,India,26-35,Organic,2,8,0,2026-08-28,Monthly,0,Not Churned
CUST07173,2025-08-06,Basic,26,12,USA,26-35,Paid Ads,4,13,1,2026-06-14,Monthly,0,Not Churned
CUST07174,2026-03-04,Standard,66,5,USA,18-25,Organic,4,18,0,2026-07-09,Monthly,0,Not Churned
CUST07175,2023-09-16,Basic,25,35,Germany,36-45,Paid Ads,2,10,1,2026-07-24,Monthly,0,Not Churned
CUST07176,2023-06-18,Standard,68,38,Australia,26-35,Partner,1,10,0,2026-08-20,Monthly,0,Not Churned
CUST07177,2023-05-19,Premium,107,39,USA,36-45,Partner,2,13,1,2026-06-06,Monthly,0,Not Churned
CUST07178,2023-08-17,Standard,57,36,Australia,36-45,Partner,4,2,2,2026-07-20,Monthly,0,Not Churned
CUST07179,2024-02-13,Basic,32,30,India,36-45,Partner,4,10,0,2026-07-12,Monthly,1,Pricing
CUST07180,2025-06-07,Standard,57,14,Canada,36-45,Organic,3,9,0,2026-06-28,Monthly,1,Competitor
CUST07181,2025-06-07,Basic,36,14,India,36-45,Referral,3,14,1,2026-08-23,Annual,0,Not Churned
CUST07182,2026-06-02,Standard,65,2,Canada,26-35,Organic,3,13,0,2026-07-25,Monthly,1,Competitor
CUST07183,2024-04-13,Standard,58,28,USA,26-35,Social Media,4,17,1,2026-06-08,Monthly,0,Not Churned
CUST07184,2024-11-09,Standard,68,21,India,18-25,Social Media,3,11,0,2026-06-23,Monthly,0,Not Churned
CUST07185,2025-05-08,Basic,31,15,India,36-45,Paid Ads,4,10,1,2026-06-18,Monthly,0,Not Churned
CUST07186,2022-12-20,Premium,95,44,USA,36-45,Paid Ads,2,13,1,2026-07-25,Annual,0,Not Churned
CUST07187,2022-10-21,Standard,65,46,Canada,26-35,Organic,0,12,1,2026-06-12,Annual,0,Not Churned
CUST07188,2024-09-10,Basic,34,23,India,46-55,Organic,8,11,1,2026-07-20,Annual,0,Not Churned
CUST07189,2025-10-05,Standard,67,10,UK,36-45,Partner,2,15,1,2026-07-10,Monthly,1,Competitor
CUST07190,2024-06-12,Standard,56,26,UK,26-35,Social Media,4,15,2,2026-07-09,Annual,0,Not Churned
CUST07191,2023-09-16,Standard,59,35,UK,18-25,Organic,1,13,0,2026-07-13,Monthly,1,Competitor
CUST07192,2023-10-16,Standard,65,34,Canada,26-35,Organic,3,14,0,2026-08-02,Monthly,0,Not Churned
CUST07193,2026-06-02,Standard,60,2,India,36-45,Organic,3,10,0,2026-07-28,Annual,0,Not Churned
CUST07194,2024-01-14,Basic,27,31,USA,18-25,Partner,1,13,0,2026-08-05,Monthly,0,Not Churned
CUST07195,2023-01-19,Premium,107,43,Germany,26-35,Partner,2,14,0,2026-07-07,Monthly,0,Not Churned
CUST07196,2022-12-20,Standard,68,44,UK,56+,Referral,2,12,1,2026-06-10,Annual,0,Not Churned
CUST07197,2022-09-21,Basic,24,47,UK,36-45,Referral,4,15,0,2026-08-27,Monthly,0,Not Churned
CUST07198,2022-12-20,Standard,60,44,Canada,36-45,Referral,7,16,0,2026-06-18,Monthly,0,Not Churned
CUST07199,2023-01-19,Premium,105,43,India,36-45,Organic,4,9,1,2026-06-03,Monthly,1,Competitor
CUST07200,2022-04-24,Premium,102,52,UK,18-25,Partner,3,9,0,2026-06-23,Monthly,0,Not Churned
CUST07201,2022-04-24,Basic,24,52,Australia,56+,Paid Ads,1,9,0,2026-07-30,Annual,0,Not Churned
CUST07202,2022-10-21,Basic,37,46,India,46-55,Organic,2,8,1,2026-06-11,Annual,0,Not Churned
CUST07203,2026-03-04,Standard,54,5,Australia,36-45,Paid Ads,2,8,0,2026-06-23,Monthly,1,Competitor
CUST07204,2025-01-08,Basic,24,19,India,18-25,Referral,1,7,1,2026-08-02,Monthly,0,Not Churned
CUST07205,2021-09-26,Premium,103,59,USA,26-35,Paid Ads,3,9,0,2026-06-15,Annual,0,Not Churned
CUST07206,2024-02-13,Basic,30,30,Australia,26-35,Referral,1,17,0,2026-07-10,Monthly,0,Not Churned
CUST07207,2022-07-23,Basic,34,49,Australia,36-45,Social Media,2,18,0,2026-06-16,Monthly,0,Not Churned
CUST07208,2022-09-21,Standard,62,47,Australia,26-35,Social Media,3,11,0,2026-08-31,Annual,0,Not Churned
CUST07209,2022-04-24,Basic,26,52,Germany,36-45,Referral,9,13,0,2026-08-11,Monthly,1,Poor Support Experience
CUST07210,2025-03-09,Standard,61,17,USA,36-45,Paid Ads,3,13,1,2026-08-14,Annual,0,Not Churned
CUST07211,2024-03-14,Standard,62,29,UK,18-25,Organic,2,7,0,2026-08-16,Annual,0,Not Churned
CUST07212,2025-08-06,Basic,26,12,USA,36-45,Paid Ads,6,13,0,2026-08-27,Monthly,0,Not Churned
CUST07213,2025-12-04,Basic,35,8,USA,26-35,Organic,2,14,0,2026-06-13,Monthly,0,Not Churned
CUST07214,2025-05-08,Standard,65,15,USA,46-55,Partner,1,10,1,2026-08-23,Monthly,0,Not Churned
CUST07215,2022-03-25,Basic,26,53,Canada,26-35,Partner,6,11,1,2026-06-10,Annual,0,Not Churned
CUST07216,2023-10-16,Standard,68,34,USA,26-35,Organic,0,12,0,2026-08-16,Monthly,0,Not Churned
CUST07217,2024-04-13,Standard,54,28,Canada,18-25,Social Media,3,15,0,2026-07-30,Monthly,0,Not Churned
CUST07218,2024-11-09,Standard,55,21,Canada,56+,Referral,1,17,1,2026-07-17,Annual,0,Not Churned
CUST07219,2022-03-25,Premium,100,53,India,36-45,Partner,4,18,1,2026-08-26,Monthly,0,Not Churned
CUST07220,2025-03-09,Premium,96,17,UK,26-35,Paid Ads,4,17,0,2026-07-10,Annual,0,Not Churned
CUST07221,2022-03-25,Premium,100,53,USA,18-25,Referral,4,23,1,2026-07-01,Monthly,0,Not Churned
CUST07222,2021-12-25,Basic,28,56,USA,36-45,Paid Ads,3,10,0,2026-06-30,Monthly,0,Not Churned
CUST07223,2023-02-18,Basic,33,42,Canada,26-35,Organic,0,20,0,2026-06-10,Monthly,0,Not Churned
CUST07224,2025-02-07,Basic,31,18,USA,56+,Organic,4,10,0,2026-08-28,Monthly,0,Not Churned
CUST07225,2024-08-11,Premium,98,24,Australia,56+,Organic,4,14,0,2026-07-03,Annual,0,Not Churned
CUST07226,2024-08-11,Premium,96,24,UK,36-45,Organic,3,6,1,2026-08-30,Annual,0,Not Churned
CUST07227,2025-08-06,Premium,102,12,USA,56+,Organic,1,12,2,2026-06-03,Monthly,0,Not Churned
CUST07228,2026-07-02,Basic,38,1,Canada,18-25,Referral,5,14,0,2026-06-15,Monthly,0,Not Churned
CUST07229,2023-08-17,Premium,100,36,India,26-35,Referral,1,17,1,2026-08-18,Monthly,0,Not Churned
CUST07230,2023-12-15,Standard,58,32,India,26-35,Partner,0,12,0,2026-06-17,Monthly,0,Not Churned
CUST07231,2026-03-04,Basic,30,5,India,18-25,Paid Ads,3,7,1,2026-08-06,Annual,0,Not Churned
CUST07232,2024-06-12,Standard,64,26,USA,56+,Partner,1,14,1,2026-08-03,Monthly,0,Not Churned
CUST07233,2021-12-25,Basic,33,56,India,18-25,Referral,1,13,1,2026-07-27,Monthly,0,Not Churned
CUST07234,2026-05-03,Standard,62,3,Germany,46-55,Paid Ads,7,8,0,2026-07-11,Monthly,0,Not Churned
CUST07235,2023-11-15,Basic,28,33,USA,36-45,Referral,5,10,0,2026-06-03,Annual,0,Not Churned
CUST07236,2023-05-19,Standard,60,39,UK,26-35,Referral,1,12,0,2026-08-24,Monthly,0,Not Churned
CUST07237,2024-12-09,Standard,64,20,India,18-25,Organic,3,8,0,2026-07-13,Monthly,1,Competitor
CUST07238,2021-10-26,Premium,102,58,India,18-25,Social Media,3,13,0,2026-08-18,Monthly,0,Not Churned
CUST07239,2025-08-06,Standard,54,12,India,26-35,Referral,5,12,1,2026-07-11,Monthly,0,Not Churned
CUST07240,2022-03-25,Standard,57,53,UK,26-35,Partner,4,10,0,2026-08-19,Annual,0,Not Churned
CUST07241,2023-06-18,Premium,94,38,USA,26-35,Partner,5,12,0,2026-07-01,Monthly,0,Not Churned
CUST07242,2024-12-09,Premium,101,20,USA,36-45,Referral,3,14,1,2026-06-25,Monthly,0,Not Churned
CUST07243,2025-03-09,Basic,26,17,USA,36-45,Referral,9,6,0,2026-08-21,Monthly,0,Not Churned
CUST07244,2023-01-19,Standard,55,43,Canada,26-35,Partner,4,15,1,2026-08-20,Monthly,0,Not Churned
CUST07245,2025-12-04,Basic,37,8,India,26-35,Partner,2,14,0,2026-06-28,Monthly,0,Not Churned
CUST07246,2023-01-19,Basic,27,43,Canada,46-55,Social Media,5,9,0,2026-06-29,Monthly,1,Pricing
CUST07247,2025-07-07,Standard,64,13,USA,26-35,Social Media,2,10,1,2026-07-15,Annual,0,Not Churned
CUST07248,2025-11-04,Premium,96,9,UK,26-35,Organic,4,11,1,2026-08-23,Monthly,0,Not Churned
CUST07249,2025-01-08,Basic,34,19,India,36-45,Social Media,4,10,3,2026-07-26,Annual,0,Not Churned
CUST07250,2024-06-12,Premium,98,26,USA,46-55,Organic,1,12,1,2026-08-06,Annual,0,Not Churned
CUST07251,2022-04-24,Premium,108,52,India,46-55,Referral,5,15,1,2026-06-06,Annual,0,Not Churned
CUST07252,2026-03-04,Premium,106,5,Germany,18-25,Paid Ads,6,18,1,2026-08-31,Monthly,1,Competitor
CUST07253,2023-02-18,Basic,31,42,USA,36-45,Paid Ads,0,13,0,2026-06-25,Annual,0,Not Churned
CUST07254,2022-11-20,Premium,103,45,Germany,18-25,Paid Ads,4,14,1,2026-08-18,Annual,1,Competitor
CUST07255,2024-07-12,Basic,31,25,USA,56+,Social Media,2,16,1,2026-06-18,Monthly,0,Not Churned
CUST07256,2026-03-04,Standard,64,5,India,26-35,Social Media,3,13,0,2026-07-17,Annual,0,Not Churned
CUST07257,2024-09-10,Basic,30,23,USA,26-35,Paid Ads,7,10,0,2026-07-31,Monthly,0,Not Churned
CUST07258,2023-09-16,Basic,31,35,India,46-55,Referral,1,11,0,2026-07-24,Monthly,0,Not Churned
CUST07259,2022-07-23,Standard,66,49,Australia,56+,Partner,6,15,2,2026-06-08,Annual,1,Payment Issues
CUST07260,2023-12-15,Standard,66,32,Canada,36-45,Paid Ads,5,9,0,2026-08-29,Monthly,0,Not Churned
CUST07261,2022-02-23,Basic,28,54,Canada,18-25,Referral,3,16,1,2026-07-26,Annual,0,Not Churned
CUST07262,2023-02-18,Basic,33,42,UK,26-35,Paid Ads,3,4,0,2026-08-08,Annual,0,Not Churned
CUST07263,2022-07-23,Standard,63,49,USA,46-55,Partner,3,9,0,2026-08-15,Monthly,0,Not Churned
CUST07264,2026-02-02,Basic,34,6,Germany,36-45,Paid Ads,4,17,0,2026-07-30,Monthly,0,Not Churned
CUST07265,2021-12-25,Premium,105,56,India,18-25,Partner,4,10,0,2026-06-18,Annual,0,Not Churned
CUST07266,2025-06-07,Basic,34,14,Canada,26-35,Paid Ads,1,13,1,2026-06-27,Monthly,0,Not Churned
CUST07267,2023-03-20,Basic,36,41,USA,46-55,Organic,3,6,0,2026-08-01,Monthly,1,Pricing
CUST07268,2021-12-25,Basic,29,56,Germany,36-45,Organic,4,10,0,2026-08-28,Monthly,0,Not Churned
CUST07269,2024-03-14,Standard,61,29,Australia,36-45,Paid Ads,6,13,1,2026-08-25,Monthly,0,Not Churned
CUST07270,2023-07-18,Basic,38,37,Germany,26-35,Referral,3,15,0,2026-06-18,Monthly,0,Not Churned
CUST07271,2022-01-24,Basic,36,55,USA,36-45,Paid Ads,3,13,0,2026-06-02,Monthly,0,Not Churned
CUST07272,2024-10-10,Premium,94,22,India,56+,Paid Ads,8,12,1,2026-07-01,Monthly,0,Not Churned
CUST07273,2021-11-25,Standard,59,57,USA,26-35,Referral,4,14,0,2026-06-02,Monthly,0,Not Churned
CUST07274,2024-12-09,Basic,29,20,UK,36-45,Social Media,5,9,0,2026-08-04,Monthly,0,Not Churned
CUST07275,2025-12-04,Standard,68,8,Canada,26-35,Social Media,2,11,0,2026-07-15,Monthly,0,Not Churned
CUST07276,2021-08-27,Premium,104,60,India,18-25,Referral,6,10,0,2026-08-25,Annual,0,Not Churned
CUST07277,2024-05-13,Basic,36,27,USA,36-45,Partner,1,16,0,2026-06-28,Annual,0,Not Churned
CUST07278,2021-11-25,Basic,28,57,India,46-55,Referral,4,11,0,2026-06-20,Monthly,0,Not Churned
CUST07279,2022-08-22,Standard,57,48,Australia,36-45,Organic,3,8,0,2026-07-04,Annual,0,Not Churned
CUST07280,2026-01-03,Standard,54,7,India,26-35,Organic,3,13,0,2026-06-09,Monthly,0,Not Churned
CUST07281,2021-08-27,Standard,64,60,UK,26-35,Paid Ads,3,9,1,2026-07-04,Monthly,1,Competitor
CUST07282,2022-01-24,Basic,33,55,India,46-55,Paid Ads,2,13,0,2026-08-17,Monthly,1,Pricing
CUST07283,2023-10-16,Basic,34,34,USA,26-35,Partner,7,13,1,2026-06-26,Annual,0,Not Churned
CUST07284,2023-03-20,Standard,61,41,Germany,46-55,Social Media,5,13,0,2026-07-22,Monthly,0,Not Churned
CUST07285,2024-04-13,Basic,29,28,India,26-35,Organic,3,6,0,2026-07-27,Monthly,1,Pricing
CUST07286,2024-01-14,Standard,56,31,India,46-55,Paid Ads,2,12,1,2026-08-16,Monthly,0,Not Churned
CUST07287,2024-11-09,Standard,65,21,India,46-55,Referral,3,20,0,2026-06-27,Annual,0,Not Churned
CUST07288,2025-10-05,Basic,26,10,USA,18-25,Partner,3,10,0,2026-07-01,Monthly,0,Not Churned
CUST07289,2022-05-24,Premium,105,51,UK,36-45,Organic,3,10,1,2026-06-15,Annual,0,Not Churned
CUST07290,2023-08-17,Premium,99,36,India,26-35,Paid Ads,1,7,0,2026-07-16,Monthly,1,Competitor
CUST07291,2025-07-07,Standard,65,13,UK,26-35,Partner,5,13,1,2026-07-31,Annual,0,Not Churned
CUST07292,2024-06-12,Basic,38,26,India,26-35,Partner,4,14,0,2026-06-07,Monthly,0,Not Churned
CUST07293,2023-10-16,Basic,30,34,Australia,36-45,Paid Ads,2,17,0,2026-06-15,Monthly,0,Not Churned
CUST07294,2025-01-08,Standard,61,19,Canada,26-35,Organic,1,13,0,2026-06-09,Annual,1,Competitor
CUST07295,2026-02-02,Basic,28,6,Germany,36-45,Referral,1,9,0,2026-06-11,Annual,0,Not Churned
CUST07296,2022-08-22,Premium,103,48,Germany,26-35,Social Media,4,9,0,2026-08-07,Annual,0,Not Churned
CUST07297,2025-05-08,Basic,29,15,USA,18-25,Paid Ads,1,16,0,2026-07-06,Monthly,1,Pricing
CUST07298,2022-10-21,Standard,65,46,USA,36-45,Partner,2,10,0,2026-08-09,Annual,1,Competitor
CUST07299,2022-11-20,Basic,24,45,Canada,36-45,Paid Ads,5,8,0,2026-06-23,Annual,0,Not Churned
CUST07300,2021-08-27,Standard,59,60,India,36-45,Referral,1,21,0,2026-08-16,Monthly,0,Not Churned
CUST07301,2022-07-23,Basic,32,49,India,36-45,Referral,4,22,1,2026-08-01,Annual,0,Not Churned
CUST07302,2025-02-07,Standard,63,18,India,46-55,Paid Ads,4,14,0,2026-07-18,Monthly,1,Competitor
CUST07303,2024-12-09,Basic,27,20,USA,26-35,Paid Ads,1,10,1,2026-06-10,Monthly,0,Not Churned
CUST07304,2026-07-02,Premium,107,1,USA,18-25,Paid Ads,6,17,0,2026-07-21,Monthly,0,Not Churned
CUST07305,2024-10-10,Basic,37,22,India,36-45,Social Media,3,13,0,2026-07-31,Monthly,0,Not Churned
CUST07306,2021-08-27,Premium,103,60,India,36-45,Organic,2,19,1,2026-07-26,Monthly,0,Not Churned
CUST07307,2023-08-17,Premium,106,36,UK,36-45,Referral,2,11,0,2026-07-17,Monthly,0,Not Churned
CUST07308,2022-08-22,Basic,24,48,India,36-45,Referral,0,7,0,2026-07-20,Monthly,0,Not Churned
CUST07309,2025-02-07,Standard,67,18,Germany,26-35,Referral,1,18,1,2026-06-08,Monthly,1,Competitor
CUST07310,2025-10-05,Basic,34,10,India,18-25,Partner,1,20,0,2026-06-24,Annual,0,Not Churned
CUST07311,2024-12-09,Premium,102,20,UK,36-45,Referral,2,19,1,2026-08-03,Monthly,0,Not Churned
CUST07312,2021-08-27,Standard,57,60,USA,26-35,Referral,2,12,0,2026-07-06,Monthly,0,Not Churned
CUST07313,2023-04-19,Basic,25,40,India,26-35,Referral,1,16,0,2026-08-05,Monthly,0,Not Churned
CUST07314,2026-02-02,Basic,24,6,USA,26-35,Referral,3,10,1,2026-08-13,Monthly,0,Not Churned
CUST07315,2021-09-26,Basic,26,59,USA,26-35,Organic,6,10,0,2026-06-27,Monthly,0,Not Churned
CUST07316,2022-07-23,Premium,100,49,Australia,36-45,Social Media,2,16,0,2026-06-04,Monthly,0,Not Churned
CUST07317,2023-07-18,Basic,34,37,Canada,18-25,Organic,4,15,0,2026-08-14,Monthly,0,Not Churned
CUST07318,2021-09-26,Standard,63,59,India,56+,Referral,4,16,1,2026-07-20,Annual,0,Not Churned
CUST07319,2024-10-10,Standard,55,22,India,36-45,Referral,3,11,0,2026-06-26,Monthly,0,Not Churned
CUST07320,2026-04-03,Premium,108,4,India,26-35,Organic,4,10,0,2026-08-02,Monthly,0,Not Churned
CUST07321,2026-04-03,Basic,32,4,India,26-35,Organic,3,10,0,2026-07-07,Monthly,0,Not Churned
CUST07322,2025-01-08,Standard,65,19,USA,18-25,Organic,4,12,0,2026-06-22,Monthly,0,Not Churned
CUST07323,2024-03-14,Standard,66,29,Germany,36-45,Organic,5,13,0,2026-08-30,Monthly,0,Not Churned
CUST07324,2021-10-26,Standard,64,58,USA,26-35,Social Media,1,6,0,2026-08-09,Monthly,0,Not Churned
CUST07325,2021-10-26,Basic,25,58,Canada,26-35,Social Media,2,15,1,2026-07-29,Monthly,0,Not Churned
CUST07326,2022-02-23,Basic,28,54,UK,26-35,Organic,3,11,1,2026-07-30,Annual,0,Not Churned
CUST07327,2024-04-13,Basic,31,28,Australia,36-45,Organic,5,12,1,2026-07-08,Annual,0,Not Churned
CUST07328,2023-03-20,Standard,66,41,India,36-45,Social Media,3,17,0,2026-06-15,Monthly,0,Not Churned
CUST07329,2025-07-07,Basic,36,13,Canada,36-45,Organic,3,14,0,2026-07-08,Monthly,0,Not Churned
CUST07330,2023-05-19,Standard,65,39,Australia,46-55,Partner,3,10,0,2026-06-12,Annual,0,Not Churned
CUST07331,2021-11-25,Basic,33,57,India,26-35,Organic,5,12,2,2026-06-18,Annual,0,Not Churned
CUST07332,2024-04-13,Premium,101,28,India,36-45,Referral,3,17,0,2026-07-19,Annual,0,Not Churned
CUST07333,2024-02-13,Premium,96,30,Germany,18-25,Paid Ads,1,7,0,2026-07-24,Monthly,1,Competitor
CUST07334,2024-10-10,Standard,55,22,Canada,36-45,Organic,1,9,0,2026-08-13,Annual,0,Not Churned
CUST07335,2022-06-23,Basic,32,50,India,36-45,Organic,3,14,2,2026-08-29,Annual,1,Payment Issues
CUST07336,2022-02-23,Basic,26,54,USA,26-35,Referral,2,21,1,2026-08-14,Monthly,0,Not Churned
CUST07337,2024-09-10,Basic,31,23,USA,26-35,Paid Ads,4,12,0,2026-06-16,Annual,0,Not Churned
CUST07338,2025-02-07,Basic,25,18,USA,46-55,Referral,4,13,0,2026-06-24,Annual,0,Not Churned
CUST07339,2025-03-09,Standard,56,17,USA,18-25,Organic,1,14,0,2026-06-17,Monthly,1,Competitor
CUST07340,2022-02-23,Standard,54,54,India,26-35,Paid Ads,2,15,1,2026-07-14,Annual,0,Not Churned
CUST07341,2024-01-14,Premium,107,31,UK,46-55,Paid Ads,3,11,0,2026-08-09,Annual,1,Competitor
CUST07342,2024-04-13,Basic,34,28,Canada,36-45,Paid Ads,0,17,1,2026-06-10,Annual,0,Not Churned
CUST07343,2025-12-04,Standard,59,8,Australia,36-45,Organic,4,14,2,2026-06-11,Annual,0,Not Churned
CUST07344,2023-12-15,Standard,66,32,India,46-55,Paid Ads,6,10,1,2026-08-12,Monthly,0,Not Churned
CUST07345,2023-01-19,Standard,60,43,Australia,26-35,Referral,4,12,1,2026-08-18,Monthly,0,Not Churned
CUST07346,2026-02-02,Basic,27,6,India,26-35,Partner,4,13,2,2026-07-24,Monthly,0,Not Churned
CUST07347,2025-12-04,Standard,54,8,USA,36-45,Social Media,4,11,1,2026-08-02,Annual,0,Not Churned
CUST07348,2022-02-23,Standard,56,54,Australia,36-45,Organic,6,14,0,2026-06-29,Monthly,1,Competitor
CUST07349,2024-10-10,Standard,62,22,USA,18-25,Organic,5,11,1,2026-07-01,Monthly,0,Not Churned
CUST07350,2023-04-19,Premium,98,40,India,26-35,Organic,4,12,0,2026-08-09,Monthly,1,Competitor
CUST07351,2022-05-24,Basic,29,51,India,26-35,Organic,2,13,2,2026-08-16,Monthly,0,Not Churned
CUST07352,2022-09-21,Basic,27,47,USA,46-55,Organic,3,15,0,2026-07-02,Monthly,0,Not Churned
CUST07353,2024-01-14,Standard,54,31,Canada,26-35,Organic,3,12,0,2026-06-28,Annual,0,Not Churned
CUST07354,2022-05-24,Standard,67,51,Germany,46-55,Organic,3,10,2,2026-06-16,Monthly,0,Not Churned
CUST07355,2026-02-02,Basic,28,6,Canada,56+,Organic,0,13,0,2026-08-01,Annual,1,Pricing
CUST07356,2026-04-03,Standard,58,4,Australia,36-45,Paid Ads,3,16,0,2026-06-24,Annual,0,Not Churned
CUST07357,2022-01-24,Premium,98,55,Canada,36-45,Organic,1,5,1,2026-07-14,Monthly,0,Not Churned
CUST07358,2021-09-26,Premium,108,59,Australia,26-35,Organic,3,12,1,2026-07-20,Monthly,0,Not Churned
CUST07359,2026-01-03,Basic,29,7,India,18-25,Referral,4,10,0,2026-06-18,Annual,0,Not Churned
CUST07360,2021-11-25,Premium,104,57,Germany,36-45,Organic,2,15,2,2026-06-14,Monthly,0,Not Churned
CUST07361,2023-10-16,Standard,55,34,USA,26-35,Organic,1,19,0,2026-07-03,Monthly,0,Not Churned
CUST07362,2024-05-13,Standard,54,27,Germany,26-35,Organic,5,15,0,2026-07-17,Monthly,0,Not Churned
CUST07363,2026-06-02,Standard,68,2,India,36-45,Paid Ads,1,10,0,2026-08-17,Annual,0,Not Churned
CUST07364,2022-02-23,Premium,95,54,UK,26-35,Social Media,3,21,1,2026-07-14,Monthly,0,Not Churned
CUST07365,2025-06-07,Standard,66,14,Canada,36-45,Organic,1,9,0,2026-07-10,Annual,0,Not Churned
CUST07366,2023-03-20,Basic,33,41,Germany,26-35,Paid Ads,4,13,0,2026-08-27,Monthly,1,Pricing
CUST07367,2024-03-14,Standard,59,29,Canada,26-35,Referral,1,15,0,2026-08-25,Monthly,1,Competitor
CUST07368,2023-05-19,Standard,58,39,USA,26-35,Referral,3,18,0,2026-08-11,Monthly,0,Not Churned
CUST07369,2024-10-10,Basic,38,22,USA,56+,Social Media,1,13,0,2026-07-19,Monthly,0,Not Churned
CUST07370,2026-03-04,Premium,98,5,USA,46-55,Social Media,4,10,0,2026-06-05,Monthly,0,Not Churned
CUST07371,2021-12-25,Standard,65,56,India,26-35,Organic,6,16,1,2026-06-28,Monthly,0,Not Churned
CUST07372,2022-12-20,Standard,65,44,India,26-35,Paid Ads,2,6,0,2026-07-01,Monthly,0,Not Churned
CUST07373,2025-02-07,Basic,38,18,India,46-55,Referral,3,8,0,2026-07-16,Annual,1,Pricing
CUST07374,2021-08-27,Standard,59,60,USA,18-25,Partner,3,16,2,2026-08-03,Annual,0,Not Churned
CUST07375,2022-05-24,Basic,37,51,Australia,26-35,Social Media,3,9,0,2026-06-30,Monthly,0,Not Churned
CUST07376,2025-04-08,Basic,33,16,Australia,26-35,Organic,2,8,0,2026-08-08,Monthly,0,Not Churned
CUST07377,2022-12-20,Standard,60,44,India,36-45,Organic,1,11,1,2026-07-15,Monthly,0,Not Churned
CUST07378,2026-02-02,Standard,62,6,India,26-35,Social Media,2,12,0,2026-08-27,Monthly,0,Not Churned
CUST07379,2026-07-02,Standard,60,1,India,18-25,Paid Ads,3,17,0,2026-06-06,Monthly,0,Not Churned
CUST07380,2025-08-06,Basic,25,12,India,36-45,Paid Ads,3,9,1,2026-08-10,Monthly,0,Not Churned
CUST07381,2024-08-11,Standard,59,24,India,18-25,Referral,1,12,1,2026-08-31,Monthly,0,Not Churned
CUST07382,2025-09-05,Basic,32,11,USA,36-45,Organic,3,10,0,2026-08-04,Monthly,0,Not Churned
CUST07383,2023-01-19,Premium,100,43,USA,36-45,Social Media,4,11,1,2026-06-23,Monthly,0,Not Churned
CUST07384,2023-03-20,Standard,55,41,USA,26-35,Social Media,2,17,1,2026-06-16,Annual,1,Competitor
CUST07385,2023-10-16,Standard,56,34,USA,18-25,Paid Ads,3,10,0,2026-08-31,Annual,0,Not Churned
CUST07386,2024-03-14,Basic,31,29,India,36-45,Referral,4,7,1,2026-06-15,Annual,0,Not Churned
CUST07387,2023-12-15,Basic,34,32,UK,26-35,Referral,5,6,1,2026-07-26,Monthly,0,Not Churned
CUST07388,2021-11-25,Premium,102,57,Australia,26-35,Organic,6,10,0,2026-07-25,Annual,0,Not Churned
CUST07389,2024-11-09,Basic,27,21,India,36-45,Organic,2,12,1,2026-08-23,Monthly,0,Not Churned
CUST07390,2023-04-19,Standard,62,40,India,36-45,Organic,4,10,0,2026-07-29,Annual,0,Not Churned
CUST07391,2023-11-15,Standard,55,33,India,18-25,Partner,3,10,0,2026-07-20,Annual,0,Not Churned
CUST07392,2023-11-15,Basic,36,33,India,18-25,Paid Ads,5,17,0,2026-07-03,Monthly,0,Not Churned
CUST07393,2024-04-13,Premium,104,28,USA,26-35,Organic,7,9,1,2026-06-09,Monthly,0,Not Churned
CUST07394,2022-12-20,Standard,58,44,India,36-45,Paid Ads,1,17,0,2026-07-10,Monthly,0,Not Churned
CUST07395,2023-08-17,Basic,34,36,USA,36-45,Organic,3,16,1,2026-07-15,Monthly,0,Not Churned
CUST07396,2026-07-02,Basic,25,1,India,36-45,Organic,3,11,1,2026-07-30,Annual,0,Not Churned
CUST07397,2025-08-06,Basic,34,12,Canada,36-45,Paid Ads,4,10,0,2026-07-18,Annual,0,Not Churned
CUST07398,2022-10-21,Premium,94,46,India,46-55,Paid Ads,2,10,1,2026-06-08,Monthly,0,Not Churned
CUST07399,2023-11-15,Standard,66,33,USA,26-35,Referral,2,11,0,2026-08-06,Monthly,1,Competitor
CUST07400,2022-12-20,Basic,37,44,India,26-35,Referral,1,13,0,2026-08-23,Monthly,0,Not Churned
CUST07401,2026-03-04,Basic,28,5,India,46-55,Referral,2,14,1,2026-07-03,Monthly,0,Not Churned
CUST07402,2026-06-02,Standard,55,2,Australia,26-35,Paid Ads,3,14,0,2026-08-26,Annual,0,Not Churned
CUST07403,2023-08-17,Standard,67,36,UK,26-35,Referral,1,15,0,2026-07-24,Monthly,0,Not Churned
CUST07404,2024-08-11,Standard,66,24,India,26-35,Paid Ads,3,17,0,2026-08-13,Monthly,1,Competitor
CUST07405,2023-01-19,Basic,30,43,UK,46-55,Paid Ads,4,10,1,2026-07-19,Annual,0,Not Churned
CUST07406,2022-02-23,Basic,31,54,UK,26-35,Paid Ads,3,12,0,2026-08-04,Annual,0,Not Churned
CUST07407,2022-06-23,Standard,55,50,USA,26-35,Paid Ads,6,14,2,2026-08-29,Monthly,0,Not Churned
CUST07408,2022-05-24,Premium,100,51,USA,36-45,Organic,2,12,0,2026-08-18,Annual,0,Not Churned
CUST07409,2022-06-23,Basic,27,50,Australia,26-35,Organic,3,12,0,2026-08-17,Monthly,0,Not Churned
CUST07410,2022-04-24,Standard,54,52,India,46-55,Paid Ads,0,10,0,2026-08-05,Annual,0,Not Churned
CUST07411,2022-09-21,Standard,64,47,USA,26-35,Paid Ads,0,10,1,2026-08-02,Monthly,0,Not Churned
CUST07412,2024-11-09,Standard,68,21,India,36-45,Paid Ads,7,11,1,2026-06-08,Monthly,1,Poor Support Experience
CUST07413,2021-08-27,Basic,26,60,Canada,26-35,Partner,2,10,0,2026-06-06,Annual,0,Not Churned
CUST07414,2024-02-13,Premium,104,30,Australia,46-55,Referral,5,10,1,2026-08-23,Monthly,0,Not Churned
CUST07415,2025-05-08,Standard,65,15,Australia,46-55,Social Media,2,10,0,2026-06-22,Monthly,0,Not Churned
CUST07416,2025-11-04,Standard,54,9,Canada,36-45,Referral,3,10,0,2026-07-18,Monthly,0,Not Churned
CUST07417,2022-01-24,Basic,28,55,Germany,46-55,Organic,1,15,0,2026-07-03,Monthly,0,Not Churned
CUST07418,2023-12-15,Basic,38,32,UK,18-25,Partner,1,7,0,2026-07-01,Monthly,0,Not Churned
CUST07419,2025-12-04,Basic,36,8,Canada,46-55,Social Media,2,6,1,2026-06-28,Monthly,1,Pricing
CUST07420,2024-09-10,Standard,61,23,Germany,36-45,Paid Ads,1,10,0,2026-06-05,Monthly,0,Not Churned
CUST07421,2024-05-13,Basic,24,27,India,46-55,Organic,2,16,0,2026-08-15,Monthly,1,Pricing
CUST07422,2023-02-18,Standard,67,42,UK,36-45,Organic,2,12,0,2026-07-14,Annual,0,Not Churned
CUST07423,2025-12-04,Basic,32,8,Canada,26-35,Social Media,3,11,0,2026-08-31,Monthly,0,Not Churned
CUST07424,2024-03-14,Standard,56,29,Australia,36-45,Organic,5,13,1,2026-06-25,Annual,0,Not Churned
CUST07425,2025-09-05,Standard,58,11,Australia,18-25,Referral,3,19,0,2026-08-02,Monthly,0,Not Churned
CUST07426,2024-11-09,Basic,32,21,Australia,36-45,Referral,0,8,0,2026-07-21,Annual,0,Not Churned
CUST07427,2022-05-24,Basic,28,51,Germany,26-35,Organic,4,11,1,2026-08-22,Monthly,0,Not Churned
CUST07428,2022-12-20,Basic,32,44,USA,26-35,Referral,4,14,0,2026-07-28,Monthly,0,Not Churned
CUST07429,2023-05-19,Standard,63,39,India,56+,Referral,3,11,2,2026-08-10,Annual,0,Not Churned
CUST07430,2024-02-13,Standard,61,30,India,46-55,Paid Ads,2,9,0,2026-08-13,Monthly,0,Not Churned
CUST07431,2023-11-15,Basic,30,33,USA,46-55,Paid Ads,1,10,0,2026-08-01,Monthly,0,Not Churned
CUST07432,2026-05-03,Standard,64,3,USA,36-45,Social Media,2,12,0,2026-08-30,Monthly,0,Not Churned
CUST07433,2022-01-24,Basic,24,55,USA,36-45,Paid Ads,3,19,1,2026-07-02,Monthly,0,Not Churned
CUST07434,2025-07-07,Basic,27,13,USA,36-45,Referral,7,12,0,2026-07-26,Annual,0,Not Churned
CUST07435,2023-08-17,Basic,32,36,Australia,18-25,Paid Ads,3,14,0,2026-07-10,Annual,0,Not Churned
CUST07436,2024-09-10,Premium,103,23,USA,46-55,Organic,3,14,0,2026-07-30,Monthly,1,Competitor
CUST07437,2024-06-12,Basic,31,26,Australia,46-55,Partner,2,9,0,2026-06-15,Monthly,0,Not Churned
CUST07438,2025-10-05,Basic,27,10,Australia,36-45,Paid Ads,5,11,0,2026-08-07,Monthly,0,Not Churned
CUST07439,2023-06-18,Basic,35,38,USA,46-55,Paid Ads,2,21,0,2026-08-16,Monthly,0,Not Churned
CUST07440,2023-08-17,Basic,24,36,USA,36-45,Referral,4,14,0,2026-08-06,Monthly,0,Not Churned
CUST07441,2024-09-10,Standard,63,23,Canada,26-35,Referral,1,18,1,2026-07-03,Annual,0,Not Churned
CUST07442,2025-12-04,Basic,27,8,UK,56+,Organic,2,14,0,2026-08-11,Monthly,0,Not Churned
CUST07443,2025-06-07,Basic,38,14,India,26-35,Social Media,6,14,2,2026-08-18,Annual,0,Not Churned
CUST07444,2024-08-11,Standard,56,24,India,36-45,Organic,1,14,1,2026-06-17,Monthly,0,Not Churned
CUST07445,2022-01-24,Basic,29,55,India,26-35,Referral,4,10,0,2026-07-22,Annual,0,Not Churned
CUST07446,2025-02-07,Standard,64,18,India,36-45,Paid Ads,5,16,2,2026-07-07,Monthly,0,Not Churned
CUST07447,2023-04-19,Standard,58,40,India,36-45,Paid Ads,2,10,1,2026-07-13,Monthly,0,Not Churned
CUST07448,2023-07-18,Basic,28,37,India,36-45,Social Media,5,11,0,2026-07-25,Annual,0,Not Churned
CUST07449,2022-10-21,Standard,55,46,UK,36-45,Referral,2,7,0,2026-06-09,Monthly,0,Not Churned
CUST07450,2024-07-12,Basic,35,25,Germany,26-35,Social Media,3,14,2,2026-08-02,Monthly,0,Not Churned
CUST07451,2022-02-23,Standard,56,54,UK,36-45,Paid Ads,1,9,2,2026-06-09,Monthly,1,Payment Issues
CUST07452,2022-09-21,Standard,64,47,Germany,46-55,Partner,1,17,0,2026-07-07,Monthly,1,Competitor
CUST07453,2024-12-09,Basic,29,20,Canada,18-25,Paid Ads,1,18,0,2026-08-24,Monthly,0,Not Churned
CUST07454,2024-07-12,Standard,55,25,Canada,18-25,Paid Ads,3,9,0,2026-08-22,Monthly,0,Not Churned
CUST07455,2025-03-09,Premium,108,17,USA,18-25,Partner,4,10,1,2026-08-06,Monthly,0,Not Churned
CUST07456,2026-04-03,Premium,97,4,India,46-55,Organic,3,11,0,2026-07-17,Monthly,1,Competitor
CUST07457,2021-09-26,Standard,55,59,Australia,36-45,Organic,4,13,1,2026-08-28,Annual,1,Competitor
CUST07458,2024-11-09,Standard,62,21,Australia,56+,Partner,2,13,1,2026-08-28,Annual,0,Not Churned
CUST07459,2024-12-09,Basic,26,20,USA,36-45,Partner,7,18,0,2026-07-01,Monthly,1,Poor Support Experience
CUST07460,2022-11-20,Basic,33,45,India,26-35,Social Media,3,12,2,2026-06-07,Annual,0,Not Churned
CUST07461,2022-09-21,Standard,63,47,Canada,36-45,Paid Ads,0,7,1,2026-06-05,Annual,0,Not Churned
CUST07462,2023-03-20,Basic,29,41,India,26-35,Paid Ads,2,16,0,2026-07-16,Monthly,0,Not Churned
CUST07463,2025-03-09,Premium,108,17,India,26-35,Organic,4,17,0,2026-08-12,Monthly,1,Competitor
CUST07464,2023-09-16,Basic,24,35,Canada,26-35,Paid Ads,5,9,0,2026-07-18,Annual,0,Not Churned
CUST07465,2023-03-20,Basic,36,41,USA,26-35,Paid Ads,5,11,0,2026-07-11,Annual,0,Not Churned
CUST07466,2021-08-27,Basic,34,60,UK,26-35,Organic,2,14,0,2026-06-30,Annual,0,Not Churned
CUST07467,2024-09-10,Premium,107,23,Australia,18-25,Paid Ads,5,21,0,2026-07-25,Monthly,1,Competitor
CUST07468,2024-11-09,Standard,68,21,USA,26-35,Paid Ads,2,12,0,2026-07-06,Annual,0,Not Churned
CUST07469,2023-01-19,Standard,68,43,USA,26-35,Referral,2,11,2,2026-06-27,Monthly,1,Payment Issues
CUST07470,2022-02-23,Basic,33,54,India,36-45,Paid Ads,2,9,1,2026-08-15,Annual,0,Not Churned
CUST07471,2022-04-24,Premium,96,52,India,26-35,Social Media,5,8,0,2026-07-27,Annual,0,Not Churned
CUST07472,2024-11-09,Basic,31,21,Canada,26-35,Paid Ads,2,19,1,2026-06-11,Monthly,0,Not Churned
CUST07473,2024-08-11,Premium,98,24,USA,18-25,Paid Ads,2,12,2,2026-08-08,Monthly,0,Not Churned
CUST07474,2023-07-18,Standard,61,37,India,36-45,Referral,2,8,0,2026-08-28,Monthly,1,Competitor
CUST07475,2021-10-26,Basic,38,58,India,36-45,Organic,3,15,0,2026-07-04,Monthly,0,Not Churned
CUST07476,2025-02-07,Standard,55,18,USA,46-55,Paid Ads,3,3,0,2026-08-04,Monthly,0,Not Churned
CUST07477,2021-12-25,Standard,60,56,USA,46-55,Referral,4,13,0,2026-08-05,Annual,0,Not Churned
CUST07478,2022-12-20,Basic,32,44,UK,26-35,Paid Ads,1,12,0,2026-06-15,Annual,0,Not Churned
CUST07479,2025-01-08,Premium,100,19,USA,18-25,Partner,2,11,1,2026-08-23,Annual,1,Competitor
CUST07480,2026-03-04,Standard,56,5,India,26-35,Referral,2,17,1,2026-08-28,Monthly,0,Not Churned
CUST07481,2022-12-20,Basic,30,44,USA,56+,Organic,6,17,1,2026-08-22,Monthly,1,Pricing
CUST07482,2024-05-13,Basic,38,27,Australia,36-45,Paid Ads,1,7,0,2026-08-17,Monthly,0,Not Churned
CUST07483,2026-02-02,Standard,61,6,India,18-25,Social Media,9,13,0,2026-07-06,Annual,1,Poor Support Experience
CUST07484,2022-07-23,Standard,67,49,UK,18-25,Referral,3,3,0,2026-08-29,Annual,0,Not Churned
CUST07485,2025-06-07,Standard,54,14,USA,26-35,Social Media,4,12,0,2026-07-23,Annual,1,Competitor
CUST07486,2026-05-03,Standard,66,3,Canada,26-35,Referral,2,16,2,2026-06-22,Annual,0,Not Churned
CUST07487,2026-07-02,Standard,66,1,India,46-55,Organic,4,6,0,2026-06-05,Monthly,0,Not Churned
CUST07488,2024-01-14,Premium,96,31,Germany,36-45,Organic,5,11,0,2026-07-28,Monthly,1,Competitor
CUST07489,2022-01-24,Standard,58,55,UK,36-45,Referral,3,15,0,2026-06-17,Annual,0,Not Churned
CUST07490,2022-11-20,Premium,105,45,Australia,26-35,Organic,2,11,2,2026-07-21,Annual,0,Not Churned
CUST07491,2022-06-23,Basic,29,50,India,26-35,Referral,1,8,0,2026-06-12,Monthly,0,Not Churned
CUST07492,2025-10-05,Basic,26,10,Canada,36-45,Social Media,0,12,1,2026-06-21,Monthly,0,Not Churned
CUST07493,2022-01-24,Basic,38,55,Canada,36-45,Referral,4,17,1,2026-07-27,Monthly,0,Not Churned
CUST07494,2021-08-27,Standard,57,60,USA,26-35,Paid Ads,3,8,0,2026-06-18,Monthly,0,Not Churned
CUST07495,2024-01-14,Premium,98,31,USA,36-45,Referral,2,12,1,2026-07-25,Monthly,0,Not Churned
CUST07496,2022-05-24,Basic,38,51,UK,46-55,Organic,0,11,0,2026-08-02,Monthly,0,Not Churned
CUST07497,2022-05-24,Basic,26,51,India,18-25,Referral,5,12,0,2026-06-29,Monthly,0,Not Churned
CUST07498,2025-03-09,Premium,97,17,Canada,36-45,Referral,3,7,1,2026-08-05,Monthly,0,Not Churned
CUST07499,2023-05-19,Basic,28,39,India,26-35,Paid Ads,3,13,0,2026-08-26,Annual,0,Not Churned
CUST07500,2021-08-27,Standard,55,60,India,36-45,Organic,2,13,1,2026-08-09,Monthly,0,Not Churned
CUST07501,2023-04-19,Standard,63,40,UK,18-25,Social Media,3,12,1,2026-08-05,Monthly,0,Not Churned
CUST07502,2022-08-22,Premium,102,48,India,36-45,Paid Ads,3,10,0,2026-08-07,Monthly,0,Not Churned
CUST07503,2025-04-08,Basic,33,16,Germany,18-25,Organic,4,13,0,2026-06-12,Monthly,0,Not Churned
CUST07504,2024-05-13,Basic,31,27,Australia,18-25,Partner,2,13,1,2026-08-10,Monthly,0,Not Churned
CUST07505,2025-04-08,Standard,65,16,UK,36-45,Social Media,0,6,1,2026-08-10,Monthly,0,Not Churned
CUST07506,2022-04-24,Premium,99,52,Canada,36-45,Referral,2,12,1,2026-07-17,Monthly,0,Not Churned
CUST07507,2023-03-20,Standard,63,41,Australia,46-55,Paid Ads,3,11,0,2026-06-30,Monthly,0,Not Churned
CUST07508,2022-11-20,Basic,34,45,India,36-45,Partner,3,12,0,2026-07-14,Monthly,0,Not Churned
CUST07509,2026-04-03,Standard,56,4,Australia,36-45,Social Media,2,19,0,2026-07-04,Monthly,0,Not Churned
CUST07510,2023-02-18,Premium,104,42,India,36-45,Paid Ads,7,10,1,2026-07-12,Annual,0,Not Churned
CUST07511,2022-03-25,Premium,95,53,USA,26-35,Referral,3,11,0,2026-06-04,Annual,0,Not Churned
CUST07512,2024-05-13,Premium,100,27,USA,18-25,Organic,7,12,0,2026-08-05,Monthly,0,Not Churned
CUST07513,2022-02-23,Basic,31,54,UK,26-35,Organic,4,11,0,2026-08-20,Annual,0,Not Churned
CUST07514,2025-11-04,Basic,33,9,India,26-35,Organic,5,13,2,2026-06-23,Monthly,0,Not Churned
CUST07515,2024-07-12,Standard,54,25,India,26-35,Organic,4,8,0,2026-07-14,Monthly,0,Not Churned
CUST07516,2024-08-11,Premium,107,24,UK,46-55,Referral,4,14,0,2026-06-13,Monthly,0,Not Churned
CUST07517,2021-10-26,Basic,38,58,USA,46-55,Organic,1,12,0,2026-07-02,Annual,0,Not Churned
CUST07518,2024-04-13,Basic,29,28,Canada,46-55,Social Media,1,16,0,2026-07-16,Monthly,0,Not Churned
CUST07519,2025-02-07,Standard,60,18,UK,56+,Paid Ads,4,13,1,2026-06-08,Monthly,0,Not Churned
CUST07520,2022-12-20,Basic,38,44,India,26-35,Paid Ads,2,10,0,2026-06-03,Monthly,0,Not Churned
CUST07521,2024-06-12,Basic,36,26,India,26-35,Paid Ads,3,17,0,2026-06-08,Monthly,0,Not Churned
CUST07522,2025-10-05,Standard,62,10,UK,36-45,Paid Ads,3,14,1,2026-08-26,Annual,0,Not Churned
CUST07523,2022-07-23,Standard,65,49,USA,46-55,Paid Ads,3,11,0,2026-07-29,Annual,0,Not Churned
CUST07524,2022-12-20,Standard,56,44,India,26-35,Paid Ads,5,12,0,2026-08-15,Monthly,0,Not Churned
CUST07525,2023-10-16,Basic,25,34,India,36-45,Referral,2,9,1,2026-08-14,Annual,0,Not Churned
CUST07526,2022-10-21,Standard,58,46,India,18-25,Referral,8,23,0,2026-06-12,Annual,0,Not Churned
CUST07527,2023-06-18,Standard,66,38,India,26-35,Referral,2,14,1,2026-06-18,Monthly,1,Competitor
CUST07528,2025-09-05,Standard,68,11,USA,26-35,Referral,1,15,2,2026-07-22,Monthly,0,Not Churned
CUST07529,2025-06-07,Standard,63,14,Canada,26-35,Social Media,3,16,1,2026-08-31,Monthly,0,Not Churned
CUST07530,2022-01-24,Basic,24,55,USA,46-55,Organic,3,11,0,2026-08-07,Monthly,0,Not Churned
CUST07531,2022-10-21,Basic,36,46,Australia,18-25,Partner,3,13,1,2026-07-16,Annual,0,Not Churned
CUST07532,2023-06-18,Basic,29,38,India,56+,Paid Ads,3,15,1,2026-07-11,Monthly,1,Pricing
CUST07533,2026-07-02,Basic,32,1,USA,18-25,Referral,3,12,0,2026-08-17,Monthly,1,Pricing
CUST07534,2025-03-09,Standard,63,17,UK,46-55,Referral,3,9,2,2026-07-28,Monthly,1,Payment Issues
CUST07535,2022-07-23,Premium,108,49,UK,36-45,Referral,3,17,0,2026-06-17,Monthly,0,Not Churned
CUST07536,2025-03-09,Standard,62,17,UK,36-45,Partner,1,14,1,2026-08-10,Monthly,0,Not Churned
CUST07537,2025-10-05,Standard,60,10,Canada,26-35,Organic,1,13,0,2026-07-15,Monthly,0,Not Churned
CUST07538,2024-02-13,Basic,37,30,UK,36-45,Paid Ads,5,8,0,2026-06-06,Monthly,0,Not Churned
CUST07539,2023-02-18,Standard,64,42,India,46-55,Organic,4,14,0,2026-06-29,Monthly,0,Not Churned
CUST07540,2022-10-21,Basic,30,46,UK,18-25,Organic,2,9,0,2026-07-18,Monthly,0,Not Churned
CUST07541,2023-11-15,Basic,38,33,Canada,18-25,Referral,3,9,0,2026-06-27,Monthly,0,Not Churned
CUST07542,2026-06-02,Basic,31,2,Germany,26-35,Organic,1,10,1,2026-07-12,Monthly,1,Pricing
CUST07543,2022-06-23,Standard,63,50,UK,26-35,Social Media,0,12,0,2026-07-15,Monthly,0,Not Churned
CUST07544,2024-12-09,Premium,107,20,UK,18-25,Referral,1,8,3,2026-07-18,Monthly,0,Not Churned
CUST07545,2023-12-15,Basic,25,32,USA,36-45,Paid Ads,4,18,1,2026-06-30,Monthly,0,Not Churned
CUST07546,2026-05-03,Basic,37,3,Australia,26-35,Paid Ads,3,9,0,2026-06-24,Annual,0,Not Churned
CUST07547,2023-08-17,Standard,59,36,Germany,36-45,Organic,2,9,0,2026-07-28,Annual,0,Not Churned
CUST07548,2026-03-04,Basic,28,5,Canada,46-55,Partner,4,10,0,2026-08-31,Monthly,0,Not Churned
CUST07549,2024-12-09,Premium,98,20,UK,36-45,Referral,6,19,0,2026-08-15,Monthly,1,Competitor
CUST07550,2026-05-03,Standard,66,3,India,18-25,Paid Ads,3,10,0,2026-08-10,Monthly,0,Not Churned
CUST07551,2026-05-03,Premium,96,3,Canada,36-45,Organic,4,8,0,2026-08-30,Annual,0,Not Churned
CUST07552,2023-08-17,Standard,56,36,UK,26-35,Paid Ads,1,10,0,2026-07-08,Monthly,0,Not Churned
CUST07553,2026-02-02,Standard,59,6,Canada,26-35,Organic,4,16,1,2026-06-28,Annual,0,Not Churned
CUST07554,2023-05-19,Standard,65,39,India,26-35,Social Media,1,16,0,2026-08-03,Monthly,0,Not Churned
CUST07555,2023-08-17,Standard,63,36,UK,46-55,Referral,2,16,0,2026-06-13,Annual,0,Not Churned
CUST07556,2024-08-11,Standard,66,24,India,36-45,Paid Ads,3,15,0,2026-07-16,Annual,0,Not Churned
CUST07557,2022-09-21,Basic,33,47,Canada,18-25,Social Media,1,9,2,2026-06-05,Annual,0,Not Churned
CUST07558,2023-06-18,Standard,60,38,India,26-35,Organic,4,12,0,2026-07-06,Monthly,0,Not Churned
CUST07559,2023-07-18,Standard,67,37,UK,26-35,Paid Ads,2,10,0,2026-07-12,Annual,0,Not Churned
CUST07560,2025-12-04,Premium,94,8,India,56+,Referral,1,14,1,2026-07-29,Monthly,0,Not Churned
CUST07561,2023-06-18,Standard,67,38,India,56+,Organic,5,12,0,2026-07-19,Monthly,0,Not Churned
CUST07562,2022-07-23,Standard,56,49,UK,26-35,Paid Ads,5,15,0,2026-06-22,Monthly,0,Not Churned
CUST07563,2025-04-08,Basic,35,16,India,26-35,Referral,2,10,0,2026-08-14,Annual,0,Not Churned
CUST07564,2023-01-19,Standard,54,43,UK,36-45,Paid Ads,2,7,0,2026-06-18,Annual,0,Not Churned
CUST07565,2026-07-02,Standard,63,1,Germany,26-35,Paid Ads,4,15,0,2026-08-09,Monthly,0,Not Churned
CUST07566,2025-06-07,Premium,96,14,Germany,26-35,Referral,3,13,0,2026-07-19,Annual,1,Competitor
CUST07567,2022-11-20,Premium,98,45,India,36-45,Paid Ads,2,13,0,2026-06-16,Monthly,0,Not Churned
CUST07568,2025-10-05,Basic,32,10,Canada,26-35,Organic,4,9,0,2026-06-15,Monthly,0,Not Churned
CUST07569,2025-10-05,Premium,96,10,USA,36-45,Organic,5,18,0,2026-08-14,Monthly,0,Not Churned
CUST07570,2024-10-10,Basic,33,22,Australia,26-35,Paid Ads,3,11,0,2026-08-30,Monthly,0,Not Churned
CUST07571,2023-04-19,Basic,37,40,Canada,36-45,Organic,3,7,1,2026-07-18,Monthly,0,Not Churned
CUST07572,2023-03-20,Standard,63,41,India,36-45,Social Media,4,10,0,2026-08-30,Annual,0,Not Churned
CUST07573,2024-01-14,Basic,32,31,USA,36-45,Social Media,3,12,0,2026-06-25,Monthly,0,Not Churned
CUST07574,2026-04-03,Standard,54,4,India,36-45,Paid Ads,4,10,0,2026-06-12,Monthly,0,Not Churned
CUST07575,2023-01-19,Basic,29,43,Canada,26-35,Social Media,2,12,0,2026-06-15,Monthly,0,Not Churned
CUST07576,2024-09-10,Basic,32,23,USA,18-25,Paid Ads,0,16,0,2026-08-10,Annual,0,Not Churned
CUST07577,2023-03-20,Standard,65,41,UK,26-35,Organic,1,9,0,2026-06-13,Annual,0,Not Churned
CUST07578,2025-08-06,Standard,58,12,UK,26-35,Referral,5,15,0,2026-06-30,Annual,0,Not Churned
CUST07579,2022-11-20,Premium,104,45,Germany,18-25,Referral,2,8,0,2026-06-20,Monthly,0,Not Churned
CUST07580,2025-12-04,Standard,67,8,Germany,36-45,Organic,0,16,2,2026-06-14,Monthly,0,Not Churned
CUST07581,2021-08-27,Standard,63,60,USA,26-35,Paid Ads,2,15,1,2026-08-29,Monthly,0,Not Churned
CUST07582,2022-11-20,Basic,25,45,Canada,18-25,Organic,7,6,0,2026-08-28,Monthly,0,Not Churned
CUST07583,2024-08-11,Basic,28,24,Australia,46-55,Paid Ads,0,9,1,2026-07-28,Monthly,0,Not Churned
CUST07584,2026-07-02,Basic,24,1,Australia,36-45,Paid Ads,5,9,2,2026-07-21,Monthly,1,Payment Issues
CUST07585,2024-06-12,Standard,62,26,India,26-35,Referral,2,13,0,2026-08-22,Annual,0,Not Churned
CUST07586,2024-10-10,Standard,63,22,India,26-35,Organic,0,8,2,2026-07-03,Annual,1,Payment Issues
CUST07587,2023-01-19,Standard,66,43,India,26-35,Organic,2,19,0,2026-08-21,Monthly,0,Not Churned
CUST07588,2024-07-12,Standard,63,25,USA,26-35,Paid Ads,4,15,0,2026-06-14,Monthly,0,Not Churned
CUST07589,2024-01-14,Standard,62,31,India,46-55,Social Media,4,12,0,2026-07-27,Monthly,0,Not Churned
CUST07590,2021-12-25,Basic,29,56,USA,26-35,Paid Ads,5,9,0,2026-08-14,Monthly,0,Not Churned
CUST07591,2023-10-16,Basic,34,34,UK,36-45,Paid Ads,1,14,1,2026-08-14,Annual,0,Not Churned
CUST07592,2023-07-18,Premium,102,37,USA,56+,Paid Ads,3,16,0,2026-08-04,Monthly,1,Competitor
CUST07593,2025-09-05,Standard,67,11,UK,36-45,Social Media,6,10,0,2026-08-23,Annual,0,Not Churned
CUST07594,2026-04-03,Premium,96,4,India,26-35,Paid Ads,2,8,2,2026-08-01,Monthly,1,Payment Issues
CUST07595,2025-12-04,Basic,38,8,Australia,36-45,Organic,4,13,0,2026-06-12,Monthly,0,Not Churned
CUST07596,2021-11-25,Premium,97,57,Germany,46-55,Organic,4,12,0,2026-06-08,Monthly,0,Not Churned
CUST07597,2022-12-20,Basic,36,44,UK,36-45,Organic,1,8,0,2026-07-13,Monthly,0,Not Churned
CUST07598,2023-09-16,Basic,29,35,Australia,46-55,Paid Ads,3,11,1,2026-06-12,Monthly,0,Not Churned
CUST07599,2024-07-12,Premium,97,25,India,36-45,Organic,3,13,0,2026-06-27,Monthly,0,Not Churned
CUST07600,2024-01-14,Basic,24,31,Canada,46-55,Organic,1,13,1,2026-08-21,Monthly,0,Not Churned
CUST07601,2022-07-23,Standard,60,49,India,56+,Referral,1,10,0,2026-08-09,Monthly,0,Not Churned
CUST07602,2024-09-10,Basic,28,23,USA,36-45,Paid Ads,2,10,0,2026-06-09,Annual,0,Not Churned
CUST07603,2023-04-19,Standard,67,40,India,36-45,Referral,2,10,0,2026-06-10,Monthly,0,Not Churned
CUST07604,2023-06-18,Premium,108,38,USA,36-45,Paid Ads,1,13,1,2026-06-17,Monthly,0,Not Churned
CUST07605,2026-04-03,Basic,31,4,India,36-45,Partner,4,16,0,2026-08-28,Monthly,1,Pricing
CUST07606,2023-08-17,Standard,62,36,UK,46-55,Partner,2,14,0,2026-06-10,Monthly,0,Not Churned
CUST07607,2026-01-03,Basic,28,7,USA,18-25,Social Media,5,8,1,2026-06-07,Monthly,0,Not Churned
CUST07608,2025-10-05,Standard,61,10,Australia,36-45,Partner,4,15,0,2026-08-16,Monthly,0,Not Churned
CUST07609,2026-02-02,Basic,36,6,UK,36-45,Organic,3,19,0,2026-08-20,Annual,0,Not Churned
CUST07610,2024-01-14,Basic,24,31,India,36-45,Social Media,2,13,0,2026-07-19,Annual,0,Not Churned
CUST07611,2026-04-03,Basic,24,4,India,36-45,Paid Ads,4,12,0,2026-07-20,Monthly,0,Not Churned
CUST07612,2024-11-09,Basic,30,21,Australia,18-25,Referral,2,18,1,2026-07-23,Monthly,0,Not Churned
CUST07613,2023-02-18,Premium,108,42,USA,26-35,Paid Ads,2,21,1,2026-06-10,Monthly,0,Not Churned
CUST07614,2024-12-09,Basic,29,20,USA,46-55,Organic,2,11,0,2026-07-17,Monthly,0,Not Churned
CUST07615,2025-03-09,Basic,28,17,UK,46-55,Partner,2,15,0,2026-07-22,Annual,0,Not Churned
CUST07616,2022-04-24,Standard,67,52,India,26-35,Organic,4,10,0,2026-07-13,Monthly,0,Not Churned
CUST07617,2026-02-02,Basic,38,6,India,36-45,Social Media,4,12,0,2026-08-25,Monthly,0,Not Churned
CUST07618,2025-09-05,Standard,58,11,USA,46-55,Referral,1,20,1,2026-07-20,Monthly,0,Not Churned
CUST07619,2025-02-07,Premium,107,18,India,36-45,Paid Ads,3,9,0,2026-06-27,Annual,0,Not Churned
CUST07620,2022-01-24,Standard,62,55,India,36-45,Paid Ads,3,18,0,2026-08-14,Monthly,0,Not Churned
CUST07621,2025-11-04,Premium,94,9,India,18-25,Organic,2,11,0,2026-08-18,Annual,0,Not Churned
CUST07622,2025-08-06,Standard,61,12,India,36-45,Partner,2,13,1,2026-08-28,Monthly,0,Not Churned
CUST07623,2024-01-14,Basic,25,31,India,36-45,Partner,6,6,0,2026-08-14,Annual,1,Pricing
CUST07624,2024-01-14,Standard,60,31,Germany,36-45,Referral,0,10,0,2026-06-10,Monthly,0,Not Churned
CUST07625,2023-01-19,Standard,59,43,USA,36-45,Social Media,3,14,2,2026-07-07,Annual,0,Not Churned
CUST07626,2021-10-26,Standard,63,58,Canada,26-35,Organic,2,14,1,2026-07-29,Annual,0,Not Churned
CUST07627,2022-06-23,Premium,95,50,India,56+,Paid Ads,2,18,0,2026-06-14,Monthly,0,Not Churned
CUST07628,2022-01-24,Standard,65,55,India,36-45,Paid Ads,1,12,0,2026-08-20,Monthly,1,Competitor
CUST07629,2023-10-16,Premium,106,34,Canada,36-45,Referral,2,14,0,2026-06-09,Monthly,1,Competitor
CUST07630,2025-04-08,Standard,56,16,UK,46-55,Organic,2,16,0,2026-06-02,Monthly,0,Not Churned
CUST07631,2023-03-20,Standard,57,41,India,46-55,Referral,3,12,0,2026-06-06,Monthly,0,Not Churned
CUST07632,2022-08-22,Standard,60,48,USA,46-55,Referral,4,8,0,2026-08-06,Annual,0,Not Churned
CUST07633,2025-08-06,Basic,31,12,USA,36-45,Organic,2,10,1,2026-06-27,Annual,0,Not Churned
CUST07634,2022-07-23,Premium,106,49,Australia,36-45,Organic,2,15,0,2026-08-29,Monthly,0,Not Churned
CUST07635,2025-07-07,Standard,64,13,India,26-35,Organic,4,13,0,2026-06-08,Monthly,1,Competitor
CUST07636,2023-08-17,Basic,25,36,USA,26-35,Social Media,7,10,0,2026-07-26,Monthly,0,Not Churned
CUST07637,2025-07-07,Basic,31,13,UK,36-45,Paid Ads,2,10,0,2026-07-08,Monthly,0,Not Churned
CUST07638,2022-12-20,Standard,64,44,Germany,36-45,Organic,2,10,1,2026-08-13,Monthly,0,Not Churned
CUST07639,2026-06-02,Basic,32,2,Canada,26-35,Social Media,2,11,0,2026-07-27,Annual,0,Not Churned
CUST07640,2022-07-23,Basic,30,49,India,46-55,Organic,1,8,1,2026-07-07,Annual,0,Not Churned
CUST07641,2025-05-08,Standard,54,15,UK,36-45,Paid Ads,4,13,0,2026-07-13,Annual,0,Not Churned
CUST07642,2025-07-07,Basic,29,13,Canada,36-45,Referral,4,14,2,2026-06-27,Monthly,0,Not Churned
CUST07643,2023-10-16,Standard,61,34,Canada,26-35,Referral,2,19,0,2026-08-18,Monthly,0,Not Churned
CUST07644,2024-06-12,Basic,28,26,Australia,18-25,Referral,5,12,0,2026-06-06,Monthly,0,Not Churned
CUST07645,2026-02-02,Basic,35,6,Australia,46-55,Organic,5,7,0,2026-07-13,Monthly,0,Not Churned
CUST07646,2024-11-09,Standard,68,21,India,26-35,Organic,3,5,0,2026-07-12,Monthly,0,Not Churned
CUST07647,2022-12-20,Standard,55,44,India,36-45,Referral,3,11,0,2026-06-28,Monthly,0,Not Churned
CUST07648,2023-11-15,Basic,38,33,Canada,36-45,Organic,4,11,1,2026-08-29,Monthly,0,Not Churned
CUST07649,2025-05-08,Basic,28,15,India,36-45,Social Media,2,14,0,2026-07-12,Monthly,0,Not Churned
CUST07650,2023-09-16,Standard,61,35,India,36-45,Paid Ads,2,10,1,2026-08-16,Monthly,0,Not Churned
CUST07651,2024-04-13,Basic,25,28,USA,26-35,Paid Ads,3,15,0,2026-07-30,Monthly,0,Not Churned
CUST07652,2023-02-18,Basic,24,42,Canada,26-35,Organic,2,9,0,2026-06-11,Monthly,0,Not Churned
CUST07653,2026-02-02,Basic,38,6,India,36-45,Social Media,1,11,0,2026-07-19,Annual,0,Not Churned
CUST07654,2023-07-18,Premium,97,37,UK,36-45,Referral,0,17,0,2026-06-04,Monthly,1,Competitor
CUST07655,2022-02-23,Standard,57,54,India,26-35,Paid Ads,2,14,2,2026-07-02,Monthly,0,Not Churned
CUST07656,2023-04-19,Standard,62,40,India,26-35,Referral,3,7,1,2026-06-03,Annual,0,Not Churned
CUST07657,2026-02-02,Standard,56,6,USA,18-25,Paid Ads,2,16,0,2026-07-13,Monthly,0,Not Churned
CUST07658,2025-09-05,Standard,57,11,India,36-45,Paid Ads,2,14,0,2026-07-21,Annual,0,Not Churned
CUST07659,2025-06-07,Standard,56,14,Australia,26-35,Paid Ads,3,6,0,2026-06-05,Monthly,0,Not Churned
CUST07660,2024-11-09,Standard,55,21,Australia,18-25,Paid Ads,3,10,0,2026-07-29,Monthly,0,Not Churned
CUST07661,2021-09-26,Basic,27,59,Canada,36-45,Paid Ads,2,7,0,2026-07-07,Monthly,1,Pricing
CUST07662,2024-12-09,Standard,67,20,India,26-35,Organic,6,8,0,2026-07-16,Monthly,0,Not Churned
CUST07663,2026-03-04,Standard,61,5,USA,36-45,Organic,4,11,1,2026-08-13,Annual,1,Competitor
CUST07664,2022-11-20,Standard,54,45,India,26-35,Organic,4,14,1,2026-06-27,Monthly,0,Not Churned
CUST07665,2021-09-26,Basic,31,59,India,46-55,Organic,5,15,1,2026-07-26,Annual,0,Not Churned
CUST07666,2025-11-04,Basic,31,9,USA,26-35,Social Media,6,10,0,2026-08-18,Monthly,0,Not Churned
CUST07667,2024-02-13,Standard,68,30,Canada,26-35,Referral,2,21,0,2026-08-23,Annual,0,Not Churned
CUST07668,2023-02-18,Standard,56,42,India,56+,Partner,3,13,0,2026-08-13,Monthly,0,Not Churned
CUST07669,2023-01-19,Premium,107,43,India,26-35,Paid Ads,2,15,0,2026-06-11,Monthly,0,Not Churned
CUST07670,2023-06-18,Basic,33,38,Germany,36-45,Paid Ads,3,8,1,2026-07-20,Monthly,0,Not Churned
CUST07671,2022-03-25,Standard,63,53,USA,26-35,Referral,4,10,0,2026-07-24,Monthly,0,Not Churned
CUST07672,2021-09-26,Standard,65,59,Germany,18-25,Referral,6,9,1,2026-07-09,Monthly,0,Not Churned
CUST07673,2024-05-13,Premium,105,27,Germany,36-45,Paid Ads,4,13,0,2026-07-13,Annual,0,Not Churned
CUST07674,2021-12-25,Standard,59,56,USA,46-55,Referral,3,8,1,2026-07-19,Monthly,0,Not Churned
CUST07675,2026-03-04,Standard,66,5,India,26-35,Referral,0,17,0,2026-07-17,Monthly,0,Not Churned
CUST07676,2026-03-04,Standard,66,5,Canada,36-45,Social Media,3,11,0,2026-06-09,Monthly,0,Not Churned
CUST07677,2022-08-22,Standard,57,48,India,36-45,Referral,4,13,0,2026-07-17,Monthly,0,Not Churned
CUST07678,2021-12-25,Premium,106,56,India,26-35,Partner,5,9,0,2026-06-12,Monthly,0,Not Churned
CUST07679,2021-11-25,Basic,24,57,Canada,36-45,Partner,5,6,0,2026-07-25,Monthly,0,Not Churned
CUST07680,2023-04-19,Basic,37,40,USA,26-35,Paid Ads,3,13,1,2026-08-07,Monthly,0,Not Churned
CUST07681,2025-05-08,Premium,94,15,India,26-35,Organic,4,10,0,2026-07-20,Monthly,1,Competitor
CUST07682,2022-09-21,Standard,58,47,UK,26-35,Organic,3,10,0,2026-08-25,Monthly,0,Not Churned
CUST07683,2025-11-04,Standard,65,9,Canada,46-55,Organic,5,11,0,2026-07-31,Annual,1,Competitor
CUST07684,2022-09-21,Standard,61,47,India,26-35,Organic,3,16,0,2026-07-07,Monthly,0,Not Churned
CUST07685,2024-07-12,Basic,24,25,India,36-45,Paid Ads,4,10,0,2026-06-15,Monthly,0,Not Churned
CUST07686,2025-12-04,Standard,55,8,India,26-35,Organic,3,8,0,2026-07-27,Annual,0,Not Churned
CUST07687,2025-06-07,Standard,60,14,USA,26-35,Referral,7,9,2,2026-08-21,Monthly,1,Payment Issues
CUST07688,2023-05-19,Basic,31,39,Canada,36-45,Organic,4,14,1,2026-07-30,Monthly,0,Not Churned
CUST07689,2023-12-15,Basic,35,32,UK,36-45,Paid Ads,9,13,2,2026-07-13,Monthly,0,Not Churned
CUST07690,2024-01-14,Premium,107,31,UK,26-35,Organic,3,10,1,2026-08-16,Annual,0,Not Churned
CUST07691,2024-09-10,Basic,26,23,India,26-35,Social Media,2,8,1,2026-06-26,Monthly,1,Pricing
CUST07692,2022-12-20,Premium,104,44,India,46-55,Social Media,4,17,1,2026-06-02,Monthly,0,Not Churned
CUST07693,2026-07-02,Basic,35,1,India,18-25,Paid Ads,0,13,1,2026-07-21,Monthly,0,Not Churned
CUST07694,2022-09-21,Standard,66,47,India,36-45,Partner,2,15,0,2026-08-22,Monthly,0,Not Churned
CUST07695,2024-01-14,Premium,101,31,India,36-45,Organic,3,6,0,2026-08-25,Annual,0,Not Churned
CUST07696,2026-01-03,Standard,54,7,USA,36-45,Social Media,2,12,0,2026-07-05,Monthly,0,Not Churned
CUST07697,2025-05-08,Standard,62,15,India,46-55,Paid Ads,3,13,0,2026-07-16,Monthly,1,Competitor
CUST07698,2023-02-18,Standard,65,42,Canada,36-45,Paid Ads,3,11,0,2026-07-03,Monthly,0,Not Churned
CUST07699,2026-02-02,Basic,25,6,Canada,26-35,Organic,1,8,1,2026-08-12,Annual,0,Not Churned
CUST07700,2025-04-08,Basic,37,16,USA,26-35,Organic,6,9,1,2026-08-27,Annual,0,Not Churned
CUST07701,2025-06-07,Premium,106,14,India,26-35,Social Media,2,10,0,2026-06-09,Monthly,0,Not Churned
CUST07702,2022-12-20,Standard,55,44,Australia,18-25,Referral,4,13,0,2026-07-01,Annual,0,Not Churned
CUST07703,2025-03-09,Standard,57,17,Germany,46-55,Organic,3,14,0,2026-06-19,Monthly,0,Not Churned
CUST07704,2025-10-05,Basic,35,10,India,18-25,Paid Ads,3,19,0,2026-06-24,Annual,0,Not Churned
CUST07705,2024-03-14,Basic,33,29,UK,36-45,Organic,3,14,1,2026-07-25,Monthly,0,Not Churned
CUST07706,2023-02-18,Basic,26,42,Australia,36-45,Organic,1,8,1,2026-08-28,Annual,0,Not Churned
CUST07707,2025-12-04,Standard,57,8,USA,46-55,Partner,6,14,1,2026-07-07,Monthly,0,Not Churned
CUST07708,2021-11-25,Standard,59,57,India,36-45,Paid Ads,4,9,0,2026-08-15,Annual,0,Not Churned
CUST07709,2025-09-05,Standard,60,11,USA,36-45,Paid Ads,0,8,0,2026-07-21,Annual,0,Not Churned
CUST07710,2021-09-26,Premium,98,59,USA,26-35,Partner,4,14,2,2026-07-03,Annual,0,Not Churned
CUST07711,2025-02-07,Basic,25,18,USA,36-45,Paid Ads,2,5,0,2026-08-06,Annual,0,Not Churned
CUST07712,2022-11-20,Basic,26,45,Germany,26-35,Paid Ads,2,14,1,2026-06-12,Monthly,0,Not Churned
CUST07713,2024-12-09,Basic,33,20,Canada,46-55,Organic,3,12,0,2026-07-17,Monthly,0,Not Churned
CUST07714,2025-04-08,Standard,64,16,India,26-35,Referral,3,14,1,2026-08-02,Monthly,0,Not Churned
CUST07715,2024-05-13,Basic,26,27,USA,26-35,Referral,2,9,0,2026-08-27,Monthly,0,Not Churned
CUST07716,2024-09-10,Premium,107,23,UK,26-35,Organic,2,8,1,2026-06-20,Monthly,0,Not Churned
CUST07717,2025-06-07,Basic,28,14,India,36-45,Referral,4,9,0,2026-08-16,Monthly,0,Not Churned
CUST07718,2025-08-06,Premium,105,12,USA,36-45,Social Media,7,10,1,2026-07-01,Monthly,0,Not Churned
CUST07719,2022-11-20,Standard,64,45,Australia,26-35,Referral,2,13,0,2026-07-23,Monthly,0,Not Churned
CUST07720,2024-05-13,Premium,105,27,USA,18-25,Social Media,2,14,1,2026-08-10,Annual,0,Not Churned
CUST07721,2025-07-07,Standard,58,13,India,26-35,Organic,4,9,0,2026-08-19,Annual,0,Not Churned
CUST07722,2025-04-08,Premium,97,16,India,26-35,Organic,4,8,0,2026-08-30,Monthly,0,Not Churned
CUST07723,2023-11-15,Basic,31,33,USA,36-45,Referral,0,11,0,2026-07-01,Annual,0,Not Churned
CUST07724,2024-08-11,Standard,59,24,USA,26-35,Organic,1,8,1,2026-07-10,Annual,0,Not Churned
CUST07725,2025-08-06,Premium,99,12,India,36-45,Organic,3,12,0,2026-08-19,Monthly,1,Competitor
CUST07726,2025-11-04,Basic,24,9,UK,26-35,Organic,3,11,1,2026-07-03,Monthly,0,Not Churned
CUST07727,2025-07-07,Basic,29,13,India,46-55,Social Media,3,4,0,2026-06-08,Monthly,0,Not Churned
CUST07728,2022-11-20,Standard,56,45,India,26-35,Organic,1,14,0,2026-07-14,Monthly,0,Not Churned
CUST07729,2025-12-04,Premium,106,8,USA,36-45,Organic,6,11,0,2026-07-24,Monthly,0,Not Churned
CUST07730,2022-06-23,Standard,59,50,India,36-45,Organic,3,11,0,2026-06-07,Monthly,0,Not Churned
CUST07731,2021-12-25,Standard,63,56,Australia,26-35,Social Media,2,13,1,2026-07-21,Monthly,0,Not Churned
CUST07732,2021-12-25,Basic,36,56,India,26-35,Paid Ads,3,14,2,2026-06-04,Monthly,1,Payment Issues
CUST07733,2025-02-07,Basic,34,18,UK,26-35,Organic,3,15,0,2026-07-10,Monthly,0,Not Churned
CUST07734,2024-05-13,Premium,106,27,USA,26-35,Social Media,1,10,1,2026-08-29,Annual,0,Not Churned
CUST07735,2023-03-20,Basic,29,41,USA,26-35,Social Media,3,12,1,2026-06-05,Monthly,0,Not Churned
CUST07736,2023-11-15,Standard,55,33,Canada,26-35,Paid Ads,2,20,2,2026-08-14,Annual,0,Not Churned
CUST07737,2026-01-03,Premium,94,7,USA,26-35,Organic,5,10,1,2026-06-02,Monthly,0,Not Churned
CUST07738,2025-07-07,Basic,34,13,Canada,26-35,Referral,2,8,0,2026-07-26,Monthly,0,Not Churned
CUST07739,2025-05-08,Standard,68,15,USA,26-35,Partner,1,12,1,2026-07-27,Annual,0,Not Churned
CUST07740,2023-10-16,Basic,26,34,USA,18-25,Organic,2,12,1,2026-07-15,Monthly,0,Not Churned
CUST07741,2021-12-25,Standard,58,56,Canada,18-25,Organic,3,12,0,2026-06-03,Monthly,0,Not Churned
CUST07742,2023-04-19,Basic,38,40,UK,36-45,Organic,2,14,1,2026-08-01,Annual,0,Not Churned
CUST07743,2024-12-09,Standard,68,20,UK,36-45,Referral,1,10,0,2026-06-13,Monthly,1,Competitor
CUST07744,2021-12-25,Basic,27,56,Canada,46-55,Referral,3,10,0,2026-06-19,Monthly,0,Not Churned
CUST07745,2023-07-18,Standard,60,37,Germany,18-25,Organic,1,13,1,2026-08-31,Monthly,0,Not Churned
CUST07746,2023-03-20,Standard,57,41,USA,18-25,Organic,3,15,0,2026-07-06,Annual,0,Not Churned
CUST07747,2025-03-09,Basic,31,17,USA,18-25,Partner,5,17,0,2026-06-20,Monthly,0,Not Churned
CUST07748,2024-03-14,Standard,60,29,India,36-45,Social Media,3,16,3,2026-07-04,Monthly,1,Payment Issues
CUST07749,2024-11-09,Basic,33,21,USA,36-45,Partner,3,18,0,2026-07-26,Annual,0,Not Churned
CUST07750,2025-06-07,Standard,62,14,USA,26-35,Social Media,2,6,1,2026-08-18,Monthly,0,Not Churned
CUST07751,2024-03-14,Basic,24,29,Australia,36-45,Paid Ads,2,11,0,2026-08-30,Annual,0,Not Churned
CUST07752,2023-03-20,Standard,68,41,USA,36-45,Organic,4,15,0,2026-08-29,Monthly,1,Competitor
CUST07753,2022-09-21,Basic,28,47,Canada,56+,Referral,3,9,1,2026-07-13,Monthly,0,Not Churned
CUST07754,2024-10-10,Standard,66,22,India,18-25,Paid Ads,4,8,0,2026-08-05,Monthly,0,Not Churned
CUST07755,2022-04-24,Basic,27,52,USA,18-25,Paid Ads,1,13,1,2026-08-26,Monthly,0,Not Churned
CUST07756,2023-11-15,Standard,59,33,Australia,26-35,Paid Ads,3,9,0,2026-07-26,Monthly,0,Not Churned
CUST07757,2025-07-07,Basic,24,13,India,18-25,Partner,1,13,2,2026-08-19,Monthly,1,Payment Issues
CUST07758,2023-02-18,Premium,99,42,India,46-55,Organic,2,14,1,2026-08-16,Monthly,0,Not Churned
CUST07759,2024-01-14,Premium,94,31,USA,26-35,Organic,0,7,0,2026-07-10,Monthly,0,Not Churned
CUST07760,2025-08-06,Basic,37,12,UK,36-45,Referral,3,21,0,2026-08-31,Annual,0,Not Churned
CUST07761,2023-12-15,Standard,67,32,USA,26-35,Social Media,3,14,0,2026-06-05,Monthly,1,Competitor
CUST07762,2022-10-21,Basic,24,46,USA,26-35,Partner,2,8,1,2026-07-20,Monthly,0,Not Churned
CUST07763,2026-02-02,Basic,31,6,UK,26-35,Referral,2,9,0,2026-08-04,Monthly,0,Not Churned
CUST07764,2025-09-05,Standard,55,11,India,26-35,Organic,7,17,0,2026-06-18,Annual,0,Not Churned
CUST07765,2024-09-10,Standard,63,23,Canada,36-45,Paid Ads,5,14,0,2026-08-09,Annual,0,Not Churned
CUST07766,2026-01-03,Standard,66,7,India,56+,Partner,0,11,0,2026-07-16,Annual,0,Not Churned
CUST07767,2021-11-25,Basic,37,57,USA,36-45,Paid Ads,5,4,1,2026-06-14,Annual,0,Not Churned
CUST07768,2024-12-09,Basic,29,20,UK,36-45,Referral,4,10,0,2026-08-09,Annual,0,Not Churned
CUST07769,2026-04-03,Basic,37,4,Australia,18-25,Organic,3,11,0,2026-07-09,Annual,0,Not Churned
CUST07770,2024-11-09,Standard,59,21,Canada,46-55,Organic,2,12,0,2026-07-07,Monthly,0,Not Churned
CUST07771,2022-12-20,Standard,59,44,Canada,18-25,Referral,1,11,1,2026-06-15,Annual,0,Not Churned
CUST07772,2024-02-13,Standard,61,30,USA,46-55,Social Media,3,13,0,2026-08-15,Monthly,0,Not Churned
CUST07773,2024-07-12,Basic,27,25,India,36-45,Partner,7,18,0,2026-07-05,Monthly,0,Not Churned
CUST07774,2024-01-14,Basic,26,31,India,26-35,Social Media,5,15,1,2026-06-30,Monthly,0,Not Churned
CUST07775,2026-06-02,Basic,29,2,Australia,26-35,Referral,3,15,0,2026-08-17,Monthly,0,Not Churned
CUST07776,2024-12-09,Basic,27,20,Australia,56+,Referral,3,9,0,2026-06-19,Monthly,0,Not Churned
CUST07777,2022-10-21,Basic,25,46,Germany,26-35,Social Media,1,8,1,2026-06-29,Monthly,0,Not Churned
CUST07778,2023-03-20,Premium,99,41,India,26-35,Organic,2,10,0,2026-08-09,Monthly,0,Not Churned
CUST07779,2022-02-23,Premium,103,54,USA,18-25,Partner,6,10,0,2026-07-20,Monthly,0,Not Churned
CUST07780,2025-06-07,Standard,58,14,UK,36-45,Paid Ads,3,13,0,2026-06-17,Annual,0,Not Churned
CUST07781,2023-06-18,Standard,64,38,UK,18-25,Partner,3,17,0,2026-08-23,Monthly,0,Not Churned
CUST07782,2024-09-10,Basic,32,23,UK,36-45,Social Media,2,13,1,2026-07-19,Monthly,0,Not Churned
CUST07783,2026-03-04,Premium,104,5,Canada,46-55,Organic,2,14,0,2026-07-03,Monthly,1,Competitor
CUST07784,2022-04-24,Basic,29,52,USA,46-55,Organic,1,17,0,2026-08-05,Annual,0,Not Churned
CUST07785,2021-09-26,Premium,107,59,India,18-25,Paid Ads,6,13,0,2026-06-08,Annual,0,Not Churned
CUST07786,2025-01-08,Standard,56,19,India,36-45,Organic,3,8,0,2026-07-01,Annual,0,Not Churned
CUST07787,2022-06-23,Basic,34,50,India,18-25,Paid Ads,7,11,0,2026-07-19,Monthly,0,Not Churned
CUST07788,2026-01-03,Premium,98,7,USA,36-45,Referral,5,18,0,2026-07-17,Monthly,0,Not Churned
CUST07789,2024-11-09,Basic,38,21,India,46-55,Paid Ads,4,7,0,2026-06-04,Annual,0,Not Churned
CUST07790,2023-11-15,Standard,63,33,India,36-45,Organic,1,17,0,2026-06-19,Monthly,0,Not Churned
CUST07791,2024-12-09,Standard,61,20,UK,46-55,Partner,3,7,1,2026-08-18,Monthly,0,Not Churned
CUST07792,2025-11-04,Basic,32,9,Australia,46-55,Paid Ads,5,13,0,2026-08-19,Monthly,0,Not Churned
CUST07793,2024-01-14,Standard,61,31,Australia,26-35,Social Media,3,11,1,2026-08-11,Annual,0,Not Churned
CUST07794,2025-12-04,Standard,68,8,India,36-45,Organic,1,11,0,2026-07-19,Monthly,1,Competitor
CUST07795,2025-09-05,Standard,56,11,India,18-25,Social Media,2,6,0,2026-08-29,Annual,0,Not Churned
CUST07796,2026-01-03,Basic,32,7,India,26-35,Organic,4,10,1,2026-06-14,Monthly,0,Not Churned
CUST07797,2024-11-09,Premium,96,21,Germany,26-35,Referral,0,14,1,2026-08-26,Annual,0,Not Churned
CUST07798,2022-07-23,Basic,31,49,USA,46-55,Referral,2,11,0,2026-08-28,Monthly,0,Not Churned
CUST07799,2024-04-13,Basic,33,28,India,26-35,Partner,5,12,0,2026-06-14,Monthly,0,Not Churned
CUST07800,2022-03-25,Basic,32,53,Australia,36-45,Paid Ads,3,12,0,2026-06-21,Monthly,0,Not Churned
CUST07801,2025-05-08,Basic,30,15,USA,36-45,Organic,4,9,0,2026-08-16,Monthly,1,Pricing
CUST07802,2025-12-04,Basic,27,8,Australia,36-45,Social Media,3,9,2,2026-06-29,Annual,0,Not Churned
CUST07803,2022-04-24,Premium,103,52,India,36-45,Paid Ads,3,9,0,2026-06-18,Annual,0,Not Churned
CUST07804,2025-08-06,Basic,38,12,USA,26-35,Organic,1,16,0,2026-08-16,Monthly,1,Pricing
CUST07805,2026-03-04,Basic,32,5,USA,36-45,Paid Ads,1,13,1,2026-08-13,Monthly,0,Not Churned
CUST07806,2025-12-04,Basic,26,8,Australia,36-45,Organic,2,13,3,2026-06-10,Monthly,0,Not Churned
CUST07807,2023-07-18,Standard,68,37,Australia,36-45,Organic,2,16,0,2026-07-15,Annual,0,Not Churned
CUST07808,2025-06-07,Premium,96,14,USA,18-25,Paid Ads,5,10,0,2026-08-29,Annual,0,Not Churned
CUST07809,2026-04-03,Basic,25,4,India,26-35,Organic,3,9,0,2026-08-19,Monthly,0,Not Churned
CUST07810,2024-05-13,Basic,33,27,USA,46-55,Paid Ads,0,14,0,2026-07-22,Annual,0,Not Churned
CUST07811,2025-05-08,Basic,38,15,Germany,26-35,Paid Ads,6,14,0,2026-08-25,Monthly,0,Not Churned
CUST07812,2024-12-09,Basic,26,20,UK,26-35,Social Media,5,9,1,2026-07-05,Monthly,0,Not Churned
CUST07813,2024-10-10,Basic,24,22,Canada,26-35,Partner,2,9,0,2026-08-27,Monthly,1,Pricing
CUST07814,2023-02-18,Standard,68,42,USA,18-25,Organic,5,8,1,2026-08-25,Annual,0,Not Churned
CUST07815,2022-07-23,Basic,27,49,USA,26-35,Social Media,2,9,0,2026-07-21,Monthly,0,Not Churned
CUST07816,2023-08-17,Standard,61,36,USA,36-45,Partner,3,7,1,2026-07-14,Monthly,1,Competitor
CUST07817,2024-02-13,Basic,28,30,UK,46-55,Referral,2,15,2,2026-06-14,Monthly,0,Not Churned
CUST07818,2023-11-15,Premium,95,33,Australia,26-35,Partner,2,20,1,2026-08-04,Monthly,0,Not Churned
CUST07819,2024-04-13,Premium,96,28,USA,26-35,Paid Ads,4,17,1,2026-08-17,Annual,0,Not Churned
CUST07820,2023-06-18,Standard,54,38,USA,36-45,Social Media,5,15,1,2026-06-28,Monthly,0,Not Churned
CUST07821,2023-04-19,Basic,25,40,India,26-35,Referral,4,12,0,2026-08-13,Monthly,0,Not Churned
CUST07822,2026-04-03,Basic,24,4,India,46-55,Paid Ads,2,18,0,2026-07-18,Annual,1,Pricing
CUST07823,2021-12-25,Standard,55,56,Germany,26-35,Referral,0,11,1,2026-06-16,Monthly,0,Not Churned
CUST07824,2025-06-07,Standard,56,14,India,26-35,Paid Ads,3,9,1,2026-06-16,Annual,0,Not Churned
CUST07825,2026-06-02,Standard,54,2,Canada,36-45,Organic,2,11,0,2026-08-23,Annual,0,Not Churned
CUST07826,2023-07-18,Premium,104,37,UK,36-45,Organic,5,7,0,2026-06-21,Monthly,0,Not Churned
CUST07827,2022-09-21,Premium,102,47,Canada,36-45,Referral,1,11,1,2026-06-23,Monthly,0,Not Churned
CUST07828,2025-01-08,Basic,33,19,Germany,26-35,Referral,5,6,0,2026-06-08,Monthly,0,Not Churned
CUST07829,2025-06-07,Standard,58,14,UK,18-25,Paid Ads,4,7,1,2026-08-22,Monthly,0,Not Churned
CUST07830,2026-01-03,Basic,31,7,Australia,46-55,Paid Ads,0,11,0,2026-06-07,Annual,0,Not Churned
CUST07831,2025-11-04,Basic,28,9,India,46-55,Organic,3,12,1,2026-07-26,Annual,0,Not Churned
CUST07832,2023-11-15,Standard,61,33,UK,18-25,Paid Ads,1,13,0,2026-06-30,Annual,0,Not Churned
CUST07833,2024-08-11,Basic,30,24,Canada,46-55,Social Media,2,11,0,2026-07-12,Annual,0,Not Churned
CUST07834,2022-04-24,Premium,105,52,India,36-45,Social Media,3,16,0,2026-08-24,Monthly,0,Not Churned
CUST07835,2023-02-18,Basic,27,42,Canada,36-45,Referral,4,15,1,2026-08-26,Annual,0,Not Churned
CUST07836,2023-01-19,Standard,68,43,Canada,18-25,Partner,0,11,0,2026-06-08,Annual,0,Not Churned
CUST07837,2024-11-09,Standard,60,21,Australia,36-45,Social Media,5,9,0,2026-07-08,Annual,0,Not Churned
CUST07838,2022-12-20,Standard,59,44,India,26-35,Organic,7,10,1,2026-06-03,Monthly,0,Not Churned
CUST07839,2026-07-02,Basic,26,1,UK,36-45,Paid Ads,5,15,1,2026-06-30,Monthly,0,Not Churned
CUST07840,2024-11-09,Premium,102,21,India,18-25,Organic,2,10,0,2026-08-12,Monthly,0,Not Churned
CUST07841,2021-11-25,Standard,65,57,Canada,36-45,Paid Ads,5,10,0,2026-07-31,Annual,0,Not Churned
CUST07842,2023-04-19,Standard,63,40,USA,18-25,Social Media,1,9,1,2026-07-04,Monthly,0,Not Churned
CUST07843,2024-08-11,Basic,38,24,USA,26-35,Organic,8,10,1,2026-08-29,Monthly,0,Not Churned
CUST07844,2023-06-18,Standard,66,38,USA,26-35,Social Media,2,12,0,2026-07-26,Monthly,0,Not Churned
CUST07845,2022-12-20,Premium,102,44,India,26-35,Referral,6,10,1,2026-06-12,Monthly,0,Not Churned
CUST07846,2023-03-20,Standard,67,41,India,26-35,Referral,2,15,0,2026-06-17,Monthly,0,Not Churned
CUST07847,2026-04-03,Premium,98,4,India,26-35,Organic,1,8,0,2026-07-15,Annual,0,Not Churned
CUST07848,2026-02-02,Standard,61,6,UK,56+,Organic,2,15,1,2026-06-13,Annual,0,Not Churned
CUST07849,2026-05-03,Basic,30,3,Australia,36-45,Referral,1,13,0,2026-07-16,Monthly,0,Not Churned
CUST07850,2023-10-16,Basic,32,34,India,36-45,Social Media,1,9,0,2026-08-16,Monthly,0,Not Churned
CUST07851,2024-07-12,Basic,30,25,India,26-35,Social Media,0,9,1,2026-07-18,Monthly,0,Not Churned
CUST07852,2022-03-25,Standard,57,53,USA,26-35,Referral,2,18,1,2026-08-21,Annual,0,Not Churned
CUST07853,2024-05-13,Standard,57,27,Canada,18-25,Organic,2,19,0,2026-06-21,Annual,0,Not Churned
CUST07854,2025-02-07,Basic,34,18,India,36-45,Organic,3,13,0,2026-08-14,Annual,0,Not Churned
CUST07855,2026-03-04,Standard,61,5,India,26-35,Social Media,2,8,1,2026-07-05,Monthly,0,Not Churned
CUST07856,2022-02-23,Standard,59,54,India,36-45,Organic,6,7,1,2026-07-09,Monthly,0,Not Churned
CUST07857,2024-08-11,Standard,62,24,USA,26-35,Referral,5,15,0,2026-06-30,Monthly,0,Not Churned
CUST07858,2023-12-15,Basic,37,32,India,56+,Paid Ads,3,9,0,2026-08-21,Annual,0,Not Churned
CUST07859,2024-11-09,Basic,33,21,USA,26-35,Paid Ads,8,9,0,2026-06-05,Monthly,0,Not Churned
CUST07860,2022-12-20,Basic,37,44,Canada,18-25,Paid Ads,1,10,0,2026-08-01,Monthly,0,Not Churned
CUST07861,2023-10-16,Basic,30,34,UK,36-45,Partner,2,7,1,2026-07-29,Annual,0,Not Churned
CUST07862,2024-03-14,Basic,30,29,India,56+,Social Media,4,12,1,2026-07-17,Annual,0,Not Churned
CUST07863,2022-01-24,Basic,27,55,UK,36-45,Social Media,2,16,0,2026-07-06,Monthly,0,Not Churned
CUST07864,2026-03-04,Standard,56,5,USA,18-25,Paid Ads,5,11,0,2026-07-20,Annual,0,Not Churned
CUST07865,2021-09-26,Basic,31,59,Germany,36-45,Organic,6,15,1,2026-07-12,Monthly,0,Not Churned
CUST07866,2022-06-23,Premium,100,50,India,46-55,Partner,5,9,0,2026-06-09,Monthly,0,Not Churned
CUST07867,2024-04-13,Basic,27,28,Canada,18-25,Organic,8,15,1,2026-08-04,Monthly,0,Not Churned
CUST07868,2026-02-02,Basic,36,6,Canada,26-35,Paid Ads,1,11,1,2026-07-31,Annual,0,Not Churned
CUST07869,2025-09-05,Basic,27,11,India,46-55,Organic,4,12,0,2026-07-26,Annual,0,Not Churned
CUST07870,2023-05-19,Basic,24,39,Australia,46-55,Paid Ads,3,13,0,2026-08-11,Monthly,0,Not Churned
CUST07871,2022-08-22,Premium,104,48,USA,36-45,Paid Ads,2,11,2,2026-07-24,Monthly,0,Not Churned
CUST07872,2025-12-04,Basic,30,8,UK,56+,Social Media,7,10,1,2026-06-14,Annual,0,Not Churned
CUST07873,2023-09-16,Premium,94,35,India,18-25,Partner,5,10,0,2026-08-06,Monthly,1,Competitor
CUST07874,2025-09-05,Premium,103,11,India,36-45,Paid Ads,4,14,1,2026-08-25,Annual,1,Competitor
CUST07875,2024-12-09,Standard,63,20,USA,36-45,Organic,4,11,2,2026-08-08,Annual,0,Not Churned
CUST07876,2021-08-27,Standard,57,60,India,36-45,Referral,2,13,2,2026-07-19,Monthly,1,Payment Issues
CUST07877,2022-02-23,Standard,64,54,USA,36-45,Paid Ads,3,14,1,2026-06-30,Annual,0,Not Churned
CUST07878,2022-05-24,Basic,37,51,USA,46-55,Partner,2,10,2,2026-07-29,Monthly,1,Payment Issues
CUST07879,2023-01-19,Standard,56,43,UK,26-35,Organic,7,12,0,2026-07-07,Annual,0,Not Churned
CUST07880,2024-10-10,Basic,34,22,USA,18-25,Organic,2,16,0,2026-08-02,Monthly,0,Not Churned
CUST07881,2023-03-20,Basic,26,41,India,26-35,Referral,8,8,1,2026-08-12,Monthly,1,Poor Support Experience
CUST07882,2025-08-06,Standard,65,12,UK,36-45,Social Media,2,10,1,2026-06-11,Monthly,0,Not Churned
CUST07883,2022-08-22,Standard,54,48,USA,26-35,Paid Ads,5,11,0,2026-06-11,Monthly,0,Not Churned
CUST07884,2026-03-04,Premium,97,5,India,46-55,Organic,2,8,0,2026-07-09,Monthly,1,Competitor
CUST07885,2023-10-16,Basic,37,34,India,26-35,Paid Ads,2,6,0,2026-08-09,Monthly,1,Pricing
CUST07886,2023-02-18,Premium,94,42,India,18-25,Paid Ads,3,10,0,2026-08-07,Monthly,0,Not Churned
CUST07887,2023-10-16,Basic,37,34,India,36-45,Organic,2,11,1,2026-08-13,Monthly,0,Not Churned
CUST07888,2024-02-13,Basic,36,30,Germany,36-45,Social Media,5,13,1,2026-08-05,Annual,0,Not Churned
CUST07889,2021-09-26,Basic,36,59,USA,26-35,Organic,1,12,0,2026-07-02,Monthly,0,Not Churned
CUST07890,2024-09-10,Standard,61,23,India,36-45,Paid Ads,3,12,1,2026-08-19,Annual,0,Not Churned
CUST07891,2023-08-17,Basic,38,36,India,26-35,Referral,3,8,0,2026-06-02,Monthly,0,Not Churned
CUST07892,2021-11-25,Standard,68,57,India,26-35,Organic,4,13,1,2026-06-08,Monthly,0,Not Churned
CUST07893,2024-07-12,Premium,94,25,USA,18-25,Social Media,2,14,2,2026-06-04,Annual,0,Not Churned
CUST07894,2022-08-22,Standard,65,48,India,36-45,Referral,2,13,1,2026-06-06,Monthly,0,Not Churned
CUST07895,2026-02-02,Standard,67,6,USA,26-35,Organic,2,10,2,2026-06-07,Monthly,1,Payment Issues
CUST07896,2023-02-18,Premium,99,42,USA,46-55,Social Media,2,10,0,2026-07-23,Annual,0,Not Churned
CUST07897,2024-03-14,Standard,60,29,Canada,36-45,Paid Ads,2,14,0,2026-08-10,Monthly,0,Not Churned
CUST07898,2024-11-09,Standard,68,21,India,26-35,Referral,3,10,1,2026-08-25,Monthly,0,Not Churned
CUST07899,2026-01-03,Basic,33,7,USA,26-35,Social Media,1,14,0,2026-07-14,Annual,0,Not Churned
CUST07900,2023-07-18,Premium,107,37,Canada,18-25,Social Media,4,17,0,2026-08-16,Monthly,1,Competitor
CUST07901,2022-11-20,Standard,65,45,USA,36-45,Paid Ads,5,13,1,2026-07-10,Monthly,1,Competitor
CUST07902,2023-03-20,Basic,25,41,Canada,36-45,Organic,2,9,0,2026-06-21,Monthly,0,Not Churned
CUST07903,2025-11-04,Basic,27,9,UK,36-45,Organic,3,11,0,2026-08-17,Monthly,1,Pricing
CUST07904,2022-01-24,Premium,104,55,USA,26-35,Social Media,5,15,1,2026-08-10,Monthly,0,Not Churned
CUST07905,2022-09-21,Basic,37,47,USA,26-35,Partner,4,9,0,2026-06-08,Annual,0,Not Churned
CUST07906,2023-08-17,Premium,96,36,Germany,18-25,Organic,2,10,0,2026-07-07,Monthly,0,Not Churned
CUST07907,2026-07-02,Basic,36,1,UK,26-35,Organic,1,16,0,2026-07-28,Monthly,0,Not Churned
CUST07908,2024-01-14,Standard,66,31,Australia,26-35,Social Media,5,7,0,2026-08-07,Monthly,0,Not Churned
CUST07909,2024-12-09,Basic,32,20,India,56+,Paid Ads,6,7,1,2026-06-02,Monthly,0,Not Churned
CUST07910,2024-04-13,Standard,67,28,USA,36-45,Organic,2,6,0,2026-08-22,Monthly,1,Competitor
CUST07911,2022-10-21,Premium,100,46,Australia,36-45,Organic,2,10,0,2026-08-10,Monthly,1,Competitor
CUST07912,2025-01-08,Standard,55,19,India,26-35,Paid Ads,1,18,0,2026-07-19,Annual,0,Not Churned
CUST07913,2026-07-02,Standard,64,1,Germany,18-25,Partner,2,7,0,2026-07-20,Annual,0,Not Churned
CUST07914,2024-03-14,Basic,35,29,India,26-35,Partner,2,18,0,2026-07-27,Monthly,0,Not Churned
CUST07915,2025-10-05,Basic,29,10,Australia,26-35,Paid Ads,5,11,0,2026-06-30,Monthly,0,Not Churned
CUST07916,2023-08-17,Basic,32,36,USA,36-45,Partner,3,9,0,2026-07-11,Annual,0,Not Churned
CUST07917,2024-09-10,Standard,65,23,India,26-35,Organic,5,10,2,2026-06-04,Annual,0,Not Churned
CUST07918,2025-02-07,Basic,26,18,Australia,46-55,Social Media,2,6,0,2026-07-26,Monthly,0,Not Churned
CUST07919,2024-03-14,Basic,37,29,India,56+,Organic,3,18,0,2026-07-31,Monthly,0,Not Churned
CUST07920,2024-04-13,Standard,68,28,India,26-35,Social Media,1,18,1,2026-08-02,Monthly,0,Not Churned
CUST07921,2022-12-20,Standard,64,44,India,36-45,Paid Ads,3,10,0,2026-07-01,Monthly,0,Not Churned
CUST07922,2026-01-03,Standard,59,7,UK,36-45,Organic,1,16,0,2026-07-13,Monthly,1,Competitor
CUST07923,2024-01-14,Basic,37,31,Germany,26-35,Partner,0,10,0,2026-07-10,Annual,0,Not Churned
CUST07924,2023-06-18,Basic,26,38,India,46-55,Organic,3,5,0,2026-07-21,Monthly,0,Not Churned
CUST07925,2023-03-20,Premium,96,41,USA,26-35,Partner,2,16,0,2026-08-02,Monthly,1,Competitor
CUST07926,2021-09-26,Basic,27,59,India,36-45,Organic,7,16,0,2026-08-23,Monthly,1,Poor Support Experience
CUST07927,2026-06-02,Premium,102,2,Canada,26-35,Organic,4,14,0,2026-08-30,Monthly,1,Competitor
CUST07928,2025-05-08,Premium,104,15,India,26-35,Social Media,4,12,0,2026-06-12,Monthly,1,Competitor
CUST07929,2024-10-10,Standard,66,22,India,26-35,Referral,4,18,0,2026-06-11,Annual,0,Not Churned
CUST07930,2022-11-20,Basic,31,45,India,46-55,Paid Ads,3,9,1,2026-08-26,Monthly,0,Not Churned
CUST07931,2025-09-05,Premium,94,11,USA,18-25,Organic,3,15,0,2026-06-18,Annual,0,Not Churned
CUST07932,2022-02-23,Standard,66,54,Australia,18-25,Referral,2,10,1,2026-06-13,Monthly,0,Not Churned
CUST07933,2022-02-23,Standard,65,54,USA,26-35,Paid Ads,3,9,0,2026-06-29,Monthly,0,Not Churned
CUST07934,2025-01-08,Basic,34,19,India,18-25,Paid Ads,4,8,1,2026-06-09,Annual,0,Not Churned
CUST07935,2026-02-02,Basic,24,6,USA,36-45,Referral,0,10,3,2026-06-08,Monthly,1,Payment Issues
CUST07936,2025-11-04,Basic,30,9,Canada,36-45,Referral,3,13,0,2026-06-03,Annual,0,Not Churned
CUST07937,2022-12-20,Standard,56,44,India,46-55,Partner,2,12,0,2026-08-24,Monthly,1,Competitor
CUST07938,2024-03-14,Standard,67,29,India,36-45,Referral,1,10,1,2026-07-24,Monthly,1,Competitor
CUST07939,2023-01-19,Basic,34,43,India,46-55,Paid Ads,1,13,0,2026-07-08,Annual,0,Not Churned
CUST07940,2026-05-03,Standard,60,3,Canada,36-45,Paid Ads,2,10,0,2026-07-06,Annual,1,Competitor
CUST07941,2022-06-23,Basic,32,50,USA,46-55,Paid Ads,5,11,1,2026-08-23,Annual,0,Not Churned
CUST07942,2021-12-25,Standard,56,56,USA,26-35,Organic,2,18,0,2026-08-20,Monthly,1,Competitor
CUST07943,2022-11-20,Premium,96,45,India,26-35,Paid Ads,1,8,0,2026-07-13,Annual,0,Not Churned
CUST07944,2025-07-07,Basic,25,13,India,56+,Social Media,4,12,0,2026-08-27,Monthly,0,Not Churned
CUST07945,2022-09-21,Basic,33,47,Germany,36-45,Social Media,2,11,1,2026-08-28,Annual,0,Not Churned
CUST07946,2022-05-24,Basic,24,51,India,46-55,Referral,4,16,1,2026-08-20,Monthly,0,Not Churned
CUST07947,2022-09-21,Standard,62,47,Australia,18-25,Referral,4,13,1,2026-07-24,Monthly,0,Not Churned
CUST07948,2021-08-27,Standard,59,60,USA,46-55,Paid Ads,2,8,0,2026-08-13,Monthly,0,Not Churned
CUST07949,2025-05-08,Premium,99,15,India,36-45,Referral,1,8,0,2026-06-11,Monthly,0,Not Churned
CUST07950,2026-03-04,Basic,31,5,USA,26-35,Social Media,5,14,0,2026-07-04,Annual,0,Not Churned
CUST07951,2026-03-04,Premium,104,5,Germany,18-25,Referral,0,7,2,2026-07-06,Monthly,0,Not Churned
CUST07952,2026-06-02,Basic,28,2,USA,26-35,Organic,3,15,0,2026-07-01,Annual,0,Not Churned
CUST07953,2022-06-23,Standard,62,50,Australia,46-55,Referral,3,11,1,2026-07-04,Monthly,0,Not Churned
CUST07954,2023-06-18,Basic,38,38,India,36-45,Referral,4,5,0,2026-07-16,Monthly,1,Pricing
CUST07955,2022-06-23,Premium,104,50,USA,46-55,Organic,6,17,1,2026-06-15,Monthly,0,Not Churned
CUST07956,2024-02-13,Standard,58,30,Australia,26-35,Organic,4,7,2,2026-06-26,Annual,0,Not Churned
CUST07957,2022-02-23,Standard,55,54,Germany,46-55,Social Media,1,14,0,2026-07-16,Annual,0,Not Churned
CUST07958,2021-08-27,Premium,99,60,USA,26-35,Referral,5,14,0,2026-08-09,Monthly,0,Not Churned
CUST07959,2024-04-13,Basic,38,28,UK,26-35,Social Media,3,8,0,2026-08-19,Monthly,0,Not Churned
CUST07960,2023-05-19,Basic,32,39,India,26-35,Organic,2,9,1,2026-08-23,Monthly,0,Not Churned
CUST07961,2023-12-15,Premium,96,32,India,56+,Organic,2,2,1,2026-07-17,Annual,1,Low Engagement
CUST07962,2024-12-09,Basic,33,20,India,26-35,Organic,1,13,0,2026-07-24,Annual,0,Not Churned
CUST07963,2021-10-26,Basic,27,58,India,26-35,Paid Ads,4,14,0,2026-07-09,Monthly,0,Not Churned
CUST07964,2024-12-09,Standard,63,20,India,18-25,Paid Ads,6,7,0,2026-06-10,Monthly,0,Not Churned
CUST07965,2024-03-14,Standard,64,29,India,26-35,Social Media,1,8,0,2026-07-02,Annual,0,Not Churned
CUST07966,2023-09-16,Basic,31,35,Germany,46-55,Referral,1,12,0,2026-06-10,Monthly,0,Not Churned
CUST07967,2023-12-15,Basic,29,32,UK,36-45,Partner,8,13,0,2026-06-10,Annual,0,Not Churned
CUST07968,2025-03-09,Basic,36,17,USA,36-45,Organic,2,14,1,2026-07-22,Monthly,0,Not Churned
CUST07969,2022-04-24,Standard,60,52,Germany,46-55,Organic,3,14,0,2026-06-19,Annual,0,Not Churned
CUST07970,2022-05-24,Premium,100,51,India,36-45,Organic,2,16,0,2026-08-23,Monthly,0,Not Churned
CUST07971,2025-12-04,Premium,97,8,USA,46-55,Paid Ads,4,13,1,2026-07-16,Monthly,1,Competitor
CUST07972,2024-11-09,Standard,68,21,UK,26-35,Organic,2,12,1,2026-07-05,Monthly,0,Not Churned
CUST07973,2024-09-10,Basic,35,23,India,56+,Referral,5,16,0,2026-06-03,Monthly,0,Not Churned
CUST07974,2022-05-24,Premium,99,51,UK,18-25,Organic,1,14,0,2026-08-06,Monthly,0,Not Churned
CUST07975,2022-05-24,Standard,65,51,India,36-45,Organic,4,8,0,2026-06-30,Monthly,0,Not Churned
CUST07976,2024-05-13,Basic,32,27,India,36-45,Paid Ads,5,12,0,2026-07-25,Annual,1,Pricing
CUST07977,2026-02-02,Premium,96,6,India,26-35,Paid Ads,5,10,0,2026-08-30,Annual,0,Not Churned
CUST07978,2021-10-26,Standard,61,58,Germany,26-35,Social Media,3,8,0,2026-08-28,Monthly,0,Not Churned
CUST07979,2022-04-24,Standard,60,52,UK,26-35,Social Media,1,13,0,2026-07-01,Monthly,1,Competitor
CUST07980,2025-12-04,Standard,57,8,UK,18-25,Organic,2,13,1,2026-07-09,Monthly,0,Not Churned
CUST07981,2023-09-16,Basic,33,35,USA,36-45,Social Media,7,11,2,2026-07-31,Annual,0,Not Churned
CUST07982,2026-03-04,Basic,36,5,India,56+,Referral,2,9,1,2026-08-26,Annual,0,Not Churned
CUST07983,2023-11-15,Standard,56,33,UK,36-45,Paid Ads,5,15,1,2026-07-07,Monthly,0,Not Churned
CUST07984,2026-07-02,Basic,37,1,USA,36-45,Organic,4,12,0,2026-07-16,Annual,0,Not Churned
CUST07985,2024-08-11,Standard,60,24,India,18-25,Referral,8,13,1,2026-06-19,Monthly,0,Not Churned
CUST07986,2023-12-15,Standard,63,32,UK,18-25,Organic,4,9,1,2026-08-10,Monthly,0,Not Churned
CUST07987,2022-01-24,Standard,62,55,India,36-45,Organic,3,14,0,2026-06-06,Monthly,0,Not Churned
CUST07988,2023-11-15,Standard,65,33,India,56+,Organic,3,12,2,2026-08-09,Annual,1,Payment Issues
CUST07989,2023-06-18,Standard,63,38,Canada,46-55,Paid Ads,3,20,0,2026-08-25,Monthly,1,Competitor
CUST07990,2026-06-02,Premium,96,2,UK,26-35,Referral,4,9,0,2026-08-15,Monthly,0,Not Churned
CUST07991,2022-12-20,Standard,68,44,UK,36-45,Social Media,4,11,0,2026-07-05,Monthly,0,Not Churned
CUST07992,2025-03-09,Basic,33,17,USA,36-45,Referral,6,15,2,2026-07-04,Annual,0,Not Churned
CUST07993,2025-10-05,Basic,32,10,USA,36-45,Partner,4,9,0,2026-08-16,Monthly,0,Not Churned
CUST07994,2023-07-18,Basic,36,37,UK,36-45,Social Media,4,7,0,2026-07-31,Monthly,0,Not Churned
CUST07995,2023-07-18,Basic,31,37,Canada,36-45,Organic,3,10,0,2026-07-24,Annual,0,Not Churned
CUST07996,2026-06-02,Basic,35,2,USA,18-25,Paid Ads,4,11,0,2026-07-05,Annual,1,Pricing
CUST07997,2025-08-06,Basic,26,12,Germany,46-55,Paid Ads,4,5,0,2026-07-18,Monthly,1,Pricing
CUST07998,2023-07-18,Standard,68,37,Germany,18-25,Referral,3,12,2,2026-08-02,Monthly,0,Not Churned
CUST07999,2024-02-13,Premium,101,30,USA,26-35,Referral,0,12,2,2026-06-24,Monthly,0,Not Churned
CUST08000,2025-05-08,Basic,35,15,Australia,46-55,Referral,4,7,0,2026-08-04,Annual,0,Not Churned
CUST08001,2024-09-10,Standard,57,23,USA,26-35,Organic,2,16,0,2026-07-30,Monthly,1,Competitor
CUST08002,2022-04-24,Standard,59,52,USA,18-25,Referral,2,12,0,2026-07-28,Annual,0,Not Churned
CUST08003,2025-02-07,Basic,35,18,India,26-35,Organic,5,9,2,2026-08-13,Monthly,0,Not Churned
CUST08004,2024-01-14,Premium,103,31,USA,36-45,Organic,4,12,0,2026-06-30,Monthly,1,Competitor
CUST08005,2022-03-25,Standard,55,53,Australia,18-25,Paid Ads,4,20,1,2026-07-03,Monthly,0,Not Churned
CUST08006,2021-09-26,Basic,31,59,Canada,26-35,Referral,2,11,0,2026-07-31,Monthly,1,Pricing
CUST08007,2023-06-18,Standard,66,38,Canada,26-35,Organic,4,17,2,2026-08-08,Monthly,1,Payment Issues
CUST08008,2024-03-14,Basic,32,29,India,46-55,Paid Ads,4,12,0,2026-08-19,Monthly,0,Not Churned
CUST08009,2021-12-25,Standard,60,56,USA,18-25,Paid Ads,4,14,0,2026-08-13,Annual,0,Not Churned
CUST08010,2025-06-07,Basic,31,14,India,36-45,Organic,4,7,4,2026-06-04,Annual,0,Not Churned
CUST08011,2021-11-25,Premium,100,57,India,26-35,Referral,2,13,2,2026-08-30,Monthly,0,Not Churned
CUST08012,2023-01-19,Standard,64,43,USA,36-45,Organic,3,6,1,2026-08-15,Annual,0,Not Churned
CUST08013,2021-10-26,Standard,63,58,USA,26-35,Social Media,1,10,0,2026-07-31,Annual,0,Not Churned
CUST08014,2023-04-19,Basic,27,40,USA,36-45,Paid Ads,4,10,1,2026-06-07,Monthly,0,Not Churned
CUST08015,2024-09-10,Standard,54,23,USA,36-45,Paid Ads,6,13,2,2026-07-25,Monthly,0,Not Churned
CUST08016,2024-07-12,Standard,56,25,India,18-25,Social Media,3,13,0,2026-07-17,Monthly,1,Competitor
CUST08017,2023-03-20,Standard,60,41,India,46-55,Social Media,6,15,0,2026-06-20,Monthly,0,Not Churned
CUST08018,2023-06-18,Standard,64,38,Australia,46-55,Social Media,3,15,0,2026-07-12,Monthly,0,Not Churned
CUST08019,2024-04-13,Standard,64,28,India,18-25,Organic,6,8,0,2026-07-17,Monthly,0,Not Churned
CUST08020,2023-09-16,Premium,100,35,India,36-45,Organic,1,20,0,2026-07-18,Monthly,0,Not Churned
CUST08021,2024-02-13,Standard,64,30,Australia,36-45,Referral,3,19,0,2026-07-16,Monthly,0,Not Churned
CUST08022,2021-08-27,Premium,106,60,Germany,18-25,Paid Ads,2,12,2,2026-08-06,Monthly,0,Not Churned
CUST08023,2024-05-13,Premium,96,27,Canada,26-35,Partner,5,12,1,2026-07-12,Annual,0,Not Churned
CUST08024,2025-12-04,Standard,54,8,India,56+,Paid Ads,3,13,0,2026-07-23,Monthly,0,Not Churned
CUST08025,2022-08-22,Basic,33,48,India,36-45,Paid Ads,1,7,0,2026-07-20,Monthly,0,Not Churned
CUST08026,2025-01-08,Standard,62,19,Germany,46-55,Paid Ads,5,14,1,2026-08-09,Monthly,0,Not Churned
CUST08027,2026-07-02,Premium,105,1,Canada,36-45,Social Media,5,10,2,2026-07-25,Annual,0,Not Churned
CUST08028,2022-11-20,Basic,29,45,USA,18-25,Organic,1,9,0,2026-08-19,Monthly,0,Not Churned
CUST08029,2022-12-20,Standard,66,44,India,18-25,Partner,4,10,2,2026-08-15,Monthly,0,Not Churned
CUST08030,2024-12-09,Premium,106,20,India,36-45,Paid Ads,2,18,1,2026-08-23,Monthly,0,Not Churned
CUST08031,2024-02-13,Basic,35,30,India,36-45,Social Media,1,3,0,2026-07-18,Monthly,0,Not Churned
CUST08032,2021-11-25,Standard,60,57,UK,18-25,Paid Ads,4,10,0,2026-06-19,Monthly,0,Not Churned
CUST08033,2024-03-14,Basic,24,29,India,36-45,Social Media,4,6,0,2026-06-07,Annual,0,Not Churned
CUST08034,2025-12-04,Basic,24,8,Germany,46-55,Organic,0,12,1,2026-07-12,Monthly,0,Not Churned
CUST08035,2025-06-07,Standard,57,14,India,36-45,Social Media,0,13,0,2026-08-01,Monthly,0,Not Churned
CUST08036,2023-06-18,Basic,30,38,UK,26-35,Paid Ads,0,10,0,2026-08-20,Monthly,0,Not Churned
CUST08037,2026-05-03,Basic,37,3,India,26-35,Paid Ads,0,17,1,2026-08-13,Monthly,0,Not Churned
CUST08038,2026-05-03,Premium,104,3,USA,56+,Organic,4,11,0,2026-08-18,Monthly,0,Not Churned
CUST08039,2022-01-24,Basic,38,55,India,46-55,Referral,3,13,1,2026-06-29,Annual,0,Not Churned
CUST08040,2025-06-07,Premium,104,14,Canada,26-35,Organic,1,13,0,2026-07-12,Monthly,1,Competitor
CUST08041,2024-11-09,Premium,101,21,USA,46-55,Organic,2,14,0,2026-07-25,Monthly,0,Not Churned
CUST08042,2023-09-16,Basic,33,35,India,26-35,Organic,4,9,2,2026-07-29,Monthly,0,Not Churned
CUST08043,2021-08-27,Basic,32,60,Australia,26-35,Organic,4,7,0,2026-07-20,Monthly,0,Not Churned
CUST08044,2022-12-20,Standard,54,44,USA,26-35,Referral,5,14,1,2026-06-18,Annual,0,Not Churned
CUST08045,2022-12-20,Standard,57,44,Germany,18-25,Organic,6,11,0,2026-08-20,Monthly,1,Competitor
CUST08046,2022-07-23,Basic,27,49,Australia,46-55,Organic,0,22,0,2026-06-07,Annual,0,Not Churned
CUST08047,2023-01-19,Standard,56,43,Germany,36-45,Paid Ads,2,11,0,2026-06-30,Monthly,0,Not Churned
CUST08048,2023-03-20,Basic,30,41,India,26-35,Paid Ads,4,14,0,2026-07-02,Monthly,0,Not Churned
CUST08049,2024-05-13,Premium,94,27,India,46-55,Paid Ads,6,12,1,2026-06-09,Annual,0,Not Churned
CUST08050,2024-04-13,Basic,32,28,Germany,46-55,Paid Ads,4,9,0,2026-07-27,Monthly,0,Not Churned
CUST08051,2024-04-13,Basic,36,28,USA,18-25,Paid Ads,4,17,2,2026-07-11,Monthly,0,Not Churned
CUST08052,2026-03-04,Basic,31,5,India,36-45,Paid Ads,1,12,0,2026-07-03,Annual,0,Not Churned
CUST08053,2023-01-19,Premium,95,43,Canada,36-45,Social Media,5,15,0,2026-06-27,Monthly,0,Not Churned
CUST08054,2023-05-19,Standard,55,39,India,36-45,Organic,1,9,1,2026-07-18,Monthly,1,Competitor
CUST08055,2025-10-05,Premium,101,10,Canada,36-45,Social Media,5,7,0,2026-07-16,Annual,0,Not Churned
CUST08056,2025-11-04,Basic,34,9,Australia,26-35,Organic,2,14,0,2026-06-20,Monthly,0,Not Churned
CUST08057,2024-12-09,Basic,37,20,Canada,26-35,Referral,2,11,2,2026-07-25,Monthly,0,Not Churned
CUST08058,2024-03-14,Basic,38,29,India,46-55,Paid Ads,3,14,1,2026-07-23,Monthly,0,Not Churned
CUST08059,2022-09-21,Standard,54,47,USA,46-55,Organic,3,14,0,2026-07-02,Annual,0,Not Churned
CUST08060,2024-03-14,Standard,66,29,USA,26-35,Referral,5,7,0,2026-08-01,Monthly,0,Not Churned
CUST08061,2024-04-13,Standard,60,28,USA,18-25,Social Media,5,12,0,2026-08-07,Monthly,0,Not Churned
CUST08062,2025-09-05,Basic,32,11,India,46-55,Paid Ads,3,15,0,2026-08-17,Annual,0,Not Churned
CUST08063,2024-11-09,Premium,105,21,USA,26-35,Paid Ads,4,16,0,2026-08-23,Annual,0,Not Churned
CUST08064,2023-09-16,Basic,38,35,USA,26-35,Organic,3,10,0,2026-08-02,Monthly,0,Not Churned
CUST08065,2024-09-10,Premium,96,23,USA,26-35,Partner,2,11,0,2026-06-23,Monthly,0,Not Churned
CUST08066,2024-03-14,Basic,30,29,Canada,26-35,Social Media,0,12,0,2026-08-22,Annual,0,Not Churned
CUST08067,2025-05-08,Standard,59,15,USA,26-35,Paid Ads,3,17,2,2026-06-02,Monthly,0,Not Churned
CUST08068,2025-03-09,Basic,38,17,India,36-45,Social Media,4,19,1,2026-08-10,Annual,0,Not Churned
CUST08069,2024-08-11,Standard,60,24,UK,18-25,Paid Ads,2,21,1,2026-07-15,Monthly,0,Not Churned
CUST08070,2023-09-16,Standard,60,35,Canada,56+,Referral,5,18,0,2026-07-18,Annual,0,Not Churned
CUST08071,2024-12-09,Standard,63,20,India,46-55,Paid Ads,2,14,1,2026-08-28,Monthly,0,Not Churned
CUST08072,2021-10-26,Standard,54,58,UK,46-55,Paid Ads,1,11,0,2026-08-22,Annual,0,Not Churned
CUST08073,2023-08-17,Standard,67,36,India,46-55,Organic,3,15,0,2026-07-09,Monthly,0,Not Churned
CUST08074,2025-09-05,Standard,56,11,India,36-45,Partner,3,8,0,2026-08-13,Monthly,0,Not Churned
CUST08075,2022-01-24,Premium,103,55,Australia,26-35,Social Media,6,9,1,2026-08-01,Annual,0,Not Churned
CUST08076,2024-02-13,Basic,24,30,Australia,18-25,Social Media,1,10,0,2026-08-03,Monthly,1,Pricing
CUST08077,2021-08-27,Standard,58,60,USA,18-25,Paid Ads,2,16,0,2026-06-03,Monthly,0,Not Churned
CUST08078,2023-05-19,Standard,56,39,UK,26-35,Organic,3,13,0,2026-08-20,Annual,0,Not Churned
CUST08079,2024-12-09,Basic,24,20,Australia,36-45,Referral,4,13,2,2026-08-24,Monthly,1,Payment Issues
CUST08080,2024-10-10,Standard,55,22,Germany,56+,Social Media,1,14,0,2026-06-15,Annual,0,Not Churned
CUST08081,2024-08-11,Basic,33,24,USA,26-35,Partner,3,13,0,2026-08-11,Monthly,0,Not Churned
CUST08082,2021-10-26,Basic,28,58,USA,36-45,Organic,1,10,1,2026-06-17,Annual,0,Not Churned
CUST08083,2025-06-07,Basic,34,14,USA,36-45,Referral,3,10,0,2026-07-10,Monthly,0,Not Churned
CUST08084,2023-08-17,Basic,26,36,India,26-35,Referral,3,17,2,2026-07-14,Monthly,0,Not Churned
CUST08085,2025-07-07,Standard,59,13,USA,46-55,Organic,1,15,0,2026-07-17,Annual,1,Competitor
CUST08086,2026-07-02,Standard,62,1,Canada,36-45,Paid Ads,5,9,0,2026-07-30,Monthly,0,Not Churned
CUST08087,2022-01-24,Premium,99,55,Canada,26-35,Organic,1,9,0,2026-06-17,Annual,0,Not Churned
CUST08088,2022-06-23,Standard,55,50,Australia,46-55,Referral,0,19,2,2026-06-29,Annual,0,Not Churned
CUST08089,2024-05-13,Basic,25,27,India,36-45,Social Media,3,14,0,2026-06-13,Annual,0,Not Churned
CUST08090,2025-07-07,Premium,108,13,USA,26-35,Social Media,2,10,0,2026-06-29,Monthly,0,Not Churned
CUST08091,2023-09-16,Premium,106,35,India,36-45,Referral,1,7,0,2026-06-08,Monthly,0,Not Churned
CUST08092,2025-12-04,Standard,66,8,India,36-45,Paid Ads,2,9,0,2026-07-18,Monthly,0,Not Churned
CUST08093,2025-02-07,Standard,61,18,Australia,26-35,Referral,3,11,0,2026-07-12,Monthly,0,Not Churned
CUST08094,2023-10-16,Premium,104,34,USA,46-55,Social Media,3,12,0,2026-08-09,Monthly,0,Not Churned
CUST08095,2022-04-24,Standard,61,52,Canada,56+,Referral,4,13,0,2026-06-14,Annual,0,Not Churned
CUST08096,2026-02-02,Premium,99,6,India,36-45,Paid Ads,3,10,0,2026-06-13,Monthly,1,Competitor
CUST08097,2021-10-26,Basic,33,58,USA,36-45,Partner,1,8,0,2026-08-15,Annual,0,Not Churned
CUST08098,2024-05-13,Basic,30,27,UK,46-55,Social Media,2,14,2,2026-08-02,Monthly,0,Not Churned
CUST08099,2025-02-07,Standard,54,18,India,26-35,Social Media,3,16,0,2026-07-09,Monthly,0,Not Churned
CUST08100,2021-11-25,Standard,68,57,India,56+,Partner,5,14,1,2026-06-09,Monthly,0,Not Churned
CUST08101,2021-08-27,Premium,105,60,India,36-45,Paid Ads,4,14,0,2026-06-28,Monthly,0,Not Churned
CUST08102,2022-06-23,Premium,102,50,UK,26-35,Social Media,1,7,0,2026-08-19,Annual,0,Not Churned
CUST08103,2025-11-04,Basic,28,9,Germany,36-45,Referral,4,12,0,2026-08-22,Annual,0,Not Churned
CUST08104,2025-05-08,Basic,32,15,Australia,36-45,Organic,3,12,0,2026-07-26,Monthly,0,Not Churned
CUST08105,2024-09-10,Premium,95,23,Germany,18-25,Referral,2,10,1,2026-06-28,Annual,0,Not Churned
CUST08106,2021-09-26,Standard,67,59,Australia,36-45,Paid Ads,2,9,0,2026-08-18,Monthly,0,Not Churned
CUST08107,2026-05-03,Basic,31,3,Australia,36-45,Organic,2,9,2,2026-08-18,Monthly,0,Not Churned
CUST08108,2021-11-25,Standard,60,57,USA,36-45,Partner,0,14,0,2026-07-03,Monthly,0,Not Churned
CUST08109,2025-11-04,Standard,64,9,USA,26-35,Organic,6,6,1,2026-08-22,Annual,0,Not Churned
CUST08110,2024-10-10,Standard,67,22,USA,36-45,Partner,2,14,0,2026-07-25,Monthly,0,Not Churned
CUST08111,2022-06-23,Standard,57,50,Canada,36-45,Organic,2,14,1,2026-06-22,Monthly,1,Competitor
CUST08112,2024-09-10,Basic,26,23,India,56+,Paid Ads,0,10,1,2026-06-02,Monthly,0,Not Churned
CUST08113,2024-12-09,Premium,97,20,India,46-55,Paid Ads,3,9,0,2026-06-30,Annual,0,Not Churned
CUST08114,2022-04-24,Standard,57,52,Germany,46-55,Referral,3,11,0,2026-08-30,Annual,0,Not Churned
CUST08115,2026-01-03,Standard,63,7,India,26-35,Organic,2,23,1,2026-06-25,Monthly,0,Not Churned
CUST08116,2022-03-25,Basic,33,53,Germany,46-55,Partner,1,15,0,2026-08-15,Annual,0,Not Churned
CUST08117,2025-03-09,Standard,61,17,Canada,26-35,Referral,2,8,0,2026-06-09,Monthly,0,Not Churned
CUST08118,2026-05-03,Basic,36,3,India,26-35,Social Media,3,17,0,2026-06-22,Monthly,0,Not Churned
CUST08119,2026-01-03,Basic,36,7,UK,18-25,Organic,3,18,0,2026-07-09,Monthly,0,Not Churned
CUST08120,2025-07-07,Standard,57,13,Canada,46-55,Paid Ads,2,14,0,2026-07-04,Monthly,0,Not Churned
CUST08121,2023-03-20,Basic,37,41,India,18-25,Partner,1,7,0,2026-07-12,Monthly,0,Not Churned
CUST08122,2023-03-20,Standard,58,41,Canada,18-25,Organic,1,12,2,2026-06-23,Monthly,1,Payment Issues
CUST08123,2024-09-10,Basic,25,23,Canada,26-35,Organic,2,9,1,2026-06-30,Annual,0,Not Churned
CUST08124,2023-07-18,Standard,66,37,India,36-45,Paid Ads,1,14,0,2026-06-21,Monthly,0,Not Churned
CUST08125,2026-04-03,Basic,27,4,India,46-55,Partner,6,9,2,2026-08-22,Monthly,1,Payment Issues
CUST08126,2025-11-04,Basic,30,9,India,26-35,Paid Ads,3,13,1,2026-06-04,Monthly,0,Not Churned
CUST08127,2026-02-02,Basic,26,6,India,36-45,Paid Ads,2,16,1,2026-08-28,Annual,0,Not Churned
CUST08128,2023-02-18,Premium,107,42,India,26-35,Referral,3,12,0,2026-06-13,Annual,0,Not Churned
CUST08129,2025-02-07,Premium,107,18,Canada,26-35,Partner,8,13,0,2026-07-01,Monthly,1,Poor Support Experience
CUST08130,2023-09-16,Basic,24,35,USA,18-25,Organic,3,11,2,2026-08-24,Annual,0,Not Churned
CUST08131,2024-09-10,Standard,66,23,Australia,26-35,Organic,1,12,0,2026-07-13,Monthly,0,Not Churned
CUST08132,2024-01-14,Standard,61,31,India,36-45,Organic,2,14,1,2026-06-05,Monthly,0,Not Churned
CUST08133,2024-12-09,Premium,101,20,USA,26-35,Organic,3,17,1,2026-07-07,Monthly,0,Not Churned
CUST08134,2026-01-03,Basic,29,7,UK,46-55,Paid Ads,3,11,2,2026-06-11,Monthly,1,Payment Issues
CUST08135,2025-08-06,Standard,60,12,Australia,56+,Organic,2,8,1,2026-07-01,Monthly,0,Not Churned
CUST08136,2021-08-27,Basic,38,60,USA,18-25,Paid Ads,4,15,0,2026-06-25,Annual,0,Not Churned
CUST08137,2023-07-18,Basic,33,37,USA,18-25,Paid Ads,1,9,0,2026-08-09,Monthly,0,Not Churned
CUST08138,2022-07-23,Premium,104,49,Australia,36-45,Paid Ads,0,13,1,2026-06-06,Annual,1,Competitor
CUST08139,2021-10-26,Standard,55,58,India,26-35,Partner,4,9,0,2026-06-24,Annual,0,Not Churned
CUST08140,2022-05-24,Basic,28,51,India,26-35,Organic,1,12,1,2026-07-08,Monthly,0,Not Churned
CUST08141,2021-11-25,Basic,35,57,USA,26-35,Paid Ads,2,8,2,2026-08-20,Monthly,0,Not Churned
CUST08142,2026-04-03,Standard,60,4,Canada,46-55,Organic,3,12,0,2026-08-31,Monthly,0,Not Churned
CUST08143,2025-08-06,Standard,68,12,India,36-45,Paid Ads,3,11,0,2026-08-26,Monthly,1,Competitor
CUST08144,2022-03-25,Basic,32,53,USA,18-25,Referral,2,9,3,2026-08-08,Annual,0,Not Churned
CUST08145,2025-05-08,Premium,94,15,USA,18-25,Social Media,1,11,1,2026-07-02,Monthly,0,Not Churned
CUST08146,2026-06-02,Basic,38,2,Germany,26-35,Paid Ads,4,9,0,2026-06-14,Monthly,0,Not Churned
CUST08147,2021-10-26,Basic,26,58,India,26-35,Social Media,4,10,0,2026-08-19,Monthly,1,Pricing
CUST08148,2022-09-21,Premium,99,47,India,26-35,Social Media,5,11,1,2026-08-20,Annual,0,Not Churned
CUST08149,2025-09-05,Basic,37,11,USA,46-55,Organic,7,16,0,2026-07-03,Monthly,0,Not Churned
CUST08150,2021-12-25,Basic,30,56,USA,26-35,Organic,3,6,0,2026-06-15,Annual,0,Not Churned
CUST08151,2023-11-15,Standard,59,33,Canada,26-35,Referral,2,14,0,2026-07-25,Monthly,0,Not Churned
CUST08152,2025-06-07,Premium,94,14,UK,26-35,Partner,2,21,0,2026-06-12,Annual,0,Not Churned
CUST08153,2024-05-13,Basic,27,27,Canada,18-25,Paid Ads,2,8,1,2026-06-18,Annual,0,Not Churned
CUST08154,2026-04-03,Premium,99,4,Australia,56+,Organic,2,9,0,2026-08-04,Annual,0,Not Churned
CUST08155,2023-06-18,Standard,61,38,Germany,18-25,Social Media,3,8,1,2026-07-20,Monthly,0,Not Churned
CUST08156,2023-04-19,Basic,33,40,USA,26-35,Organic,4,14,0,2026-06-04,Monthly,0,Not Churned
CUST08157,2024-12-09,Standard,68,20,Germany,18-25,Referral,4,13,0,2026-06-17,Annual,0,Not Churned
CUST08158,2026-06-02,Basic,37,2,India,26-35,Organic,5,10,1,2026-06-09,Annual,0,Not Churned
CUST08159,2026-04-03,Standard,57,4,UK,46-55,Organic,4,12,0,2026-07-06,Monthly,0,Not Churned
CUST08160,2022-07-23,Standard,60,49,USA,18-25,Paid Ads,2,15,0,2026-06-13,Monthly,0,Not Churned
CUST08161,2024-08-11,Premium,104,24,Canada,26-35,Referral,4,5,1,2026-08-24,Monthly,0,Not Churned
CUST08162,2025-11-04,Basic,26,9,USA,18-25,Organic,2,20,1,2026-06-20,Annual,0,Not Churned
CUST08163,2025-01-08,Standard,61,19,Canada,36-45,Social Media,3,16,1,2026-06-26,Monthly,0,Not Churned
CUST08164,2025-12-04,Standard,54,8,Germany,36-45,Organic,0,9,0,2026-07-18,Annual,0,Not Churned
CUST08165,2023-03-20,Basic,27,41,Canada,36-45,Paid Ads,1,10,1,2026-07-22,Annual,0,Not Churned
CUST08166,2024-04-13,Basic,31,28,Canada,26-35,Paid Ads,2,15,0,2026-07-28,Monthly,0,Not Churned
CUST08167,2025-07-07,Basic,33,13,India,46-55,Social Media,6,8,1,2026-07-19,Annual,0,Not Churned
CUST08168,2025-12-04,Standard,57,8,India,26-35,Social Media,4,10,1,2026-06-13,Annual,0,Not Churned
CUST08169,2025-06-07,Standard,55,14,Germany,36-45,Organic,1,10,0,2026-08-27,Monthly,0,Not Churned
CUST08170,2022-06-23,Basic,25,50,UK,36-45,Organic,1,17,0,2026-06-24,Annual,0,Not Churned
CUST08171,2022-06-23,Premium,97,50,USA,36-45,Social Media,4,13,0,2026-08-06,Annual,0,Not Churned
CUST08172,2025-10-05,Premium,108,10,USA,26-35,Paid Ads,5,10,0,2026-06-20,Annual,0,Not Churned
CUST08173,2024-12-09,Standard,66,20,India,26-35,Paid Ads,1,6,0,2026-06-29,Monthly,0,Not Churned
CUST08174,2026-07-02,Basic,27,1,USA,18-25,Organic,3,12,1,2026-07-17,Monthly,0,Not Churned
CUST08175,2025-08-06,Standard,68,12,USA,26-35,Partner,1,5,1,2026-07-27,Annual,0,Not Churned
CUST08176,2023-09-16,Basic,25,35,India,36-45,Partner,3,8,1,2026-08-05,Monthly,0,Not Churned
CUST08177,2024-12-09,Basic,30,20,India,18-25,Organic,5,14,1,2026-06-28,Monthly,0,Not Churned
CUST08178,2025-08-06,Standard,68,12,USA,36-45,Referral,3,13,1,2026-07-01,Annual,0,Not Churned
CUST08179,2022-06-23,Basic,29,50,USA,46-55,Social Media,6,15,0,2026-07-04,Monthly,0,Not Churned
CUST08180,2025-08-06,Basic,34,12,India,26-35,Paid Ads,1,12,0,2026-07-15,Monthly,0,Not Churned
CUST08181,2023-05-19,Basic,26,39,USA,26-35,Paid Ads,3,14,0,2026-06-03,Annual,0,Not Churned
CUST08182,2024-03-14,Basic,31,29,Australia,46-55,Paid Ads,1,11,0,2026-06-19,Monthly,0,Not Churned
CUST08183,2021-10-26,Basic,31,58,USA,36-45,Organic,3,16,1,2026-08-28,Monthly,0,Not Churned
CUST08184,2026-05-03,Premium,94,3,Australia,18-25,Social Media,1,12,1,2026-07-02,Annual,0,Not Churned
CUST08185,2026-01-03,Basic,26,7,Germany,26-35,Paid Ads,1,19,0,2026-07-15,Annual,0,Not Churned
CUST08186,2024-09-10,Basic,28,23,India,36-45,Paid Ads,3,12,0,2026-06-29,Monthly,0,Not Churned
CUST08187,2025-07-07,Basic,25,13,India,36-45,Organic,4,9,1,2026-06-25,Annual,0,Not Churned
CUST08188,2025-09-05,Premium,105,11,USA,36-45,Social Media,2,15,1,2026-08-28,Monthly,0,Not Churned
CUST08189,2024-07-12,Standard,65,25,USA,36-45,Social Media,1,13,0,2026-06-20,Monthly,0,Not Churned
CUST08190,2022-04-24,Basic,28,52,USA,36-45,Referral,2,11,1,2026-07-29,Monthly,1,Pricing
CUST08191,2024-12-09,Premium,104,20,India,26-35,Partner,4,18,0,2026-06-29,Monthly,0,Not Churned
CUST08192,2022-07-23,Basic,33,49,UK,36-45,Organic,3,16,0,2026-06-24,Annual,0,Not Churned
CUST08193,2022-09-21,Basic,26,47,India,56+,Social Media,4,16,0,2026-08-01,Monthly,1,Pricing
CUST08194,2024-05-13,Basic,38,27,Germany,26-35,Referral,1,14,1,2026-08-19,Monthly,1,Pricing
CUST08195,2026-02-02,Basic,32,6,India,36-45,Organic,3,7,0,2026-06-18,Monthly,0,Not Churned
CUST08196,2026-02-02,Basic,34,6,Australia,26-35,Organic,2,9,0,2026-07-26,Monthly,0,Not Churned
CUST08197,2023-05-19,Standard,54,39,India,26-35,Paid Ads,4,14,0,2026-07-23,Annual,0,Not Churned
CUST08198,2023-03-20,Basic,27,41,India,46-55,Social Media,4,16,1,2026-07-13,Monthly,0,Not Churned
CUST08199,2021-10-26,Standard,63,58,India,18-25,Social Media,4,11,0,2026-07-14,Monthly,0,Not Churned
CUST08200,2021-10-26,Basic,29,58,Germany,26-35,Referral,5,12,2,2026-07-16,Monthly,1,Payment Issues
CUST08201,2021-10-26,Basic,38,58,India,26-35,Organic,2,7,0,2026-08-14,Monthly,0,Not Churned
CUST08202,2025-11-04,Standard,62,9,UK,26-35,Partner,0,12,0,2026-07-05,Monthly,0,Not Churned
CUST08203,2024-11-09,Premium,96,21,Australia,36-45,Paid Ads,5,16,0,2026-08-02,Monthly,0,Not Churned
CUST08204,2025-02-07,Basic,38,18,UK,26-35,Referral,5,15,0,2026-06-16,Annual,0,Not Churned
CUST08205,2026-07-02,Standard,56,1,USA,18-25,Social Media,0,16,1,2026-06-24,Annual,0,Not Churned
CUST08206,2022-06-23,Basic,38,50,Germany,26-35,Organic,1,14,0,2026-06-23,Annual,0,Not Churned
CUST08207,2022-06-23,Basic,35,50,Australia,36-45,Referral,4,9,0,2026-08-26,Annual,0,Not Churned
CUST08208,2025-08-06,Basic,28,12,USA,36-45,Organic,3,7,1,2026-07-18,Monthly,0,Not Churned
CUST08209,2026-07-02,Basic,30,1,USA,36-45,Organic,1,11,0,2026-08-29,Annual,0,Not Churned
CUST08210,2024-04-13,Basic,37,28,Germany,36-45,Referral,7,7,0,2026-07-13,Monthly,0,Not Churned
CUST08211,2024-08-11,Basic,28,24,Germany,26-35,Organic,4,10,0,2026-07-06,Monthly,0,Not Churned
CUST08212,2025-01-08,Standard,64,19,USA,36-45,Paid Ads,6,14,1,2026-06-08,Monthly,0,Not Churned
CUST08213,2021-10-26,Basic,31,58,Australia,18-25,Organic,3,12,1,2026-07-18,Monthly,1,Pricing
CUST08214,2025-06-07,Standard,58,14,India,26-35,Paid Ads,6,9,0,2026-06-21,Monthly,0,Not Churned
CUST08215,2025-06-07,Basic,30,14,USA,36-45,Organic,5,12,2,2026-08-04,Monthly,0,Not Churned
CUST08216,2024-06-12,Standard,59,26,India,26-35,Social Media,1,8,0,2026-07-14,Annual,0,Not Churned
CUST08217,2025-04-08,Standard,67,16,India,26-35,Organic,2,17,1,2026-07-02,Annual,0,Not Churned
CUST08218,2021-08-27,Basic,33,60,UK,26-35,Social Media,5,12,0,2026-06-17,Monthly,0,Not Churned
CUST08219,2024-08-11,Basic,36,24,USA,36-45,Referral,4,14,1,2026-07-21,Monthly,0,Not Churned
CUST08220,2023-12-15,Standard,55,32,India,26-35,Paid Ads,4,4,0,2026-07-25,Monthly,0,Not Churned
CUST08221,2026-02-02,Premium,96,6,USA,56+,Social Media,2,13,1,2026-08-19,Monthly,1,Competitor
CUST08222,2022-07-23,Basic,34,49,USA,26-35,Organic,4,10,0,2026-08-01,Monthly,0,Not Churned
CUST08223,2022-11-20,Basic,34,45,Germany,36-45,Organic,8,17,0,2026-06-29,Annual,0,Not Churned
CUST08224,2024-02-13,Premium,97,30,Australia,46-55,Organic,3,11,0,2026-07-30,Monthly,1,Competitor
CUST08225,2024-09-10,Basic,28,23,USA,36-45,Paid Ads,2,12,0,2026-06-02,Monthly,0,Not Churned
CUST08226,2025-01-08,Standard,62,19,Australia,36-45,Partner,4,8,1,2026-08-14,Annual,0,Not Churned
CUST08227,2024-07-12,Basic,29,25,India,36-45,Organic,2,6,2,2026-06-14,Monthly,0,Not Churned
CUST08228,2024-07-12,Basic,24,25,UK,26-35,Social Media,1,10,0,2026-06-25,Monthly,0,Not Churned
CUST08229,2022-04-24,Standard,56,52,Germany,46-55,Referral,1,9,0,2026-07-14,Monthly,0,Not Churned
CUST08230,2026-06-02,Standard,60,2,USA,18-25,Organic,5,11,0,2026-07-17,Monthly,0,Not Churned
CUST08231,2025-10-05,Basic,31,10,UK,46-55,Partner,7,10,1,2026-07-11,Annual,0,Not Churned
CUST08232,2023-03-20,Standard,60,41,India,36-45,Partner,3,7,0,2026-07-07,Annual,0,Not Churned
CUST08233,2022-03-25,Standard,58,53,India,46-55,Partner,3,8,1,2026-07-20,Monthly,0,Not Churned
CUST08234,2024-05-13,Standard,68,27,USA,18-25,Paid Ads,0,11,0,2026-07-21,Monthly,0,Not Churned
CUST08235,2022-12-20,Basic,33,44,Germany,46-55,Organic,4,7,1,2026-06-18,Annual,1,Pricing
CUST08236,2025-12-04,Standard,61,8,USA,18-25,Paid Ads,1,14,0,2026-08-13,Monthly,0,Not Churned
CUST08237,2023-03-20,Standard,62,41,Germany,36-45,Referral,3,19,1,2026-08-03,Monthly,0,Not Churned
CUST08238,2023-01-19,Standard,60,43,Australia,26-35,Paid Ads,3,15,0,2026-08-17,Annual,0,Not Churned
CUST08239,2023-11-15,Standard,64,33,India,36-45,Referral,1,16,0,2026-07-30,Annual,1,Competitor
CUST08240,2023-01-19,Basic,32,43,USA,36-45,Social Media,1,17,0,2026-07-02,Annual,1,Pricing
CUST08241,2025-01-08,Standard,54,19,UK,26-35,Organic,3,7,1,2026-07-22,Monthly,0,Not Churned
CUST08242,2022-01-24,Standard,67,55,USA,36-45,Paid Ads,1,16,0,2026-06-08,Monthly,0,Not Churned
CUST08243,2024-02-13,Basic,32,30,India,26-35,Partner,1,9,0,2026-07-08,Annual,0,Not Churned
CUST08244,2023-10-16,Standard,56,34,Germany,36-45,Organic,4,13,0,2026-08-31,Monthly,0,Not Churned
CUST08245,2025-06-07,Basic,29,14,Canada,36-45,Paid Ads,3,8,1,2026-07-10,Monthly,0,Not Churned
CUST08246,2023-08-17,Standard,61,36,USA,18-25,Organic,3,10,0,2026-06-15,Monthly,0,Not Churned
CUST08247,2024-12-09,Basic,26,20,UK,36-45,Paid Ads,4,13,1,2026-06-12,Monthly,0,Not Churned
CUST08248,2024-09-10,Standard,57,23,India,36-45,Paid Ads,3,13,1,2026-06-03,Monthly,0,Not Churned
CUST08249,2025-05-08,Premium,100,15,USA,26-35,Organic,0,9,1,2026-06-23,Monthly,0,Not Churned
CUST08250,2026-06-02,Standard,65,2,Germany,56+,Organic,0,7,1,2026-08-25,Monthly,0,Not Churned
CUST08251,2024-08-11,Premium,100,24,Australia,36-45,Referral,6,14,0,2026-07-10,Monthly,0,Not Churned
CUST08252,2024-08-11,Premium,97,24,India,26-35,Paid Ads,5,13,1,2026-07-06,Monthly,1,Competitor
CUST08253,2024-01-14,Basic,32,31,USA,18-25,Organic,2,12,0,2026-08-16,Monthly,0,Not Churned
CUST08254,2025-04-08,Standard,66,16,UK,36-45,Social Media,3,15,0,2026-06-12,Monthly,1,Competitor
CUST08255,2022-02-23,Standard,56,54,India,26-35,Referral,3,13,1,2026-07-22,Monthly,0,Not Churned
CUST08256,2026-04-03,Premium,105,4,India,26-35,Organic,2,13,0,2026-08-08,Monthly,0,Not Churned
CUST08257,2023-10-16,Basic,31,34,USA,18-25,Social Media,3,9,1,2026-07-05,Monthly,1,Pricing
CUST08258,2025-05-08,Premium,101,15,UK,36-45,Organic,3,9,0,2026-07-26,Monthly,0,Not Churned
CUST08259,2025-01-08,Standard,66,19,India,36-45,Organic,3,11,0,2026-06-30,Monthly,0,Not Churned
CUST08260,2025-01-08,Standard,57,19,India,18-25,Social Media,3,13,1,2026-08-22,Monthly,0,Not Churned
CUST08261,2022-08-22,Basic,30,48,India,36-45,Organic,0,17,0,2026-08-05,Annual,0,Not Churned
CUST08262,2022-12-20,Basic,27,44,India,56+,Social Media,6,13,0,2026-08-09,Monthly,0,Not Churned
CUST08263,2023-09-16,Standard,66,35,USA,56+,Social Media,4,15,0,2026-08-30,Annual,0,Not Churned
CUST08264,2024-12-09,Basic,35,20,India,46-55,Paid Ads,5,10,0,2026-08-23,Annual,0,Not Churned
CUST08265,2022-09-21,Premium,94,47,India,46-55,Organic,2,12,0,2026-07-26,Monthly,0,Not Churned
CUST08266,2023-05-19,Basic,24,39,Australia,26-35,Organic,2,15,0,2026-06-25,Monthly,0,Not Churned
CUST08267,2023-03-20,Standard,67,41,India,26-35,Organic,2,7,0,2026-08-01,Monthly,0,Not Churned
CUST08268,2021-10-26,Basic,24,58,USA,26-35,Social Media,3,11,1,2026-06-08,Monthly,1,Pricing
CUST08269,2024-03-14,Standard,55,29,Germany,36-45,Paid Ads,1,14,0,2026-06-08,Annual,0,Not Churned
CUST08270,2025-05-08,Standard,59,15,UK,46-55,Organic,4,16,1,2026-08-20,Annual,0,Not Churned
CUST08271,2024-12-09,Basic,35,20,UK,26-35,Referral,1,11,0,2026-07-07,Monthly,0,Not Churned
CUST08272,2023-12-15,Basic,33,32,USA,26-35,Organic,4,10,0,2026-06-14,Monthly,0,Not Churned
CUST08273,2025-07-07,Basic,34,13,India,36-45,Organic,1,16,0,2026-08-17,Monthly,0,Not Churned
CUST08274,2026-01-03,Standard,58,7,UK,26-35,Organic,1,21,1,2026-06-11,Monthly,0,Not Churned
CUST08275,2021-10-26,Standard,64,58,UK,26-35,Social Media,2,11,0,2026-08-12,Monthly,0,Not Churned
CUST08276,2022-02-23,Standard,55,54,India,26-35,Organic,4,9,1,2026-08-06,Monthly,0,Not Churned
CUST08277,2025-04-08,Standard,61,16,USA,56+,Paid Ads,4,14,0,2026-07-14,Monthly,0,Not Churned
CUST08278,2025-10-05,Standard,62,10,Australia,26-35,Organic,2,11,0,2026-08-08,Annual,0,Not Churned
CUST08279,2021-11-25,Basic,30,57,India,36-45,Referral,1,13,0,2026-06-08,Annual,0,Not Churned
CUST08280,2021-12-25,Basic,35,56,USA,26-35,Paid Ads,5,9,0,2026-08-18,Monthly,0,Not Churned
CUST08281,2026-06-02,Basic,37,2,USA,36-45,Organic,3,6,0,2026-06-27,Monthly,0,Not Churned
CUST08282,2022-05-24,Premium,108,51,Canada,26-35,Paid Ads,2,7,0,2026-07-11,Monthly,0,Not Churned
CUST08283,2023-06-18,Premium,108,38,Australia,26-35,Referral,1,18,1,2026-06-08,Annual,0,Not Churned
CUST08284,2022-03-25,Basic,35,53,Canada,26-35,Organic,3,13,0,2026-08-29,Monthly,0,Not Churned
CUST08285,2025-02-07,Standard,62,18,USA,18-25,Social Media,4,20,0,2026-06-09,Monthly,0,Not Churned
CUST08286,2023-10-16,Premium,97,34,India,36-45,Paid Ads,3,11,1,2026-08-10,Annual,0,Not Churned
CUST08287,2024-11-09,Standard,66,21,India,26-35,Referral,2,13,0,2026-08-21,Monthly,0,Not Churned
CUST08288,2024-11-09,Basic,30,21,UK,46-55,Referral,7,16,1,2026-06-08,Monthly,1,Poor Support Experience
CUST08289,2026-07-02,Basic,28,1,UK,18-25,Social Media,4,12,1,2026-06-30,Annual,0,Not Churned
CUST08290,2025-05-08,Standard,58,15,Germany,18-25,Paid Ads,2,19,2,2026-08-15,Monthly,0,Not Churned
CUST08291,2025-10-05,Premium,96,10,USA,46-55,Organic,3,11,0,2026-08-24,Annual,1,Competitor
CUST08292,2021-09-26,Standard,62,59,UK,18-25,Social Media,2,19,2,2026-07-29,Annual,0,Not Churned
CUST08293,2023-09-16,Basic,36,35,USA,18-25,Social Media,4,16,1,2026-06-28,Monthly,0,Not Churned
CUST08294,2024-07-12,Basic,33,25,India,26-35,Partner,2,14,0,2026-08-18,Annual,0,Not Churned
CUST08295,2023-12-15,Standard,58,32,USA,46-55,Organic,5,6,0,2026-07-10,Monthly,0,Not Churned
CUST08296,2024-01-14,Premium,99,31,USA,46-55,Referral,3,23,0,2026-08-28,Annual,0,Not Churned
CUST08297,2025-10-05,Standard,56,10,Germany,26-35,Paid Ads,7,11,0,2026-07-17,Monthly,1,Poor Support Experience
CUST08298,2026-05-03,Standard,63,3,USA,36-45,Referral,4,8,1,2026-08-29,Annual,0,Not Churned
CUST08299,2024-10-10,Basic,30,22,Germany,36-45,Partner,4,11,1,2026-07-22,Monthly,0,Not Churned
CUST08300,2023-06-18,Premium,102,38,USA,46-55,Paid Ads,3,10,0,2026-06-05,Monthly,1,Competitor
CUST08301,2026-06-02,Standard,62,2,India,18-25,Referral,4,10,1,2026-07-18,Annual,0,Not Churned
CUST08302,2024-09-10,Basic,37,23,India,46-55,Paid Ads,1,19,0,2026-07-10,Monthly,0,Not Churned
CUST08303,2021-11-25,Standard,68,57,India,26-35,Organic,5,11,0,2026-06-19,Monthly,0,Not Churned
CUST08304,2023-03-20,Basic,36,41,USA,26-35,Paid Ads,2,12,0,2026-08-06,Monthly,0,Not Churned
CUST08305,2023-04-19,Basic,33,40,India,26-35,Organic,2,12,1,2026-08-01,Monthly,1,Pricing
CUST08306,2022-03-25,Basic,37,53,USA,36-45,Organic,3,9,0,2026-07-20,Monthly,0,Not Churned
CUST08307,2024-08-11,Basic,33,24,Germany,36-45,Organic,2,15,0,2026-07-21,Annual,0,Not Churned
CUST08308,2023-12-15,Basic,28,32,UK,36-45,Paid Ads,2,7,0,2026-07-23,Monthly,1,Pricing
CUST08309,2021-11-25,Standard,60,57,Canada,36-45,Paid Ads,0,13,1,2026-07-10,Monthly,0,Not Churned
CUST08310,2023-11-15,Standard,66,33,India,36-45,Social Media,4,9,0,2026-06-19,Annual,0,Not Churned
CUST08311,2022-07-23,Standard,65,49,USA,36-45,Paid Ads,3,18,1,2026-06-16,Monthly,0,Not Churned
CUST08312,2024-05-13,Basic,35,27,India,26-35,Paid Ads,5,9,0,2026-06-21,Annual,0,Not Churned
CUST08313,2025-07-07,Basic,36,13,Australia,26-35,Organic,2,14,0,2026-07-16,Monthly,0,Not Churned
CUST08314,2023-07-18,Standard,56,37,India,26-35,Social Media,7,13,0,2026-08-04,Monthly,1,Poor Support Experience
CUST08315,2023-05-19,Basic,29,39,USA,26-35,Organic,6,14,0,2026-08-18,Monthly,0,Not Churned
CUST08316,2024-03-14,Basic,35,29,USA,36-45,Partner,3,20,1,2026-08-09,Monthly,0,Not Churned
CUST08317,2023-03-20,Premium,101,41,USA,36-45,Paid Ads,5,10,0,2026-08-11,Monthly,0,Not Churned
CUST08318,2024-07-12,Standard,66,25,Australia,36-45,Organic,5,13,0,2026-07-04,Monthly,0,Not Churned
CUST08319,2022-10-21,Premium,101,46,India,26-35,Paid Ads,3,15,0,2026-07-19,Monthly,0,Not Churned
CUST08320,2025-01-08,Standard,55,19,USA,36-45,Organic,2,11,1,2026-07-12,Monthly,1,Competitor
CUST08321,2026-07-02,Basic,29,1,Canada,26-35,Organic,4,12,2,2026-07-02,Annual,0,Not Churned
CUST08322,2023-09-16,Standard,60,35,USA,46-55,Paid Ads,6,9,1,2026-07-08,Monthly,1,Competitor
CUST08323,2025-04-08,Basic,35,16,USA,26-35,Referral,1,11,0,2026-06-30,Monthly,0,Not Churned
CUST08324,2025-12-04,Standard,60,8,India,36-45,Organic,0,16,2,2026-06-13,Monthly,1,Payment Issues
CUST08325,2026-01-03,Basic,26,7,Canada,36-45,Referral,4,15,0,2026-08-22,Monthly,0,Not Churned
CUST08326,2024-11-09,Premium,107,21,Germany,46-55,Social Media,0,7,1,2026-07-18,Monthly,0,Not Churned
CUST08327,2025-09-05,Basic,37,11,UK,26-35,Referral,5,15,1,2026-06-11,Monthly,1,Pricing
CUST08328,2024-06-12,Premium,102,26,Australia,26-35,Organic,3,11,1,2026-06-04,Monthly,0,Not Churned
CUST08329,2021-08-27,Premium,95,60,USA,26-35,Organic,2,11,2,2026-08-12,Monthly,0,Not Churned
CUST08330,2025-05-08,Standard,64,15,India,26-35,Organic,4,16,0,2026-08-13,Monthly,0,Not Churned
CUST08331,2021-11-25,Standard,56,57,India,36-45,Referral,3,12,1,2026-08-28,Annual,0,Not Churned
CUST08332,2022-11-20,Standard,68,45,UK,46-55,Referral,4,9,1,2026-08-27,Monthly,0,Not Churned
CUST08333,2022-04-24,Premium,104,52,USA,18-25,Paid Ads,3,9,2,2026-08-28,Monthly,0,Not Churned
CUST08334,2026-02-02,Standard,55,6,Canada,36-45,Organic,4,10,0,2026-06-29,Monthly,0,Not Churned
CUST08335,2021-08-27,Standard,64,60,UK,46-55,Organic,2,11,1,2026-08-26,Annual,1,Competitor
CUST08336,2023-07-18,Standard,62,37,Germany,18-25,Social Media,7,17,0,2026-08-21,Monthly,0,Not Churned
CUST08337,2022-02-23,Premium,97,54,USA,26-35,Paid Ads,4,13,0,2026-07-10,Monthly,0,Not Churned
CUST08338,2026-04-03,Standard,55,4,USA,46-55,Partner,1,11,1,2026-06-20,Monthly,0,Not Churned
CUST08339,2025-01-08,Standard,56,19,India,46-55,Partner,1,10,0,2026-06-27,Monthly,0,Not Churned
CUST08340,2022-09-21,Standard,66,47,USA,36-45,Social Media,4,7,0,2026-07-18,Monthly,0,Not Churned
CUST08341,2024-11-09,Premium,97,21,Australia,18-25,Organic,3,14,2,2026-08-23,Monthly,1,Payment Issues
CUST08342,2023-07-18,Standard,68,37,India,18-25,Organic,2,8,1,2026-08-23,Monthly,0,Not Churned
CUST08343,2023-01-19,Basic,37,43,Germany,36-45,Organic,6,11,0,2026-06-20,Annual,0,Not Churned
CUST08344,2025-02-07,Standard,63,18,Germany,18-25,Partner,2,14,2,2026-08-05,Annual,0,Not Churned
CUST08345,2023-02-18,Premium,106,42,USA,18-25,Paid Ads,5,15,0,2026-07-22,Annual,0,Not Churned
CUST08346,2022-08-22,Standard,59,48,India,36-45,Referral,4,9,1,2026-08-08,Monthly,0,Not Churned
CUST08347,2023-08-17,Premium,98,36,India,36-45,Partner,1,6,1,2026-06-20,Annual,0,Not Churned
CUST08348,2022-05-24,Basic,26,51,India,46-55,Social Media,5,9,1,2026-06-05,Monthly,0,Not Churned
CUST08349,2022-01-24,Standard,63,55,India,18-25,Referral,1,15,0,2026-08-06,Monthly,0,Not Churned
CUST08350,2023-07-18,Standard,61,37,USA,26-35,Organic,2,8,1,2026-07-18,Monthly,0,Not Churned
CUST08351,2025-05-08,Premium,101,15,India,46-55,Organic,3,13,1,2026-06-17,Annual,0,Not Churned
CUST08352,2023-06-18,Basic,30,38,UK,36-45,Paid Ads,4,12,0,2026-07-15,Monthly,1,Pricing
CUST08353,2021-09-26,Premium,96,59,USA,46-55,Partner,1,16,0,2026-06-28,Monthly,1,Competitor
CUST08354,2022-01-24,Standard,67,55,India,56+,Partner,3,10,1,2026-06-28,Annual,0,Not Churned
CUST08355,2026-06-02,Basic,38,2,USA,46-55,Organic,4,10,1,2026-07-18,Monthly,0,Not Churned
CUST08356,2023-02-18,Basic,24,42,Germany,36-45,Organic,3,17,1,2026-08-07,Monthly,0,Not Churned
CUST08357,2022-04-24,Basic,28,52,UK,26-35,Referral,4,12,0,2026-07-27,Monthly,1,Pricing
CUST08358,2024-01-14,Standard,54,31,USA,36-45,Paid Ads,5,15,0,2026-08-09,Monthly,0,Not Churned
CUST08359,2026-02-02,Basic,29,6,Canada,36-45,Organic,5,15,0,2026-06-02,Annual,0,Not Churned
CUST08360,2025-01-08,Basic,34,19,Canada,26-35,Paid Ads,1,6,1,2026-07-23,Monthly,0,Not Churned
CUST08361,2023-06-18,Premium,100,38,Australia,36-45,Partner,2,5,0,2026-06-11,Monthly,0,Not Churned
CUST08362,2021-10-26,Basic,38,58,India,18-25,Partner,4,6,1,2026-06-21,Monthly,0,Not Churned
CUST08363,2025-05-08,Basic,38,15,Australia,36-45,Referral,5,7,0,2026-08-10,Monthly,1,Pricing
CUST08364,2023-11-15,Standard,65,33,India,18-25,Referral,2,10,0,2026-06-11,Monthly,0,Not Churned
CUST08365,2023-04-19,Standard,58,40,Germany,26-35,Organic,5,19,0,2026-06-03,Monthly,0,Not Churned
CUST08366,2024-06-12,Standard,57,26,India,46-55,Referral,3,15,0,2026-07-16,Annual,0,Not Churned
CUST08367,2022-03-25,Standard,55,53,Germany,18-25,Organic,2,14,0,2026-06-07,Monthly,0,Not Churned
CUST08368,2024-02-13,Standard,58,30,Germany,36-45,Organic,4,12,1,2026-07-06,Annual,0,Not Churned
CUST08369,2025-09-05,Standard,62,11,India,26-35,Organic,8,10,0,2026-08-17,Annual,0,Not Churned
CUST08370,2022-10-21,Basic,27,46,Germany,46-55,Paid Ads,3,15,0,2026-08-28,Monthly,0,Not Churned
CUST08371,2026-07-02,Basic,37,1,India,46-55,Social Media,4,10,2,2026-07-31,Monthly,0,Not Churned
CUST08372,2025-06-07,Standard,55,14,India,46-55,Partner,3,16,0,2026-08-21,Monthly,0,Not Churned
CUST08373,2021-10-26,Basic,36,58,USA,46-55,Referral,2,16,0,2026-08-25,Monthly,0,Not Churned
CUST08374,2025-10-05,Standard,68,10,Germany,36-45,Referral,3,13,0,2026-08-26,Annual,0,Not Churned
CUST08375,2021-09-26,Standard,59,59,USA,26-35,Organic,2,11,2,2026-08-23,Monthly,0,Not Churned
CUST08376,2025-03-09,Basic,31,17,USA,26-35,Paid Ads,2,7,0,2026-08-16,Annual,0,Not Churned
CUST08377,2025-09-05,Basic,25,11,UK,26-35,Referral,4,11,0,2026-08-13,Annual,0,Not Churned
CUST08378,2023-02-18,Basic,32,42,Germany,36-45,Paid Ads,3,12,1,2026-06-23,Annual,1,Pricing
CUST08379,2025-05-08,Standard,60,15,Canada,36-45,Organic,3,7,1,2026-07-23,Monthly,0,Not Churned
CUST08380,2025-08-06,Standard,67,12,India,26-35,Referral,2,9,1,2026-08-25,Monthly,0,Not Churned
CUST08381,2026-05-03,Standard,66,3,India,18-25,Organic,6,8,0,2026-07-10,Monthly,0,Not Churned
CUST08382,2024-10-10,Basic,25,22,India,26-35,Organic,1,10,1,2026-07-07,Annual,0,Not Churned
CUST08383,2022-06-23,Standard,64,50,UK,26-35,Paid Ads,1,12,0,2026-06-23,Monthly,0,Not Churned
CUST08384,2021-12-25,Premium,98,56,India,36-45,Organic,3,16,0,2026-08-01,Annual,1,Competitor
CUST08385,2021-09-26,Basic,28,59,India,36-45,Referral,4,12,2,2026-07-27,Monthly,0,Not Churned
CUST08386,2024-06-12,Standard,60,26,Australia,36-45,Referral,6,7,0,2026-07-02,Monthly,0,Not Churned
CUST08387,2023-05-19,Premium,106,39,India,18-25,Organic,3,11,1,2026-07-05,Monthly,0,Not Churned
CUST08388,2023-01-19,Basic,38,43,USA,56+,Partner,2,16,0,2026-06-24,Monthly,0,Not Churned
CUST08389,2022-06-23,Standard,58,50,USA,18-25,Social Media,2,10,0,2026-08-20,Monthly,0,Not Churned
CUST08390,2022-07-23,Basic,34,49,India,26-35,Organic,5,16,0,2026-06-22,Monthly,0,Not Churned
CUST08391,2024-09-10,Standard,67,23,USA,36-45,Referral,1,13,0,2026-06-08,Monthly,0,Not Churned
CUST08392,2025-04-08,Basic,29,16,USA,18-25,Paid Ads,2,6,1,2026-06-11,Annual,0,Not Churned
CUST08393,2022-01-24,Premium,107,55,Australia,18-25,Social Media,5,10,0,2026-08-18,Monthly,0,Not Churned
CUST08394,2026-05-03,Standard,62,3,India,18-25,Social Media,1,10,1,2026-08-28,Annual,1,Competitor
CUST08395,2024-02-13,Standard,56,30,USA,36-45,Organic,4,11,3,2026-07-23,Annual,0,Not Churned
CUST08396,2021-10-26,Standard,56,58,Canada,46-55,Referral,0,14,0,2026-06-04,Monthly,1,Competitor
CUST08397,2025-07-07,Standard,61,13,Canada,36-45,Social Media,0,12,0,2026-06-04,Monthly,0,Not Churned
CUST08398,2025-12-04,Standard,63,8,Canada,36-45,Paid Ads,3,11,0,2026-07-08,Monthly,0,Not Churned
CUST08399,2024-08-11,Premium,105,24,Germany,26-35,Organic,2,17,0,2026-07-30,Monthly,0,Not Churned
CUST08400,2026-03-04,Premium,99,5,Canada,18-25,Organic,2,18,0,2026-08-17,Annual,0,Not Churned
CUST08401,2026-01-03,Standard,65,7,USA,18-25,Organic,2,11,3,2026-08-01,Annual,0,Not Churned
CUST08402,2022-05-24,Premium,103,51,Australia,46-55,Organic,5,17,1,2026-08-15,Monthly,0,Not Churned
CUST08403,2022-02-23,Standard,56,54,USA,18-25,Paid Ads,2,12,2,2026-06-09,Annual,0,Not Churned
CUST08404,2022-05-24,Standard,55,51,India,56+,Organic,2,13,1,2026-07-16,Monthly,0,Not Churned
CUST08405,2024-05-13,Standard,66,27,India,26-35,Organic,4,14,0,2026-06-24,Monthly,0,Not Churned
CUST08406,2025-08-06,Basic,25,12,India,36-45,Referral,4,13,2,2026-07-25,Monthly,1,Payment Issues
CUST08407,2023-03-20,Basic,25,41,India,46-55,Partner,2,15,0,2026-06-25,Monthly,0,Not Churned
CUST08408,2022-01-24,Basic,38,55,India,26-35,Partner,2,6,1,2026-06-26,Monthly,0,Not Churned
CUST08409,2022-07-23,Standard,58,49,India,36-45,Organic,5,10,0,2026-07-21,Monthly,1,Competitor
CUST08410,2021-12-25,Basic,38,56,Australia,26-35,Social Media,1,11,0,2026-08-25,Monthly,0,Not Churned
CUST08411,2024-07-12,Standard,65,25,Germany,26-35,Partner,6,7,0,2026-06-30,Monthly,0,Not Churned
CUST08412,2023-02-18,Premium,98,42,USA,26-35,Partner,0,13,0,2026-07-09,Annual,0,Not Churned
CUST08413,2022-06-23,Basic,24,50,Australia,46-55,Social Media,2,13,0,2026-07-29,Monthly,0,Not Churned
CUST08414,2023-11-15,Standard,55,33,India,26-35,Social Media,4,10,2,2026-06-27,Monthly,0,Not Churned
CUST08415,2025-05-08,Basic,25,15,Australia,26-35,Organic,5,6,1,2026-08-09,Monthly,1,Pricing
CUST08416,2024-01-14,Basic,38,31,USA,56+,Organic,1,5,1,2026-07-07,Monthly,0,Not Churned
CUST08417,2025-09-05,Standard,57,11,India,26-35,Paid Ads,3,15,1,2026-06-11,Annual,0,Not Churned
CUST08418,2023-08-17,Standard,60,36,India,26-35,Organic,3,10,0,2026-08-01,Annual,0,Not Churned
CUST08419,2021-11-25,Standard,56,57,India,56+,Partner,1,8,0,2026-08-20,Monthly,0,Not Churned
CUST08420,2026-02-02,Basic,28,6,India,26-35,Paid Ads,5,15,0,2026-07-16,Annual,0,Not Churned
CUST08421,2021-09-26,Standard,64,59,India,26-35,Partner,2,11,1,2026-08-19,Monthly,0,Not Churned
CUST08422,2022-11-20,Basic,32,45,India,46-55,Social Media,2,15,0,2026-08-26,Monthly,0,Not Churned
CUST08423,2021-08-27,Basic,28,60,India,26-35,Paid Ads,2,16,1,2026-08-26,Annual,0,Not Churned
CUST08424,2024-06-12,Basic,32,26,India,26-35,Organic,8,11,1,2026-08-04,Monthly,0,Not Churned
CUST08425,2025-12-04,Basic,24,8,Germany,26-35,Organic,5,8,0,2026-07-11,Annual,1,Pricing
CUST08426,2023-05-19,Basic,32,39,India,36-45,Referral,3,13,0,2026-06-02,Annual,0,Not Churned
CUST08427,2023-07-18,Basic,37,37,India,18-25,Social Media,4,8,0,2026-07-23,Monthly,0,Not Churned
CUST08428,2023-07-18,Premium,98,37,UK,26-35,Partner,4,9,0,2026-07-21,Monthly,1,Competitor
CUST08429,2022-08-22,Basic,31,48,Australia,26-35,Organic,5,9,0,2026-06-12,Monthly,0,Not Churned
CUST08430,2024-02-13,Basic,28,30,USA,26-35,Organic,1,12,0,2026-06-16,Annual,1,Pricing
CUST08431,2023-06-18,Basic,37,38,Australia,36-45,Organic,4,11,0,2026-06-13,Annual,0,Not Churned
CUST08432,2025-04-08,Standard,65,16,India,26-35,Organic,2,19,0,2026-08-06,Annual,0,Not Churned
CUST08433,2025-05-08,Basic,29,15,India,36-45,Social Media,6,12,0,2026-06-02,Monthly,0,Not Churned
CUST08434,2023-06-18,Premium,101,38,India,36-45,Organic,3,15,0,2026-07-06,Annual,0,Not Churned
CUST08435,2022-03-25,Premium,95,53,UK,26-35,Paid Ads,3,22,0,2026-08-04,Annual,0,Not Churned
CUST08436,2025-12-04,Basic,26,8,USA,26-35,Paid Ads,4,6,1,2026-06-04,Monthly,0,Not Churned
CUST08437,2023-09-16,Standard,64,35,UK,26-35,Paid Ads,2,7,0,2026-07-17,Monthly,0,Not Churned
CUST08438,2025-11-04,Basic,32,9,India,18-25,Referral,3,4,0,2026-07-14,Monthly,0,Not Churned
CUST08439,2024-11-09,Standard,58,21,UK,36-45,Paid Ads,3,21,0,2026-06-06,Annual,1,Competitor
CUST08440,2023-03-20,Standard,58,41,India,36-45,Paid Ads,4,16,1,2026-07-12,Monthly,0,Not Churned
CUST08441,2026-03-04,Basic,32,5,USA,26-35,Referral,4,22,0,2026-08-10,Monthly,0,Not Churned
CUST08442,2025-01-08,Basic,33,19,USA,36-45,Organic,5,9,0,2026-06-14,Monthly,0,Not Churned
CUST08443,2021-11-25,Standard,56,57,UK,56+,Referral,2,9,1,2026-07-27,Annual,0,Not Churned
CUST08444,2022-08-22,Standard,67,48,India,18-25,Partner,1,17,1,2026-06-22,Annual,0,Not Churned
CUST08445,2025-04-08,Basic,27,16,Australia,26-35,Referral,0,12,0,2026-07-02,Annual,0,Not Churned
CUST08446,2025-02-07,Standard,60,18,Canada,36-45,Paid Ads,1,11,1,2026-06-07,Monthly,0,Not Churned
CUST08447,2025-08-06,Standard,55,12,India,18-25,Referral,3,9,0,2026-08-22,Annual,0,Not Churned
CUST08448,2025-04-08,Premium,101,16,Germany,36-45,Social Media,1,15,0,2026-08-07,Monthly,1,Competitor
CUST08449,2026-03-04,Basic,28,5,UK,56+,Paid Ads,4,10,0,2026-07-18,Annual,0,Not Churned
CUST08450,2026-05-03,Standard,68,3,USA,18-25,Referral,2,13,0,2026-08-13,Monthly,0,Not Churned
CUST08451,2026-01-03,Standard,54,7,India,46-55,Paid Ads,0,8,0,2026-08-31,Annual,0,Not Churned
CUST08452,2022-04-24,Basic,26,52,USA,26-35,Social Media,3,9,0,2026-07-31,Monthly,0,Not Churned
CUST08453,2023-12-15,Standard,68,32,India,18-25,Organic,5,11,1,2026-08-01,Annual,0,Not Churned
CUST08454,2024-01-14,Standard,62,31,USA,26-35,Partner,5,13,0,2026-07-30,Monthly,0,Not Churned
CUST08455,2025-06-07,Premium,98,14,USA,18-25,Referral,3,10,0,2026-07-14,Monthly,0,Not Churned
CUST08456,2024-08-11,Basic,31,24,UK,36-45,Paid Ads,3,19,1,2026-08-17,Monthly,1,Pricing
CUST08457,2022-08-22,Standard,54,48,India,18-25,Paid Ads,4,8,1,2026-08-20,Monthly,0,Not Churned
CUST08458,2023-11-15,Basic,37,33,Australia,36-45,Paid Ads,4,8,0,2026-08-12,Monthly,0,Not Churned
CUST08459,2026-03-04,Premium,100,5,India,26-35,Organic,7,15,0,2026-06-28,Monthly,0,Not Churned
CUST08460,2025-12-04,Basic,30,8,USA,26-35,Organic,1,7,1,2026-08-25,Monthly,0,Not Churned
CUST08461,2026-06-02,Premium,101,2,Canada,26-35,Paid Ads,3,17,1,2026-06-20,Annual,0,Not Churned
CUST08462,2022-02-23,Premium,96,54,UK,26-35,Paid Ads,2,7,0,2026-06-07,Annual,1,Competitor
CUST08463,2023-05-19,Basic,24,39,India,26-35,Paid Ads,3,10,1,2026-07-01,Monthly,0,Not Churned
CUST08464,2023-06-18,Premium,104,38,USA,36-45,Organic,5,15,0,2026-07-16,Monthly,0,Not Churned
CUST08465,2023-02-18,Premium,108,42,India,26-35,Referral,3,16,1,2026-07-17,Monthly,0,Not Churned
CUST08466,2023-09-16,Basic,32,35,USA,36-45,Organic,1,15,0,2026-07-16,Monthly,0,Not Churned
CUST08467,2023-06-18,Standard,54,38,India,26-35,Organic,2,12,0,2026-07-29,Annual,0,Not Churned
CUST08468,2022-01-24,Standard,64,55,Canada,36-45,Organic,2,11,1,2026-08-23,Monthly,0,Not Churned
CUST08469,2022-05-24,Basic,29,51,USA,36-45,Paid Ads,3,14,1,2026-06-25,Monthly,0,Not Churned
CUST08470,2021-08-27,Basic,32,60,India,26-35,Organic,0,9,1,2026-06-14,Monthly,0,Not Churned
CUST08471,2021-10-26,Basic,37,58,India,36-45,Organic,6,7,0,2026-08-19,Annual,0,Not Churned
CUST08472,2023-10-16,Basic,25,34,India,26-35,Paid Ads,4,13,2,2026-06-17,Annual,0,Not Churned
CUST08473,2022-05-24,Standard,57,51,USA,46-55,Organic,2,10,0,2026-07-03,Monthly,1,Competitor
CUST08474,2021-08-27,Basic,25,60,USA,36-45,Paid Ads,1,16,2,2026-07-22,Annual,0,Not Churned
CUST08475,2024-02-13,Premium,97,30,USA,36-45,Paid Ads,3,10,0,2026-06-20,Monthly,0,Not Churned
CUST08476,2022-07-23,Standard,55,49,Canada,46-55,Social Media,3,21,0,2026-07-23,Monthly,0,Not Churned
CUST08477,2024-09-10,Basic,35,23,India,46-55,Social Media,2,7,0,2026-08-11,Annual,0,Not Churned
CUST08478,2026-04-03,Standard,54,4,Germany,36-45,Partner,5,11,1,2026-06-19,Annual,0,Not Churned
CUST08479,2023-09-16,Standard,64,35,India,18-25,Paid Ads,3,6,0,2026-06-28,Monthly,0,Not Churned
CUST08480,2025-06-07,Premium,96,14,India,36-45,Referral,3,5,0,2026-06-09,Monthly,1,Competitor
CUST08481,2024-10-10,Basic,31,22,UK,26-35,Partner,3,17,0,2026-08-13,Monthly,0,Not Churned
CUST08482,2024-02-13,Basic,28,30,Canada,36-45,Paid Ads,3,15,2,2026-08-19,Annual,0,Not Churned
CUST08483,2026-05-03,Premium,97,3,USA,36-45,Referral,2,14,0,2026-06-12,Annual,1,Competitor
CUST08484,2021-08-27,Premium,98,60,Canada,36-45,Paid Ads,4,7,0,2026-08-27,Monthly,0,Not Churned
CUST08485,2025-09-05,Standard,59,11,Australia,36-45,Paid Ads,7,13,2,2026-07-11,Annual,0,Not Churned
CUST08486,2025-10-05,Standard,59,10,Canada,36-45,Organic,5,7,0,2026-08-17,Monthly,0,Not Churned
CUST08487,2026-05-03,Basic,28,3,India,18-25,Social Media,1,11,0,2026-06-13,Monthly,0,Not Churned
CUST08488,2023-03-20,Standard,65,41,Australia,26-35,Partner,5,13,0,2026-08-04,Monthly,0,Not Churned
CUST08489,2022-08-22,Basic,34,48,Canada,36-45,Organic,1,10,1,2026-08-18,Monthly,0,Not Churned
CUST08490,2022-06-23,Basic,35,50,UK,26-35,Social Media,4,9,3,2026-06-19,Monthly,0,Not Churned
CUST08491,2026-03-04,Premium,99,5,Canada,36-45,Organic,4,12,0,2026-08-10,Monthly,0,Not Churned
CUST08492,2021-10-26,Basic,32,58,Germany,18-25,Organic,6,7,0,2026-06-10,Monthly,0,Not Churned
CUST08493,2025-05-08,Standard,58,15,USA,26-35,Referral,3,11,0,2026-08-27,Monthly,0,Not Churned
CUST08494,2021-10-26,Premium,106,58,India,36-45,Organic,5,10,0,2026-08-25,Monthly,0,Not Churned
CUST08495,2022-08-22,Basic,29,48,USA,36-45,Paid Ads,4,14,0,2026-08-20,Monthly,0,Not Churned
CUST08496,2022-06-23,Premium,97,50,India,26-35,Organic,2,12,1,2026-06-23,Monthly,0,Not Churned
CUST08497,2026-02-02,Premium,106,6,India,26-35,Referral,2,15,0,2026-06-06,Monthly,0,Not Churned
CUST08498,2026-04-03,Standard,56,4,USA,18-25,Paid Ads,1,9,0,2026-06-22,Monthly,0,Not Churned
CUST08499,2024-09-10,Basic,36,23,India,18-25,Partner,2,3,1,2026-08-05,Annual,0,Not Churned
CUST08500,2022-11-20,Basic,35,45,UK,18-25,Referral,3,11,0,2026-08-22,Monthly,0,Not Churned
CUST08501,2026-07-02,Standard,59,1,Australia,36-45,Organic,3,11,3,2026-06-13,Monthly,1,Payment Issues
CUST08502,2021-12-25,Basic,34,56,USA,46-55,Paid Ads,5,15,1,2026-07-21,Annual,0,Not Churned
CUST08503,2023-10-16,Basic,34,34,Australia,26-35,Partner,3,17,0,2026-08-15,Monthly,0,Not Churned
CUST08504,2025-05-08,Premium,98,15,India,18-25,Referral,1,10,1,2026-06-28,Monthly,0,Not Churned
CUST08505,2026-04-03,Basic,27,4,Australia,36-45,Referral,1,10,0,2026-07-02,Monthly,1,Pricing
CUST08506,2024-05-13,Standard,58,27,Australia,46-55,Referral,1,16,0,2026-07-01,Monthly,0,Not Churned
CUST08507,2025-07-07,Basic,30,13,India,18-25,Paid Ads,6,15,1,2026-06-10,Annual,0,Not Churned
CUST08508,2022-01-24,Standard,54,55,India,26-35,Referral,5,11,0,2026-06-03,Monthly,0,Not Churned
CUST08509,2022-10-21,Premium,107,46,India,26-35,Social Media,3,10,0,2026-07-10,Monthly,0,Not Churned
CUST08510,2022-09-21,Basic,38,47,Canada,18-25,Organic,6,16,0,2026-07-23,Monthly,1,Pricing
CUST08511,2023-04-19,Basic,24,40,Australia,36-45,Partner,3,14,0,2026-08-28,Monthly,0,Not Churned
CUST08512,2023-12-15,Standard,64,32,India,56+,Organic,4,13,0,2026-06-17,Monthly,0,Not Churned
CUST08513,2025-11-04,Standard,66,9,USA,36-45,Paid Ads,2,17,0,2026-07-04,Monthly,0,Not Churned
CUST08514,2023-07-18,Standard,54,37,India,56+,Organic,5,12,0,2026-07-30,Monthly,0,Not Churned
CUST08515,2024-07-12,Basic,25,25,USA,26-35,Referral,2,11,0,2026-06-08,Annual,0,Not Churned
CUST08516,2021-11-25,Basic,32,57,Germany,46-55,Paid Ads,5,10,1,2026-07-09,Monthly,1,Pricing
CUST08517,2026-05-03,Premium,106,3,India,26-35,Organic,3,15,2,2026-07-05,Monthly,1,Payment Issues
CUST08518,2023-05-19,Premium,98,39,Germany,18-25,Partner,3,13,2,2026-08-29,Annual,0,Not Churned
CUST08519,2023-04-19,Standard,67,40,Australia,36-45,Paid Ads,2,12,1,2026-07-21,Annual,0,Not Churned
CUST08520,2025-04-08,Premium,102,16,Germany,26-35,Paid Ads,3,15,0,2026-06-28,Monthly,0,Not Churned
CUST08521,2025-03-09,Standard,66,17,India,26-35,Paid Ads,2,8,0,2026-06-27,Annual,0,Not Churned
CUST08522,2024-05-13,Standard,58,27,India,36-45,Organic,4,9,0,2026-07-12,Monthly,0,Not Churned
CUST08523,2025-10-05,Basic,38,10,India,26-35,Paid Ads,3,6,0,2026-07-10,Annual,0,Not Churned
CUST08524,2022-03-25,Standard,67,53,Canada,36-45,Paid Ads,0,16,1,2026-06-18,Monthly,0,Not Churned
CUST08525,2026-07-02,Standard,60,1,UK,26-35,Paid Ads,3,9,1,2026-06-17,Annual,0,Not Churned
CUST08526,2022-05-24,Basic,37,51,India,36-45,Social Media,1,9,0,2026-07-07,Monthly,0,Not Churned
CUST08527,2022-06-23,Standard,67,50,Canada,26-35,Organic,4,15,2,2026-08-30,Annual,0,Not Churned
CUST08528,2024-03-14,Standard,68,29,India,36-45,Referral,3,11,0,2026-06-09,Monthly,0,Not Churned
CUST08529,2025-02-07,Standard,59,18,India,18-25,Organic,4,10,0,2026-07-14,Annual,0,Not Churned
CUST08530,2022-04-24,Standard,55,52,USA,36-45,Paid Ads,3,10,1,2026-08-20,Annual,0,Not Churned
CUST08531,2023-12-15,Premium,96,32,India,36-45,Paid Ads,1,15,0,2026-07-16,Monthly,0,Not Churned
CUST08532,2023-07-18,Basic,28,37,India,26-35,Organic,6,17,0,2026-07-19,Monthly,0,Not Churned
CUST08533,2023-01-19,Standard,57,43,USA,26-35,Paid Ads,0,12,0,2026-07-07,Monthly,0,Not Churned
CUST08534,2023-11-15,Standard,67,33,Australia,26-35,Paid Ads,2,20,2,2026-07-04,Monthly,1,Payment Issues
CUST08535,2021-09-26,Standard,64,59,Canada,36-45,Partner,4,11,0,2026-06-16,Annual,0,Not Churned
CUST08536,2024-10-10,Basic,29,22,USA,36-45,Referral,2,14,0,2026-07-15,Monthly,0,Not Churned
CUST08537,2023-01-19,Basic,31,43,Canada,26-35,Organic,2,13,0,2026-07-08,Monthly,0,Not Churned
CUST08538,2025-09-05,Premium,101,11,USA,36-45,Organic,2,15,0,2026-08-02,Annual,1,Competitor
CUST08539,2023-07-18,Standard,56,37,India,46-55,Organic,1,12,0,2026-08-27,Monthly,0,Not Churned
CUST08540,2024-03-14,Premium,97,29,Canada,18-25,Organic,4,8,0,2026-08-10,Monthly,0,Not Churned
CUST08541,2024-12-09,Standard,54,20,UK,26-35,Referral,3,11,1,2026-07-09,Monthly,0,Not Churned
CUST08542,2024-10-10,Standard,55,22,UK,36-45,Social Media,3,17,0,2026-07-10,Monthly,1,Competitor
CUST08543,2023-12-15,Premium,106,32,UK,36-45,Organic,2,8,0,2026-06-26,Monthly,0,Not Churned
CUST08544,2022-06-23,Standard,62,50,UK,18-25,Paid Ads,2,14,0,2026-06-28,Monthly,0,Not Churned
CUST08545,2025-12-04,Basic,38,8,USA,26-35,Paid Ads,2,12,0,2026-06-27,Monthly,0,Not Churned
CUST08546,2024-10-10,Standard,65,22,Australia,18-25,Referral,5,10,0,2026-08-17,Annual,0,Not Churned
CUST08547,2025-05-08,Premium,103,15,India,36-45,Organic,2,17,1,2026-08-16,Monthly,0,Not Churned
CUST08548,2023-09-16,Basic,33,35,Australia,36-45,Partner,5,15,1,2026-07-18,Annual,0,Not Churned
CUST08549,2025-04-08,Basic,25,16,India,26-35,Referral,4,11,1,2026-07-30,Monthly,0,Not Churned
CUST08550,2022-04-24,Basic,35,52,India,26-35,Partner,2,11,0,2026-07-19,Monthly,0,Not Churned
CUST08551,2022-12-20,Premium,99,44,UK,26-35,Organic,5,10,0,2026-08-25,Monthly,0,Not Churned
CUST08552,2024-03-14,Basic,37,29,USA,46-55,Referral,8,8,1,2026-06-15,Monthly,0,Not Churned
CUST08553,2023-10-16,Standard,60,34,Canada,26-35,Referral,4,15,0,2026-06-09,Annual,1,Competitor
CUST08554,2024-12-09,Standard,59,20,USA,36-45,Referral,3,14,0,2026-07-02,Annual,0,Not Churned
CUST08555,2021-11-25,Standard,61,57,UK,36-45,Organic,2,8,1,2026-06-19,Monthly,0,Not Churned
CUST08556,2022-04-24,Standard,62,52,India,46-55,Partner,2,10,1,2026-08-31,Annual,0,Not Churned
CUST08557,2025-07-07,Basic,31,13,India,36-45,Partner,4,15,2,2026-07-02,Monthly,0,Not Churned
CUST08558,2021-12-25,Standard,58,56,USA,26-35,Organic,3,15,0,2026-06-30,Monthly,0,Not Churned
CUST08559,2022-05-24,Standard,61,51,UK,46-55,Paid Ads,9,16,0,2026-06-19,Monthly,1,Poor Support Experience
CUST08560,2025-07-07,Premium,103,13,UK,36-45,Paid Ads,5,15,0,2026-07-27,Annual,1,Competitor
CUST08561,2024-01-14,Basic,38,31,USA,36-45,Social Media,4,10,0,2026-07-30,Monthly,0,Not Churned
CUST08562,2024-11-09,Premium,108,21,Germany,18-25,Referral,3,12,0,2026-08-11,Monthly,1,Competitor
CUST08563,2022-06-23,Standard,63,50,UK,18-25,Organic,5,9,1,2026-07-02,Annual,0,Not Churned
CUST08564,2024-02-13,Premium,102,30,Germany,36-45,Organic,2,11,0,2026-06-04,Annual,0,Not Churned
CUST08565,2021-11-25,Standard,67,57,India,46-55,Organic,3,8,0,2026-07-07,Annual,0,Not Churned
CUST08566,2022-08-22,Standard,61,48,India,36-45,Organic,2,14,4,2026-06-12,Monthly,1,Payment Issues
CUST08567,2024-07-12,Premium,95,25,India,46-55,Organic,6,12,0,2026-07-20,Monthly,0,Not Churned
CUST08568,2024-02-13,Premium,95,30,India,36-45,Referral,5,6,1,2026-08-17,Annual,0,Not Churned
CUST08569,2025-10-05,Standard,65,10,USA,26-35,Referral,1,11,1,2026-07-28,Monthly,0,Not Churned
CUST08570,2026-01-03,Basic,26,7,USA,36-45,Paid Ads,3,14,1,2026-06-20,Annual,0,Not Churned
CUST08571,2023-10-16,Basic,30,34,USA,36-45,Referral,2,14,1,2026-07-07,Monthly,0,Not Churned
CUST08572,2026-04-03,Basic,32,4,Canada,36-45,Organic,3,7,1,2026-07-19,Annual,0,Not Churned
CUST08573,2024-10-10,Basic,31,22,Germany,46-55,Paid Ads,5,13,1,2026-08-17,Annual,0,Not Churned
CUST08574,2021-11-25,Basic,32,57,Australia,26-35,Referral,1,12,1,2026-07-27,Annual,0,Not Churned
CUST08575,2024-03-14,Premium,99,29,India,18-25,Paid Ads,0,7,0,2026-08-20,Monthly,0,Not Churned
CUST08576,2022-02-23,Basic,24,54,India,46-55,Paid Ads,2,11,0,2026-07-10,Annual,0,Not Churned
CUST08577,2026-04-03,Standard,67,4,India,26-35,Organic,2,7,0,2026-06-18,Monthly,0,Not Churned
CUST08578,2026-07-02,Basic,35,1,India,36-45,Referral,8,10,0,2026-07-09,Monthly,0,Not Churned
CUST08579,2022-08-22,Basic,27,48,USA,46-55,Social Media,3,7,2,2026-07-17,Monthly,0,Not Churned
CUST08580,2024-09-10,Basic,36,23,USA,26-35,Paid Ads,4,11,0,2026-07-18,Monthly,0,Not Churned
CUST08581,2024-09-10,Basic,29,23,India,46-55,Organic,4,14,0,2026-07-29,Monthly,0,Not Churned
CUST08582,2026-02-02,Standard,68,6,UK,26-35,Social Media,0,12,2,2026-08-21,Annual,1,Payment Issues
CUST08583,2022-05-24,Premium,105,51,Canada,36-45,Organic,3,10,0,2026-08-17,Monthly,0,Not Churned
CUST08584,2026-03-04,Basic,29,5,India,18-25,Paid Ads,5,10,1,2026-06-08,Monthly,0,Not Churned
CUST08585,2024-09-10,Standard,68,23,USA,36-45,Organic,2,12,0,2026-06-04,Annual,1,Competitor
CUST08586,2023-06-18,Standard,61,38,Australia,36-45,Partner,1,8,0,2026-08-29,Monthly,0,Not Churned
CUST08587,2026-01-03,Premium,108,7,USA,26-35,Referral,4,17,0,2026-06-05,Monthly,0,Not Churned
CUST08588,2026-03-04,Standard,54,5,India,36-45,Referral,0,12,0,2026-08-05,Monthly,0,Not Churned
CUST08589,2021-08-27,Standard,66,60,India,46-55,Referral,4,17,0,2026-06-16,Monthly,1,Competitor
CUST08590,2023-11-15,Standard,64,33,India,36-45,Paid Ads,8,12,0,2026-06-28,Monthly,0,Not Churned
CUST08591,2024-06-12,Premium,95,26,India,56+,Organic,2,11,2,2026-07-14,Monthly,0,Not Churned
CUST08592,2021-09-26,Basic,25,59,Canada,26-35,Referral,2,7,0,2026-08-16,Monthly,0,Not Churned
CUST08593,2024-11-09,Standard,66,21,India,36-45,Paid Ads,3,10,1,2026-06-28,Annual,0,Not Churned
CUST08594,2023-10-16,Premium,99,34,India,26-35,Referral,5,13,0,2026-06-17,Annual,1,Competitor
CUST08595,2024-06-12,Standard,67,26,India,56+,Organic,2,10,1,2026-06-11,Monthly,0,Not Churned
CUST08596,2025-10-05,Standard,67,10,Canada,18-25,Organic,3,11,1,2026-06-08,Monthly,0,Not Churned
CUST08597,2026-06-02,Standard,64,2,India,26-35,Referral,0,17,0,2026-08-06,Monthly,0,Not Churned
CUST08598,2024-12-09,Basic,30,20,India,26-35,Paid Ads,5,10,0,2026-08-12,Monthly,0,Not Churned
CUST08599,2025-06-07,Standard,55,14,USA,26-35,Organic,7,13,0,2026-07-04,Annual,1,Poor Support Experience
CUST08600,2022-02-23,Standard,58,54,USA,46-55,Organic,7,11,0,2026-07-09,Monthly,0,Not Churned
CUST08601,2022-03-25,Standard,59,53,India,26-35,Referral,2,7,0,2026-06-17,Annual,0,Not Churned
CUST08602,2026-01-03,Standard,57,7,India,46-55,Organic,0,17,0,2026-08-28,Monthly,0,Not Churned
CUST08603,2025-10-05,Premium,94,10,Canada,26-35,Paid Ads,2,11,1,2026-06-28,Monthly,0,Not Churned
CUST08604,2024-01-14,Basic,26,31,Germany,46-55,Paid Ads,6,11,2,2026-08-30,Monthly,0,Not Churned
CUST08605,2025-12-04,Standard,67,8,India,36-45,Paid Ads,7,13,0,2026-06-04,Monthly,0,Not Churned
CUST08606,2021-10-26,Standard,63,58,India,26-35,Social Media,0,8,1,2026-08-27,Annual,0,Not Churned
CUST08607,2026-07-02,Standard,62,1,India,26-35,Organic,3,7,0,2026-06-29,Annual,0,Not Churned
CUST08608,2024-03-14,Basic,36,29,Canada,26-35,Social Media,5,11,0,2026-06-03,Monthly,1,Pricing
CUST08609,2024-01-14,Standard,59,31,USA,26-35,Referral,5,17,0,2026-08-03,Monthly,0,Not Churned
CUST08610,2025-12-04,Premium,95,8,Canada,26-35,Paid Ads,2,19,1,2026-08-13,Monthly,0,Not Churned
CUST08611,2025-04-08,Standard,62,16,UK,26-35,Partner,4,17,0,2026-08-30,Monthly,1,Competitor
CUST08612,2022-10-21,Premium,97,46,Australia,26-35,Referral,4,12,0,2026-06-29,Monthly,0,Not Churned
CUST08613,2025-01-08,Premium,104,19,Australia,36-45,Partner,5,8,2,2026-07-05,Annual,0,Not Churned
CUST08614,2024-06-12,Basic,36,26,Canada,26-35,Paid Ads,4,12,0,2026-08-12,Annual,0,Not Churned
CUST08615,2021-08-27,Basic,31,60,USA,36-45,Paid Ads,1,18,0,2026-06-24,Monthly,0,Not Churned
CUST08616,2025-10-05,Premium,103,10,India,56+,Paid Ads,5,14,1,2026-08-14,Monthly,0,Not Churned
CUST08617,2025-02-07,Premium,100,18,USA,26-35,Organic,1,14,0,2026-06-17,Annual,0,Not Churned
CUST08618,2026-06-02,Basic,35,2,USA,26-35,Partner,3,11,2,2026-07-14,Monthly,0,Not Churned
CUST08619,2023-07-18,Basic,34,37,UK,26-35,Referral,0,9,0,2026-06-22,Monthly,0,Not Churned
CUST08620,2024-03-14,Basic,26,29,India,26-35,Referral,5,12,1,2026-07-07,Monthly,0,Not Churned
CUST08621,2026-06-02,Premium,108,2,UK,36-45,Partner,5,13,0,2026-08-16,Monthly,0,Not Churned
CUST08622,2022-04-24,Basic,31,52,USA,26-35,Partner,2,12,0,2026-06-30,Monthly,0,Not Churned
CUST08623,2026-05-03,Standard,57,3,UK,26-35,Organic,2,11,0,2026-08-28,Monthly,0,Not Churned
CUST08624,2024-08-11,Premium,95,24,India,26-35,Referral,4,6,0,2026-08-31,Monthly,0,Not Churned
CUST08625,2025-11-04,Basic,34,9,USA,46-55,Referral,3,15,0,2026-08-17,Annual,1,Pricing
CUST08626,2023-01-19,Standard,58,43,India,36-45,Paid Ads,4,14,1,2026-08-19,Monthly,0,Not Churned
CUST08627,2022-08-22,Basic,24,48,Australia,56+,Partner,1,11,0,2026-06-29,Monthly,0,Not Churned
CUST08628,2021-08-27,Premium,106,60,USA,46-55,Social Media,3,15,0,2026-08-31,Annual,0,Not Churned
CUST08629,2025-06-07,Basic,31,14,India,26-35,Referral,6,10,2,2026-06-05,Annual,1,Payment Issues
CUST08630,2022-10-21,Standard,67,46,India,18-25,Paid Ads,6,14,0,2026-08-23,Monthly,1,Competitor
CUST08631,2022-02-23,Standard,61,54,UK,26-35,Referral,4,17,1,2026-07-19,Annual,0,Not Churned
CUST08632,2022-04-24,Basic,26,52,India,36-45,Paid Ads,4,9,1,2026-06-13,Monthly,1,Pricing
CUST08633,2023-01-19,Basic,24,43,Germany,36-45,Organic,3,10,2,2026-07-27,Annual,0,Not Churned
CUST08634,2025-09-05,Standard,57,11,USA,18-25,Paid Ads,4,14,0,2026-06-28,Annual,0,Not Churned
CUST08635,2022-06-23,Basic,32,50,India,18-25,Organic,4,15,1,2026-07-28,Annual,1,Pricing
CUST08636,2023-01-19,Premium,102,43,UK,18-25,Paid Ads,2,14,0,2026-06-11,Annual,1,Competitor
CUST08637,2024-08-11,Premium,108,24,India,46-55,Referral,1,9,0,2026-07-26,Annual,1,Competitor
CUST08638,2025-06-07,Standard,54,14,Australia,46-55,Organic,4,11,1,2026-07-30,Monthly,0,Not Churned
CUST08639,2022-05-24,Standard,64,51,India,18-25,Social Media,6,16,0,2026-08-17,Monthly,0,Not Churned
CUST08640,2025-02-07,Standard,68,18,Germany,26-35,Organic,6,13,0,2026-06-25,Monthly,1,Competitor
CUST08641,2023-08-17,Premium,100,36,UK,18-25,Paid Ads,0,11,0,2026-08-22,Annual,0,Not Churned
CUST08642,2025-07-07,Standard,59,13,Australia,46-55,Referral,2,9,0,2026-07-21,Monthly,0,Not Churned
CUST08643,2023-10-16,Basic,37,34,India,56+,Social Media,3,16,0,2026-08-17,Annual,0,Not Churned
CUST08644,2025-01-08,Basic,30,19,India,26-35,Social Media,4,16,0,2026-07-09,Monthly,0,Not Churned
CUST08645,2023-03-20,Standard,60,41,Canada,26-35,Paid Ads,2,8,0,2026-07-18,Annual,0,Not Churned
CUST08646,2022-01-24,Standard,61,55,UK,26-35,Organic,3,14,0,2026-06-02,Annual,1,Competitor
CUST08647,2025-09-05,Standard,61,11,India,36-45,Referral,2,12,1,2026-07-28,Monthly,0,Not Churned
CUST08648,2022-07-23,Basic,33,49,USA,36-45,Paid Ads,2,7,1,2026-08-22,Annual,0,Not Churned
CUST08649,2024-06-12,Standard,67,26,India,36-45,Paid Ads,1,12,1,2026-08-18,Monthly,0,Not Churned
CUST08650,2026-03-04,Basic,34,5,UK,56+,Organic,4,15,0,2026-06-09,Annual,0,Not Churned
CUST08651,2024-11-09,Basic,25,21,India,18-25,Organic,0,9,1,2026-06-15,Annual,1,Pricing
CUST08652,2025-11-04,Standard,65,9,India,36-45,Organic,5,8,0,2026-07-27,Monthly,0,Not Churned
CUST08653,2022-08-22,Basic,35,48,India,26-35,Paid Ads,2,14,0,2026-08-15,Monthly,0,Not Churned
CUST08654,2025-08-06,Standard,65,12,USA,26-35,Paid Ads,4,10,0,2026-08-10,Monthly,0,Not Churned
CUST08655,2026-07-02,Basic,27,1,India,36-45,Referral,2,10,0,2026-06-11,Monthly,1,Pricing
CUST08656,2022-07-23,Standard,57,49,Germany,46-55,Paid Ads,2,10,0,2026-08-23,Monthly,0,Not Churned
CUST08657,2025-06-07,Standard,66,14,India,36-45,Partner,3,8,0,2026-07-14,Monthly,0,Not Churned
CUST08658,2024-06-12,Basic,38,26,Australia,36-45,Paid Ads,4,18,0,2026-07-13,Monthly,0,Not Churned
CUST08659,2026-01-03,Basic,34,7,USA,36-45,Paid Ads,4,10,0,2026-07-08,Monthly,0,Not Churned
CUST08660,2022-01-24,Premium,103,55,USA,26-35,Organic,1,11,2,2026-08-22,Annual,0,Not Churned
CUST08661,2021-09-26,Standard,65,59,India,36-45,Referral,3,12,1,2026-08-15,Monthly,0,Not Churned
CUST08662,2025-04-08,Standard,66,16,UK,36-45,Referral,4,10,0,2026-06-26,Annual,0,Not Churned
CUST08663,2025-05-08,Basic,31,15,UK,36-45,Referral,3,13,0,2026-07-18,Monthly,0,Not Churned
CUST08664,2021-12-25,Standard,67,56,USA,36-45,Social Media,3,16,0,2026-08-06,Annual,0,Not Churned
CUST08665,2026-04-03,Standard,66,4,India,36-45,Social Media,3,12,0,2026-06-18,Annual,0,Not Churned
CUST08666,2024-02-13,Standard,66,30,Australia,46-55,Social Media,2,14,1,2026-08-18,Monthly,0,Not Churned
CUST08667,2024-09-10,Standard,56,23,Germany,26-35,Organic,1,16,0,2026-06-16,Monthly,1,Competitor
CUST08668,2024-10-10,Basic,35,22,USA,46-55,Paid Ads,2,9,0,2026-06-16,Monthly,0,Not Churned
CUST08669,2025-05-08,Basic,36,15,UK,46-55,Paid Ads,3,15,0,2026-08-14,Monthly,0,Not Churned
CUST08670,2025-03-09,Premium,108,17,USA,26-35,Referral,6,10,0,2026-08-21,Monthly,0,Not Churned
CUST08671,2026-06-02,Premium,106,2,India,36-45,Paid Ads,4,18,1,2026-07-18,Monthly,1,Competitor
CUST08672,2025-12-04,Basic,35,8,India,26-35,Social Media,2,11,0,2026-08-30,Monthly,0,Not Churned
CUST08673,2026-02-02,Standard,56,6,USA,18-25,Paid Ads,0,10,0,2026-06-13,Annual,0,Not Churned
CUST08674,2023-05-19,Basic,36,39,Canada,36-45,Organic,2,19,2,2026-08-07,Annual,0,Not Churned
CUST08675,2021-12-25,Basic,25,56,India,46-55,Organic,2,8,0,2026-08-25,Monthly,1,Pricing
CUST08676,2024-04-13,Basic,24,28,USA,18-25,Organic,3,11,0,2026-08-18,Monthly,0,Not Churned
CUST08677,2022-08-22,Basic,31,48,Australia,46-55,Organic,7,11,0,2026-07-01,Monthly,0,Not Churned
CUST08678,2026-03-04,Standard,67,5,India,36-45,Organic,3,12,1,2026-07-06,Annual,0,Not Churned
CUST08679,2024-11-09,Standard,62,21,India,46-55,Organic,7,7,0,2026-06-12,Annual,0,Not Churned
CUST08680,2022-06-23,Basic,32,50,Canada,46-55,Referral,2,10,1,2026-07-31,Monthly,1,Pricing
CUST08681,2024-12-09,Basic,34,20,India,46-55,Paid Ads,4,13,0,2026-06-06,Annual,0,Not Churned
CUST08682,2023-01-19,Premium,101,43,India,36-45,Organic,4,8,0,2026-06-18,Annual,0,Not Churned
CUST08683,2023-10-16,Basic,28,34,USA,46-55,Paid Ads,3,9,0,2026-06-21,Monthly,0,Not Churned
CUST08684,2026-01-03,Standard,54,7,USA,26-35,Partner,5,8,0,2026-08-19,Annual,0,Not Churned
CUST08685,2024-02-13,Basic,32,30,Australia,26-35,Paid Ads,5,14,0,2026-06-26,Monthly,0,Not Churned
CUST08686,2024-02-13,Standard,59,30,UK,26-35,Partner,3,8,0,2026-06-12,Monthly,0,Not Churned
CUST08687,2025-05-08,Basic,35,15,USA,36-45,Paid Ads,0,16,0,2026-06-02,Monthly,0,Not Churned
CUST08688,2024-05-13,Basic,38,27,USA,26-35,Partner,1,13,0,2026-07-05,Monthly,0,Not Churned
CUST08689,2025-11-04,Basic,30,9,Germany,26-35,Organic,3,17,1,2026-06-10,Annual,0,Not Churned
CUST08690,2024-05-13,Basic,31,27,India,46-55,Organic,5,16,0,2026-08-04,Annual,0,Not Churned
CUST08691,2026-06-02,Standard,66,2,India,36-45,Referral,0,12,1,2026-08-02,Monthly,1,Competitor
CUST08692,2023-08-17,Standard,58,36,Germany,46-55,Partner,1,16,0,2026-06-27,Monthly,1,Competitor
CUST08693,2024-05-13,Basic,29,27,Germany,18-25,Social Media,4,14,0,2026-08-19,Monthly,0,Not Churned
CUST08694,2022-09-21,Basic,35,47,India,26-35,Referral,3,16,1,2026-06-12,Monthly,0,Not Churned
CUST08695,2023-04-19,Standard,66,40,India,26-35,Organic,1,3,1,2026-06-11,Annual,0,Not Churned
CUST08696,2024-07-12,Standard,60,25,USA,18-25,Paid Ads,3,9,1,2026-07-29,Monthly,0,Not Churned
CUST08697,2023-08-17,Premium,100,36,India,26-35,Organic,1,9,0,2026-06-18,Monthly,0,Not Churned
CUST08698,2023-04-19,Standard,55,40,UK,26-35,Paid Ads,2,4,1,2026-07-05,Monthly,0,Not Churned
CUST08699,2026-01-03,Standard,67,7,India,18-25,Organic,1,10,0,2026-06-29,Monthly,0,Not Churned
CUST08700,2025-07-07,Standard,64,13,India,36-45,Paid Ads,2,7,0,2026-07-14,Annual,0,Not Churned
CUST08701,2023-07-18,Premium,105,37,USA,26-35,Social Media,2,7,0,2026-06-09,Monthly,0,Not Churned
CUST08702,2024-12-09,Premium,107,20,Germany,18-25,Organic,1,9,4,2026-08-01,Monthly,0,Not Churned
CUST08703,2022-02-23,Basic,24,54,USA,36-45,Paid Ads,1,10,0,2026-07-24,Annual,0,Not Churned
CUST08704,2024-10-10,Basic,31,22,USA,36-45,Organic,2,7,0,2026-08-23,Monthly,0,Not Churned
CUST08705,2025-02-07,Basic,28,18,Germany,46-55,Organic,4,18,0,2026-08-03,Annual,0,Not Churned
CUST08706,2022-05-24,Standard,63,51,USA,26-35,Paid Ads,5,17,0,2026-08-12,Monthly,0,Not Churned
CUST08707,2025-09-05,Standard,68,11,USA,56+,Organic,4,11,0,2026-07-10,Annual,0,Not Churned
CUST08708,2026-02-02,Standard,55,6,USA,46-55,Partner,1,14,2,2026-06-29,Monthly,1,Payment Issues
CUST08709,2026-04-03,Basic,26,4,India,36-45,Paid Ads,5,13,0,2026-07-03,Monthly,1,Pricing
CUST08710,2026-05-03,Standard,59,3,USA,26-35,Organic,3,9,0,2026-06-21,Monthly,0,Not Churned
CUST08711,2022-04-24,Premium,103,52,USA,18-25,Paid Ads,3,11,0,2026-06-28,Monthly,0,Not Churned
CUST08712,2026-02-02,Basic,29,6,India,36-45,Organic,4,11,1,2026-07-09,Annual,0,Not Churned
CUST08713,2025-05-08,Standard,61,15,India,36-45,Organic,4,13,0,2026-07-31,Monthly,0,Not Churned
CUST08714,2026-05-03,Standard,58,3,India,46-55,Organic,2,17,0,2026-07-10,Annual,0,Not Churned
CUST08715,2025-03-09,Premium,98,17,USA,36-45,Organic,5,11,1,2026-06-28,Annual,0,Not Churned
CUST08716,2024-02-13,Premium,100,30,India,56+,Referral,1,7,0,2026-07-21,Monthly,0,Not Churned
CUST08717,2024-10-10,Standard,63,22,India,46-55,Social Media,2,16,0,2026-08-04,Annual,0,Not Churned
CUST08718,2026-06-02,Standard,66,2,Germany,56+,Paid Ads,5,11,0,2026-08-02,Monthly,0,Not Churned
CUST08719,2021-11-25,Premium,107,57,USA,26-35,Referral,6,14,0,2026-08-20,Annual,0,Not Churned
CUST08720,2025-04-08,Standard,68,16,India,18-25,Paid Ads,1,9,0,2026-08-05,Annual,0,Not Churned
CUST08721,2024-10-10,Basic,28,22,UK,36-45,Organic,2,15,0,2026-08-22,Monthly,0,Not Churned
CUST08722,2022-07-23,Standard,68,49,India,36-45,Paid Ads,6,15,0,2026-06-28,Monthly,0,Not Churned
CUST08723,2025-09-05,Basic,32,11,Canada,26-35,Referral,2,8,1,2026-08-23,Annual,0,Not Churned
CUST08724,2023-08-17,Basic,29,36,Canada,36-45,Organic,1,8,0,2026-07-06,Monthly,1,Pricing
CUST08725,2022-03-25,Premium,100,53,UK,36-45,Referral,2,10,0,2026-06-16,Monthly,1,Competitor
CUST08726,2025-08-06,Standard,65,12,Canada,18-25,Referral,0,13,0,2026-06-13,Monthly,0,Not Churned
CUST08727,2023-04-19,Standard,61,40,India,36-45,Social Media,3,15,0,2026-06-05,Monthly,1,Competitor
CUST08728,2023-09-16,Basic,36,35,Canada,46-55,Organic,1,13,0,2026-07-16,Monthly,0,Not Churned
CUST08729,2023-01-19,Basic,28,43,India,36-45,Organic,2,15,0,2026-08-08,Annual,0,Not Churned
CUST08730,2022-11-20,Basic,37,45,India,36-45,Organic,0,8,0,2026-07-13,Monthly,1,Pricing
CUST08731,2021-11-25,Basic,34,57,Germany,18-25,Partner,5,24,0,2026-08-26,Annual,0,Not Churned
CUST08732,2023-03-20,Standard,57,41,USA,36-45,Social Media,3,16,0,2026-08-02,Annual,0,Not Churned
CUST08733,2025-05-08,Basic,38,15,Germany,46-55,Social Media,2,17,0,2026-08-17,Annual,0,Not Churned
CUST08734,2022-12-20,Standard,65,44,India,26-35,Paid Ads,2,9,1,2026-08-23,Monthly,1,Competitor
CUST08735,2023-02-18,Basic,38,42,USA,26-35,Paid Ads,3,9,0,2026-08-14,Monthly,0,Not Churned
CUST08736,2021-09-26,Premium,101,59,India,36-45,Organic,1,11,2,2026-07-10,Annual,0,Not Churned
CUST08737,2024-11-09,Basic,35,21,UK,46-55,Social Media,4,14,1,2026-07-13,Monthly,1,Pricing
CUST08738,2026-04-03,Basic,33,4,India,26-35,Social Media,3,12,0,2026-07-23,Monthly,0,Not Churned
CUST08739,2026-01-03,Basic,32,7,India,26-35,Paid Ads,2,11,1,2026-07-29,Monthly,0,Not Churned
CUST08740,2024-03-14,Standard,54,29,India,26-35,Paid Ads,2,15,0,2026-06-21,Monthly,0,Not Churned
CUST08741,2023-03-20,Standard,56,41,Canada,26-35,Referral,1,12,0,2026-06-15,Annual,0,Not Churned
CUST08742,2026-02-02,Standard,65,6,India,36-45,Organic,8,8,0,2026-06-15,Monthly,1,Poor Support Experience
CUST08743,2023-05-19,Standard,57,39,Australia,46-55,Social Media,0,15,1,2026-06-09,Monthly,0,Not Churned
CUST08744,2025-03-09,Basic,36,17,India,26-35,Paid Ads,1,11,0,2026-08-03,Annual,0,Not Churned
CUST08745,2023-08-17,Standard,60,36,India,36-45,Paid Ads,6,12,0,2026-08-09,Annual,0,Not Churned
CUST08746,2026-06-02,Standard,59,2,USA,46-55,Referral,0,11,0,2026-08-09,Monthly,1,Competitor
CUST08747,2025-03-09,Basic,33,17,Germany,26-35,Referral,2,8,0,2026-06-27,Monthly,0,Not Churned
CUST08748,2024-03-14,Basic,33,29,India,36-45,Organic,3,13,1,2026-06-16,Annual,0,Not Churned
CUST08749,2024-05-13,Basic,34,27,India,36-45,Partner,3,12,0,2026-06-06,Monthly,1,Pricing
CUST08750,2026-01-03,Basic,24,7,Canada,26-35,Partner,3,16,0,2026-07-04,Monthly,0,Not Churned
CUST08751,2025-09-05,Standard,57,11,India,26-35,Paid Ads,2,8,2,2026-06-29,Monthly,0,Not Churned
CUST08752,2024-06-12,Basic,29,26,UK,36-45,Referral,6,4,0,2026-07-15,Annual,0,Not Churned
CUST08753,2022-04-24,Basic,26,52,India,26-35,Referral,3,8,0,2026-07-03,Annual,0,Not Churned
CUST08754,2022-06-23,Basic,38,50,USA,26-35,Paid Ads,1,15,0,2026-08-12,Monthly,1,Pricing
CUST08755,2022-03-25,Premium,95,53,India,56+,Partner,6,17,0,2026-07-06,Annual,0,Not Churned
CUST08756,2023-05-19,Premium,95,39,USA,36-45,Organic,3,7,0,2026-08-30,Annual,0,Not Churned
CUST08757,2023-12-15,Basic,33,32,Canada,46-55,Organic,3,10,0,2026-07-27,Annual,0,Not Churned
CUST08758,2022-06-23,Basic,35,50,Canada,26-35,Partner,2,9,0,2026-06-12,Annual,0,Not Churned
CUST08759,2024-09-10,Basic,35,23,USA,46-55,Organic,2,12,0,2026-07-15,Annual,0,Not Churned
CUST08760,2022-05-24,Standard,57,51,Germany,36-45,Referral,2,14,1,2026-07-06,Monthly,0,Not Churned
CUST08761,2022-10-21,Basic,36,46,India,46-55,Organic,0,9,1,2026-06-20,Monthly,0,Not Churned
CUST08762,2023-04-19,Standard,54,40,India,26-35,Partner,2,15,0,2026-07-14,Annual,0,Not Churned
CUST08763,2026-01-03,Standard,68,7,UK,26-35,Social Media,5,9,1,2026-07-25,Annual,0,Not Churned
CUST08764,2026-07-02,Premium,103,1,UK,36-45,Partner,1,10,0,2026-06-16,Annual,0,Not Churned
CUST08765,2024-07-12,Basic,25,25,India,36-45,Partner,2,16,0,2026-07-26,Monthly,0,Not Churned
CUST08766,2024-01-14,Premium,106,31,UK,46-55,Organic,1,17,2,2026-06-20,Annual,0,Not Churned
CUST08767,2026-02-02,Standard,63,6,USA,18-25,Paid Ads,4,13,0,2026-08-02,Monthly,0,Not Churned
CUST08768,2024-04-13,Basic,38,28,Canada,46-55,Referral,3,11,1,2026-07-10,Annual,0,Not Churned
CUST08769,2024-01-14,Basic,25,31,Canada,46-55,Social Media,7,10,0,2026-08-27,Monthly,0,Not Churned
CUST08770,2023-08-17,Basic,27,36,USA,36-45,Organic,4,7,1,2026-08-12,Annual,0,Not Churned
CUST08771,2025-04-08,Basic,27,16,India,26-35,Partner,3,18,0,2026-07-27,Monthly,1,Pricing
CUST08772,2025-05-08,Basic,24,15,UK,46-55,Organic,5,9,0,2026-08-03,Annual,0,Not Churned
CUST08773,2024-10-10,Standard,60,22,Canada,36-45,Social Media,2,9,2,2026-06-06,Monthly,1,Payment Issues
CUST08774,2025-02-07,Standard,60,18,India,46-55,Paid Ads,0,11,0,2026-08-23,Monthly,0,Not Churned
CUST08775,2022-06-23,Premium,103,50,USA,46-55,Paid Ads,5,11,0,2026-06-22,Annual,0,Not Churned
CUST08776,2025-12-04,Basic,34,8,Germany,18-25,Paid Ads,2,12,0,2026-06-18,Annual,0,Not Churned
CUST08777,2025-10-05,Premium,103,10,India,36-45,Organic,3,14,0,2026-06-16,Monthly,1,Competitor
CUST08778,2023-07-18,Basic,33,37,India,26-35,Paid Ads,4,14,2,2026-06-03,Annual,1,Payment Issues
CUST08779,2023-05-19,Standard,54,39,India,46-55,Paid Ads,2,9,1,2026-06-19,Monthly,0,Not Churned
CUST08780,2022-07-23,Basic,34,49,USA,26-35,Paid Ads,1,13,0,2026-06-08,Annual,0,Not Churned
CUST08781,2026-02-02,Basic,31,6,Germany,26-35,Referral,2,12,0,2026-06-12,Monthly,1,Pricing
CUST08782,2023-01-19,Premium,103,43,UK,46-55,Paid Ads,2,14,0,2026-07-02,Monthly,0,Not Churned
CUST08783,2021-09-26,Basic,37,59,India,18-25,Paid Ads,3,11,0,2026-07-02,Annual,0,Not Churned
CUST08784,2025-10-05,Standard,67,10,UK,36-45,Partner,3,10,0,2026-06-23,Monthly,0,Not Churned
CUST08785,2023-05-19,Standard,60,39,UK,26-35,Social Media,4,11,0,2026-08-14,Monthly,0,Not Churned
CUST08786,2021-10-26,Standard,60,58,USA,36-45,Organic,4,14,1,2026-06-21,Annual,0,Not Churned
CUST08787,2026-01-03,Standard,64,7,India,36-45,Social Media,4,12,0,2026-07-07,Monthly,0,Not Churned
CUST08788,2023-02-18,Standard,59,42,UK,26-35,Partner,4,10,1,2026-07-03,Monthly,0,Not Churned
CUST08789,2022-11-20,Basic,35,45,USA,56+,Partner,4,13,2,2026-06-02,Monthly,0,Not Churned
CUST08790,2023-09-16,Standard,57,35,India,18-25,Social Media,3,12,1,2026-06-06,Annual,1,Competitor
CUST08791,2024-04-13,Premium,104,28,USA,26-35,Referral,3,8,0,2026-07-27,Monthly,0,Not Churned
CUST08792,2024-07-12,Basic,31,25,Germany,26-35,Organic,2,6,0,2026-07-30,Monthly,0,Not Churned
CUST08793,2024-04-13,Basic,25,28,India,36-45,Referral,1,14,1,2026-07-14,Monthly,0,Not Churned
CUST08794,2025-11-04,Standard,60,9,Germany,26-35,Referral,6,13,0,2026-06-25,Monthly,0,Not Churned
CUST08795,2026-03-04,Standard,56,5,India,18-25,Organic,2,9,0,2026-07-17,Monthly,0,Not Churned
CUST08796,2021-11-25,Standard,67,57,Canada,46-55,Organic,3,12,0,2026-07-08,Annual,0,Not Churned
CUST08797,2025-04-08,Basic,26,16,India,26-35,Paid Ads,4,18,0,2026-07-03,Monthly,0,Not Churned
CUST08798,2024-03-14,Standard,67,29,India,26-35,Referral,4,17,0,2026-06-19,Annual,0,Not Churned
CUST08799,2023-01-19,Basic,30,43,USA,26-35,Organic,1,12,2,2026-06-18,Annual,0,Not Churned
CUST08800,2022-01-24,Standard,65,55,USA,26-35,Referral,5,14,0,2026-08-15,Monthly,0,Not Churned
CUST08801,2024-09-10,Standard,56,23,Canada,18-25,Social Media,0,10,1,2026-06-12,Monthly,0,Not Churned
CUST08802,2021-11-25,Basic,38,57,UK,18-25,Organic,6,9,1,2026-06-17,Annual,0,Not Churned
CUST08803,2025-02-07,Standard,68,18,USA,26-35,Partner,6,5,0,2026-08-30,Annual,0,Not Churned
CUST08804,2024-06-12,Premium,98,26,Australia,26-35,Paid Ads,0,8,0,2026-08-27,Annual,0,Not Churned
CUST08805,2022-09-21,Standard,61,47,USA,26-35,Organic,4,14,0,2026-08-21,Monthly,0,Not Churned
CUST08806,2026-03-04,Premium,107,5,India,36-45,Organic,1,11,0,2026-07-29,Annual,0,Not Churned
CUST08807,2025-12-04,Standard,66,8,India,36-45,Paid Ads,1,11,0,2026-06-02,Annual,1,Competitor
CUST08808,2023-04-19,Standard,57,40,USA,18-25,Organic,0,16,1,2026-06-23,Monthly,0,Not Churned
CUST08809,2025-01-08,Basic,30,19,UK,46-55,Social Media,5,8,0,2026-08-09,Monthly,1,Pricing
CUST08810,2023-07-18,Basic,30,37,India,46-55,Referral,3,9,0,2026-06-14,Annual,0,Not Churned
CUST08811,2024-04-13,Basic,25,28,India,56+,Social Media,2,9,1,2026-07-02,Monthly,0,Not Churned
CUST08812,2026-04-03,Standard,67,4,India,26-35,Referral,2,15,0,2026-06-02,Annual,0,Not Churned
CUST08813,2024-12-09,Premium,101,20,USA,36-45,Paid Ads,3,15,0,2026-06-02,Annual,0,Not Churned
CUST08814,2022-06-23,Basic,33,50,India,26-35,Organic,2,10,2,2026-08-15,Monthly,1,Payment Issues
CUST08815,2024-10-10,Standard,65,22,India,46-55,Referral,3,16,1,2026-06-22,Annual,0,Not Churned
CUST08816,2025-08-06,Standard,63,12,USA,26-35,Referral,2,10,2,2026-06-23,Monthly,0,Not Churned
CUST08817,2026-07-02,Standard,68,1,Canada,26-35,Paid Ads,7,19,1,2026-07-27,Monthly,1,Poor Support Experience
CUST08818,2025-12-04,Basic,37,8,India,26-35,Partner,4,15,0,2026-07-25,Annual,0,Not Churned
CUST08819,2021-08-27,Standard,62,60,USA,36-45,Referral,5,5,2,2026-06-12,Monthly,0,Not Churned
CUST08820,2021-10-26,Basic,29,58,India,36-45,Social Media,2,12,0,2026-07-03,Monthly,0,Not Churned
CUST08821,2023-03-20,Basic,37,41,Germany,18-25,Referral,2,20,0,2026-06-28,Monthly,0,Not Churned
CUST08822,2024-05-13,Premium,98,27,India,26-35,Paid Ads,4,9,1,2026-06-08,Monthly,0,Not Churned
CUST08823,2024-11-09,Basic,24,21,Germany,46-55,Referral,7,15,1,2026-08-01,Monthly,0,Not Churned
CUST08824,2022-11-20,Basic,24,45,Germany,46-55,Organic,1,11,0,2026-08-10,Monthly,0,Not Churned
CUST08825,2022-02-23,Premium,102,54,Canada,36-45,Referral,4,10,1,2026-07-23,Monthly,0,Not Churned
CUST08826,2023-11-15,Basic,37,33,India,36-45,Paid Ads,2,16,1,2026-07-22,Monthly,0,Not Churned
CUST08827,2023-06-18,Standard,57,38,USA,18-25,Organic,3,8,0,2026-06-19,Monthly,0,Not Churned
CUST08828,2023-11-15,Basic,24,33,India,26-35,Paid Ads,4,10,0,2026-08-05,Monthly,0,Not Churned
CUST08829,2022-10-21,Basic,34,46,Australia,26-35,Paid Ads,2,12,0,2026-06-16,Monthly,1,Pricing
CUST08830,2023-07-18,Basic,33,37,Canada,26-35,Organic,7,4,0,2026-06-28,Monthly,0,Not Churned
CUST08831,2022-11-20,Basic,35,45,Germany,36-45,Social Media,6,19,0,2026-07-11,Monthly,0,Not Churned
CUST08832,2021-11-25,Standard,56,57,UK,26-35,Paid Ads,4,11,0,2026-06-07,Monthly,0,Not Churned
CUST08833,2026-03-04,Standard,59,5,USA,18-25,Paid Ads,5,8,0,2026-06-06,Monthly,1,Competitor
CUST08834,2025-05-08,Standard,67,15,USA,26-35,Paid Ads,3,13,0,2026-07-10,Monthly,0,Not Churned
CUST08835,2024-02-13,Premium,104,30,USA,26-35,Social Media,2,13,0,2026-07-29,Monthly,0,Not Churned
CUST08836,2026-05-03,Basic,36,3,USA,36-45,Organic,3,15,0,2026-06-18,Monthly,0,Not Churned
CUST08837,2024-04-13,Standard,66,28,UK,26-35,Paid Ads,1,10,0,2026-08-10,Monthly,0,Not Churned
CUST08838,2024-02-13,Standard,64,30,Germany,26-35,Paid Ads,5,11,0,2026-07-14,Monthly,0,Not Churned
CUST08839,2023-08-17,Premium,101,36,USA,36-45,Social Media,4,17,0,2026-08-27,Monthly,1,Competitor
CUST08840,2026-05-03,Basic,36,3,Australia,26-35,Referral,1,11,0,2026-08-22,Monthly,0,Not Churned
CUST08841,2022-04-24,Standard,63,52,Australia,18-25,Organic,2,15,0,2026-06-20,Monthly,0,Not Churned
CUST08842,2022-12-20,Premium,95,44,USA,36-45,Paid Ads,2,15,0,2026-07-06,Annual,0,Not Churned
CUST08843,2021-08-27,Basic,31,60,India,18-25,Referral,0,14,0,2026-06-12,Monthly,0,Not Churned
CUST08844,2021-10-26,Premium,107,58,UK,36-45,Organic,3,22,2,2026-06-13,Monthly,0,Not Churned
CUST08845,2024-01-14,Basic,36,31,USA,36-45,Social Media,4,13,0,2026-06-19,Monthly,0,Not Churned
CUST08846,2025-06-07,Standard,54,14,India,26-35,Organic,0,16,1,2026-07-08,Monthly,1,Competitor
CUST08847,2026-02-02,Premium,104,6,USA,26-35,Organic,3,10,1,2026-08-11,Monthly,1,Competitor
CUST08848,2025-01-08,Standard,55,19,Germany,46-55,Organic,2,13,0,2026-06-27,Monthly,0,Not Churned
CUST08849,2026-03-04,Standard,61,5,India,26-35,Referral,1,10,0,2026-07-16,Monthly,0,Not Churned
CUST08850,2022-01-24,Basic,30,55,UK,56+,Paid Ads,2,10,1,2026-07-27,Monthly,0,Not Churned
CUST08851,2022-07-23,Premium,98,49,Australia,26-35,Organic,2,13,0,2026-07-30,Monthly,0,Not Churned
CUST08852,2022-05-24,Standard,68,51,UK,36-45,Social Media,3,8,0,2026-06-20,Annual,0,Not Churned
CUST08853,2021-09-26,Basic,36,59,USA,36-45,Organic,2,10,0,2026-08-15,Monthly,1,Pricing
CUST08854,2022-02-23,Standard,63,54,UK,46-55,Paid Ads,5,11,2,2026-08-20,Monthly,0,Not Churned
CUST08855,2024-06-12,Standard,55,26,USA,18-25,Organic,2,16,2,2026-08-19,Annual,0,Not Churned
CUST08856,2022-06-23,Basic,32,50,India,26-35,Partner,5,6,0,2026-07-17,Monthly,0,Not Churned
CUST08857,2021-12-25,Basic,28,56,Germany,18-25,Social Media,5,17,1,2026-06-28,Monthly,0,Not Churned
CUST08858,2022-01-24,Basic,31,55,USA,46-55,Referral,3,15,1,2026-07-23,Monthly,0,Not Churned
CUST08859,2022-12-20,Standard,66,44,UK,26-35,Organic,3,18,1,2026-06-07,Monthly,0,Not Churned
CUST08860,2025-02-07,Standard,57,18,USA,46-55,Paid Ads,1,9,0,2026-06-19,Monthly,0,Not Churned
CUST08861,2023-07-18,Standard,67,37,India,26-35,Referral,1,14,0,2026-07-15,Annual,0,Not Churned
CUST08862,2022-11-20,Premium,102,45,Germany,18-25,Paid Ads,3,11,1,2026-07-06,Annual,0,Not Churned
CUST08863,2023-08-17,Premium,103,36,Canada,26-35,Paid Ads,5,10,0,2026-07-25,Monthly,1,Competitor
CUST08864,2024-01-14,Standard,60,31,India,36-45,Social Media,4,14,0,2026-07-14,Monthly,0,Not Churned
CUST08865,2025-02-07,Basic,25,18,Germany,46-55,Organic,1,9,1,2026-07-23,Monthly,0,Not Churned
CUST08866,2022-04-24,Standard,56,52,Canada,26-35,Referral,4,17,0,2026-07-11,Monthly,0,Not Churned
CUST08867,2025-11-04,Standard,67,9,USA,46-55,Paid Ads,4,8,0,2026-07-31,Annual,0,Not Churned
CUST08868,2024-06-12,Standard,55,26,UK,26-35,Referral,5,10,0,2026-08-19,Monthly,0,Not Churned
CUST08869,2026-06-02,Standard,58,2,India,36-45,Organic,3,7,0,2026-06-28,Monthly,0,Not Churned
CUST08870,2021-10-26,Basic,25,58,USA,36-45,Organic,1,10,0,2026-06-05,Monthly,0,Not Churned
CUST08871,2023-12-15,Premium,98,32,India,26-35,Referral,3,8,0,2026-07-27,Annual,0,Not Churned
CUST08872,2023-02-18,Basic,36,42,USA,18-25,Partner,3,9,1,2026-06-07,Monthly,0,Not Churned
CUST08873,2022-11-20,Standard,62,45,USA,26-35,Partner,4,13,0,2026-07-21,Annual,0,Not Churned
CUST08874,2026-02-02,Basic,25,6,Australia,18-25,Organic,2,11,2,2026-08-20,Annual,0,Not Churned
CUST08875,2024-12-09,Premium,102,20,Canada,46-55,Organic,3,11,0,2026-06-11,Monthly,0,Not Churned
CUST08876,2025-12-04,Basic,30,8,India,56+,Referral,5,13,0,2026-06-08,Monthly,0,Not Churned
CUST08877,2022-11-20,Basic,30,45,Australia,36-45,Paid Ads,1,9,0,2026-06-25,Monthly,0,Not Churned
CUST08878,2026-04-03,Basic,37,4,USA,36-45,Social Media,4,15,0,2026-06-26,Monthly,0,Not Churned
CUST08879,2024-07-12,Basic,28,25,UK,26-35,Paid Ads,4,15,1,2026-08-30,Annual,0,Not Churned
CUST08880,2024-01-14,Basic,31,31,India,18-25,Paid Ads,1,10,2,2026-06-25,Annual,0,Not Churned
CUST08881,2021-10-26,Standard,60,58,Australia,46-55,Referral,4,8,0,2026-06-25,Monthly,0,Not Churned
CUST08882,2025-01-08,Standard,59,19,Germany,36-45,Organic,2,12,0,2026-08-24,Monthly,0,Not Churned
CUST08883,2026-01-03,Basic,25,7,Canada,36-45,Referral,4,10,0,2026-06-19,Annual,1,Pricing
CUST08884,2022-09-21,Basic,29,47,Germany,36-45,Paid Ads,1,16,0,2026-07-08,Annual,0,Not Churned
CUST08885,2023-07-18,Premium,107,37,India,26-35,Social Media,2,17,0,2026-07-30,Annual,0,Not Churned
CUST08886,2024-02-13,Standard,55,30,Australia,18-25,Organic,5,8,1,2026-08-10,Monthly,0,Not Churned
CUST08887,2024-05-13,Standard,54,27,USA,36-45,Paid Ads,3,15,2,2026-07-07,Monthly,0,Not Churned
CUST08888,2025-03-09,Standard,62,17,India,26-35,Partner,2,13,1,2026-07-05,Monthly,0,Not Churned
CUST08889,2023-12-15,Basic,36,32,UK,46-55,Referral,5,12,0,2026-08-04,Monthly,0,Not Churned
CUST08890,2025-01-08,Basic,28,19,UK,26-35,Partner,4,11,0,2026-08-03,Annual,0,Not Churned
CUST08891,2024-07-12,Basic,33,25,India,26-35,Referral,1,18,0,2026-07-15,Monthly,0,Not Churned
CUST08892,2024-03-14,Premium,103,29,India,26-35,Partner,3,7,2,2026-06-29,Monthly,1,Payment Issues
CUST08893,2024-07-12,Premium,97,25,India,36-45,Paid Ads,3,10,0,2026-07-26,Annual,0,Not Churned
CUST08894,2022-03-25,Standard,65,53,USA,36-45,Organic,4,13,0,2026-08-19,Monthly,1,Competitor
CUST08895,2023-12-15,Basic,34,32,India,26-35,Social Media,5,13,0,2026-06-23,Annual,0,Not Churned
CUST08896,2023-07-18,Basic,31,37,India,26-35,Social Media,4,3,1,2026-06-14,Monthly,0,Not Churned
CUST08897,2025-09-05,Basic,38,11,USA,36-45,Referral,2,16,1,2026-06-26,Monthly,0,Not Churned
CUST08898,2026-04-03,Standard,58,4,Germany,26-35,Referral,3,15,0,2026-08-29,Annual,0,Not Churned
CUST08899,2022-10-21,Basic,37,46,Canada,26-35,Partner,1,6,1,2026-06-19,Annual,0,Not Churned
CUST08900,2024-01-14,Premium,100,31,India,26-35,Organic,4,9,0,2026-06-29,Annual,1,Competitor
CUST08901,2023-08-17,Basic,26,36,Germany,26-35,Referral,2,14,0,2026-07-04,Annual,1,Pricing
CUST08902,2026-04-03,Premium,108,4,UK,36-45,Organic,3,11,0,2026-07-16,Annual,0,Not Churned
CUST08903,2026-06-02,Standard,61,2,USA,26-35,Organic,3,10,1,2026-08-30,Monthly,1,Competitor
CUST08904,2023-05-19,Standard,61,39,USA,26-35,Paid Ads,4,7,1,2026-07-02,Annual,0,Not Churned
CUST08905,2022-05-24,Standard,56,51,USA,26-35,Social Media,1,15,0,2026-07-08,Monthly,0,Not Churned
CUST08906,2023-11-15,Standard,62,33,India,26-35,Referral,4,12,0,2026-08-15,Monthly,0,Not Churned
CUST08907,2022-12-20,Standard,67,44,USA,56+,Partner,1,18,2,2026-06-07,Monthly,1,Payment Issues
CUST08908,2024-05-13,Standard,61,27,USA,18-25,Organic,1,9,0,2026-07-05,Annual,0,Not Churned
CUST08909,2024-06-12,Standard,54,26,USA,36-45,Paid Ads,3,6,1,2026-07-20,Monthly,1,Competitor
CUST08910,2025-01-08,Premium,101,19,Canada,26-35,Organic,5,6,0,2026-06-29,Monthly,0,Not Churned
CUST08911,2021-11-25,Standard,65,57,USA,46-55,Organic,1,9,0,2026-07-17,Annual,0,Not Churned
CUST08912,2022-12-20,Standard,64,44,UK,46-55,Organic,4,14,0,2026-06-07,Monthly,0,Not Churned
CUST08913,2023-03-20,Premium,108,41,USA,26-35,Organic,3,11,0,2026-06-24,Annual,0,Not Churned
CUST08914,2021-10-26,Basic,27,58,Germany,46-55,Paid Ads,2,11,0,2026-07-02,Annual,0,Not Churned
CUST08915,2023-05-19,Basic,29,39,USA,26-35,Organic,1,18,1,2026-07-23,Monthly,0,Not Churned
CUST08916,2023-11-15,Standard,67,33,Australia,18-25,Paid Ads,2,6,2,2026-06-02,Monthly,1,Payment Issues
CUST08917,2023-06-18,Standard,66,38,Australia,26-35,Partner,3,12,1,2026-08-27,Monthly,0,Not Churned
CUST08918,2025-10-05,Premium,103,10,UK,26-35,Referral,3,11,1,2026-07-30,Monthly,0,Not Churned
CUST08919,2026-07-02,Standard,62,1,UK,26-35,Social Media,3,19,0,2026-07-01,Annual,0,Not Churned
CUST08920,2022-06-23,Standard,58,50,India,26-35,Social Media,4,18,0,2026-08-06,Monthly,0,Not Churned
CUST08921,2023-09-16,Standard,60,35,Germany,26-35,Paid Ads,2,12,2,2026-06-07,Annual,0,Not Churned
CUST08922,2025-09-05,Basic,36,11,India,36-45,Referral,1,13,0,2026-06-12,Annual,0,Not Churned
CUST08923,2021-09-26,Standard,68,59,USA,26-35,Social Media,2,14,0,2026-08-05,Monthly,1,Competitor
CUST08924,2025-06-07,Premium,94,14,India,18-25,Organic,3,11,2,2026-06-30,Annual,0,Not Churned
CUST08925,2026-02-02,Basic,32,6,USA,26-35,Social Media,5,16,1,2026-08-30,Monthly,0,Not Churned
CUST08926,2023-01-19,Standard,67,43,UK,26-35,Paid Ads,2,6,1,2026-07-17,Monthly,0,Not Churned
CUST08927,2023-05-19,Standard,59,39,Australia,18-25,Organic,4,15,0,2026-08-12,Monthly,0,Not Churned
CUST08928,2023-04-19,Basic,34,40,USA,18-25,Referral,4,14,1,2026-07-26,Monthly,0,Not Churned
CUST08929,2024-07-12,Basic,27,25,Germany,36-45,Referral,6,14,1,2026-07-24,Annual,0,Not Churned
CUST08930,2024-09-10,Premium,99,23,USA,26-35,Referral,4,12,1,2026-07-19,Monthly,0,Not Churned
CUST08931,2022-02-23,Basic,28,54,India,46-55,Organic,5,12,0,2026-08-17,Monthly,1,Pricing
CUST08932,2026-03-04,Basic,26,5,India,26-35,Paid Ads,0,19,0,2026-08-01,Annual,0,Not Churned
CUST08933,2024-06-12,Basic,30,26,UK,18-25,Paid Ads,3,10,1,2026-07-13,Annual,0,Not Churned
CUST08934,2025-02-07,Standard,56,18,India,26-35,Partner,1,13,0,2026-08-25,Monthly,0,Not Churned
CUST08935,2023-12-15,Standard,66,32,USA,56+,Social Media,2,13,0,2026-07-24,Annual,0,Not Churned
CUST08936,2022-09-21,Standard,67,47,India,36-45,Social Media,3,12,1,2026-08-31,Monthly,0,Not Churned
CUST08937,2021-12-25,Basic,38,56,USA,26-35,Organic,5,9,0,2026-08-25,Annual,0,Not Churned
CUST08938,2024-11-09,Premium,106,21,Canada,18-25,Paid Ads,5,17,2,2026-06-22,Annual,0,Not Churned
CUST08939,2024-06-12,Basic,25,26,USA,26-35,Paid Ads,3,13,0,2026-08-23,Monthly,0,Not Churned
CUST08940,2022-06-23,Basic,37,50,India,26-35,Paid Ads,3,10,1,2026-07-04,Monthly,0,Not Churned
CUST08941,2023-09-16,Standard,57,35,India,36-45,Organic,1,17,1,2026-06-18,Annual,0,Not Churned
CUST08942,2025-10-05,Basic,30,10,USA,36-45,Referral,3,8,1,2026-08-09,Annual,0,Not Churned
CUST08943,2021-10-26,Premium,98,58,India,26-35,Paid Ads,5,11,0,2026-07-11,Monthly,0,Not Churned
CUST08944,2024-04-13,Premium,107,28,USA,18-25,Referral,4,13,0,2026-07-25,Monthly,0,Not Churned
CUST08945,2024-01-14,Basic,32,31,UK,36-45,Organic,4,14,0,2026-08-14,Monthly,0,Not Churned
CUST08946,2025-05-08,Premium,103,15,India,36-45,Paid Ads,4,14,0,2026-08-16,Monthly,0,Not Churned
CUST08947,2022-01-24,Standard,68,55,USA,46-55,Social Media,2,8,1,2026-07-17,Monthly,0,Not Churned
CUST08948,2021-10-26,Premium,100,58,USA,26-35,Paid Ads,1,11,1,2026-08-27,Monthly,0,Not Churned
CUST08949,2023-04-19,Basic,35,40,India,36-45,Social Media,2,15,0,2026-07-17,Monthly,0,Not Churned
CUST08950,2022-03-25,Standard,67,53,USA,18-25,Referral,5,6,1,2026-06-04,Monthly,1,Competitor
CUST08951,2021-10-26,Basic,32,58,India,26-35,Social Media,6,5,1,2026-06-24,Annual,0,Not Churned
CUST08952,2025-12-04,Premium,107,8,USA,36-45,Organic,4,12,0,2026-07-20,Monthly,0,Not Churned
CUST08953,2022-10-21,Basic,32,46,Canada,46-55,Organic,6,10,0,2026-07-07,Monthly,0,Not Churned
CUST08954,2025-10-05,Standard,65,10,India,26-35,Paid Ads,3,12,0,2026-06-04,Monthly,0,Not Churned
CUST08955,2022-11-20,Basic,25,45,UK,36-45,Partner,2,7,0,2026-06-25,Annual,1,Pricing
CUST08956,2025-10-05,Basic,38,10,USA,36-45,Referral,4,17,0,2026-06-10,Monthly,1,Pricing
CUST08957,2023-06-18,Standard,54,38,India,26-35,Paid Ads,0,15,0,2026-06-17,Monthly,0,Not Churned
CUST08958,2025-02-07,Premium,104,18,Canada,46-55,Organic,2,12,0,2026-06-22,Annual,0,Not Churned
CUST08959,2022-08-22,Standard,57,48,USA,36-45,Paid Ads,1,15,1,2026-06-23,Annual,0,Not Churned
CUST08960,2024-04-13,Premium,97,28,USA,36-45,Paid Ads,3,16,0,2026-07-19,Monthly,1,Competitor
CUST08961,2024-04-13,Basic,36,28,UK,26-35,Social Media,3,11,0,2026-08-15,Monthly,0,Not Churned
CUST08962,2022-06-23,Standard,55,50,Canada,26-35,Paid Ads,0,15,3,2026-08-18,Monthly,1,Payment Issues
CUST08963,2021-12-25,Standard,56,56,Germany,46-55,Paid Ads,8,10,0,2026-06-27,Monthly,0,Not Churned
CUST08964,2024-12-09,Basic,26,20,UK,26-35,Organic,4,14,1,2026-06-17,Monthly,0,Not Churned
CUST08965,2024-08-11,Standard,58,24,Australia,18-25,Organic,2,10,0,2026-06-18,Monthly,0,Not Churned
CUST08966,2021-11-25,Standard,54,57,India,46-55,Paid Ads,1,15,0,2026-07-03,Monthly,0,Not Churned
CUST08967,2026-02-02,Standard,62,6,USA,46-55,Paid Ads,1,18,0,2026-06-27,Monthly,0,Not Churned
CUST08968,2023-03-20,Standard,61,41,India,26-35,Referral,5,16,1,2026-06-05,Annual,0,Not Churned
CUST08969,2022-08-22,Standard,61,48,India,26-35,Referral,4,15,2,2026-06-13,Annual,1,Payment Issues
CUST08970,2023-12-15,Basic,26,32,USA,36-45,Organic,3,7,0,2026-08-29,Monthly,0,Not Churned
CUST08971,2026-02-02,Basic,25,6,Canada,18-25,Paid Ads,3,11,0,2026-07-23,Annual,0,Not Churned
CUST08972,2025-09-05,Standard,54,11,USA,26-35,Social Media,1,18,0,2026-07-23,Annual,0,Not Churned
CUST08973,2024-02-13,Basic,35,30,UK,18-25,Paid Ads,4,10,0,2026-06-20,Monthly,0,Not Churned
CUST08974,2026-05-03,Basic,29,3,USA,36-45,Paid Ads,4,17,1,2026-08-27,Monthly,1,Pricing
CUST08975,2025-12-04,Standard,66,8,USA,18-25,Paid Ads,2,16,0,2026-07-20,Monthly,0,Not Churned
CUST08976,2023-11-15,Standard,63,33,India,36-45,Paid Ads,1,10,0,2026-08-31,Annual,0,Not Churned
CUST08977,2022-02-23,Basic,24,54,USA,36-45,Organic,2,11,1,2026-08-16,Monthly,0,Not Churned
CUST08978,2022-09-21,Standard,67,47,India,26-35,Organic,4,18,2,2026-08-07,Monthly,0,Not Churned
CUST08979,2022-09-21,Standard,64,47,UK,26-35,Organic,4,13,0,2026-06-04,Monthly,0,Not Churned
CUST08980,2025-01-08,Basic,28,19,India,18-25,Social Media,1,10,0,2026-06-10,Annual,0,Not Churned
CUST08981,2021-10-26,Standard,62,58,India,26-35,Organic,2,10,0,2026-07-02,Monthly,0,Not Churned
CUST08982,2025-10-05,Standard,64,10,UK,26-35,Partner,2,12,1,2026-06-11,Monthly,0,Not Churned
CUST08983,2025-01-08,Standard,62,19,USA,36-45,Social Media,5,8,1,2026-06-02,Monthly,0,Not Churned
CUST08984,2025-11-04,Standard,66,9,USA,18-25,Referral,4,13,0,2026-08-23,Monthly,0,Not Churned
CUST08985,2026-01-03,Basic,35,7,India,36-45,Referral,2,11,1,2026-06-08,Monthly,0,Not Churned
CUST08986,2025-06-07,Standard,68,14,USA,36-45,Organic,2,12,0,2026-06-24,Monthly,1,Competitor
CUST08987,2026-06-02,Basic,27,2,Canada,26-35,Referral,4,10,0,2026-08-02,Monthly,0,Not Churned
CUST08988,2024-10-10,Premium,100,22,Australia,26-35,Partner,2,11,0,2026-08-24,Monthly,0,Not Churned
CUST08989,2021-08-27,Premium,107,60,UK,46-55,Organic,4,11,0,2026-08-04,Monthly,0,Not Churned
CUST08990,2022-11-20,Standard,64,45,India,36-45,Organic,5,11,0,2026-06-12,Monthly,0,Not Churned
CUST08991,2024-12-09,Basic,30,20,UK,56+,Organic,6,15,0,2026-07-11,Monthly,0,Not Churned
CUST08992,2024-06-12,Basic,27,26,India,26-35,Referral,2,8,0,2026-08-11,Monthly,0,Not Churned
CUST08993,2021-09-26,Basic,28,59,India,46-55,Organic,0,8,0,2026-08-14,Monthly,0,Not Churned
CUST08994,2022-01-24,Standard,64,55,India,18-25,Paid Ads,0,8,0,2026-08-22,Monthly,0,Not Churned
CUST08995,2026-04-03,Basic,32,4,Canada,26-35,Referral,2,9,0,2026-06-23,Monthly,0,Not Churned
CUST08996,2023-05-19,Standard,60,39,UK,26-35,Organic,3,12,0,2026-06-06,Annual,0,Not Churned
CUST08997,2022-02-23,Basic,30,54,UK,26-35,Social Media,3,8,0,2026-06-11,Annual,0,Not Churned
CUST08998,2023-04-19,Premium,103,40,UK,36-45,Organic,4,21,1,2026-07-05,Monthly,0,Not Churned
CUST08999,2024-09-10,Basic,30,23,India,26-35,Organic,3,11,0,2026-08-18,Monthly,0,Not Churned
CUST09000,2025-04-08,Premium,108,16,USA,46-55,Organic,4,15,0,2026-07-10,Annual,0,Not Churned
CUST09001,2024-07-12,Premium,102,25,UK,36-45,Social Media,2,8,1,2026-06-09,Monthly,0,Not Churned
CUST09002,2022-04-24,Standard,58,52,UK,46-55,Social Media,3,15,0,2026-07-09,Annual,0,Not Churned
CUST09003,2025-11-04,Standard,59,9,Canada,18-25,Organic,6,10,0,2026-07-06,Annual,0,Not Churned
CUST09004,2022-03-25,Standard,56,53,India,36-45,Organic,2,19,0,2026-08-27,Annual,0,Not Churned
CUST09005,2025-09-05,Standard,54,11,Canada,26-35,Social Media,4,16,0,2026-06-04,Monthly,0,Not Churned
CUST09006,2024-07-12,Basic,34,25,USA,36-45,Referral,7,9,0,2026-07-28,Monthly,0,Not Churned
CUST09007,2024-01-14,Basic,35,31,UK,36-45,Organic,2,15,1,2026-06-30,Monthly,0,Not Churned
CUST09008,2022-10-21,Standard,55,46,USA,26-35,Referral,1,10,0,2026-06-07,Monthly,0,Not Churned
CUST09009,2024-05-13,Standard,61,27,Germany,26-35,Social Media,2,13,0,2026-08-24,Monthly,0,Not Churned
CUST09010,2023-08-17,Standard,66,36,India,36-45,Organic,2,9,0,2026-07-28,Monthly,0,Not Churned
CUST09011,2022-05-24,Basic,24,51,UK,36-45,Organic,2,11,0,2026-06-18,Monthly,0,Not Churned
CUST09012,2022-09-21,Basic,33,47,USA,26-35,Organic,3,11,1,2026-06-28,Annual,0,Not Churned
CUST09013,2025-06-07,Basic,30,14,India,26-35,Referral,1,12,0,2026-08-06,Monthly,0,Not Churned
CUST09014,2024-09-10,Basic,28,23,India,26-35,Organic,6,11,0,2026-07-31,Monthly,0,Not Churned
CUST09015,2025-04-08,Basic,36,16,Canada,36-45,Social Media,3,10,0,2026-07-29,Annual,0,Not Churned
CUST09016,2024-12-09,Basic,29,20,India,18-25,Social Media,2,14,0,2026-08-19,Monthly,0,Not Churned
CUST09017,2022-03-25,Basic,31,53,India,36-45,Referral,3,14,0,2026-06-14,Monthly,0,Not Churned
CUST09018,2026-05-03,Premium,97,3,Germany,36-45,Organic,3,10,0,2026-07-25,Annual,0,Not Churned
CUST09019,2026-02-02,Basic,29,6,UK,36-45,Partner,2,8,1,2026-06-26,Monthly,0,Not Churned
CUST09020,2024-03-14,Standard,67,29,India,46-55,Paid Ads,5,9,1,2026-06-13,Annual,0,Not Churned
CUST09021,2026-04-03,Basic,34,4,USA,26-35,Paid Ads,3,11,1,2026-06-27,Annual,0,Not Churned
CUST09022,2026-07-02,Premium,96,1,USA,26-35,Partner,5,13,0,2026-06-14,Monthly,0,Not Churned
CUST09023,2022-06-23,Standard,60,50,Australia,18-25,Social Media,4,14,0,2026-07-20,Monthly,0,Not Churned
CUST09024,2025-12-04,Basic,25,8,Canada,26-35,Paid Ads,1,8,0,2026-06-25,Monthly,1,Pricing
CUST09025,2022-08-22,Standard,65,48,Australia,18-25,Paid Ads,1,14,0,2026-08-19,Annual,0,Not Churned
CUST09026,2024-12-09,Basic,31,20,India,46-55,Organic,5,15,2,2026-07-24,Monthly,0,Not Churned
CUST09027,2021-08-27,Standard,66,60,UK,46-55,Partner,1,11,0,2026-08-16,Monthly,0,Not Churned
CUST09028,2025-04-08,Basic,30,16,India,26-35,Social Media,2,9,0,2026-07-21,Monthly,0,Not Churned
CUST09029,2022-09-21,Premium,105,47,India,26-35,Paid Ads,3,8,1,2026-06-20,Annual,0,Not Churned
CUST09030,2024-01-14,Standard,65,31,UK,18-25,Social Media,1,12,0,2026-07-15,Annual,0,Not Churned
CUST09031,2023-12-15,Basic,31,32,India,46-55,Social Media,6,5,0,2026-08-06,Annual,0,Not Churned
CUST09032,2021-10-26,Standard,55,58,USA,46-55,Organic,3,15,0,2026-06-02,Monthly,0,Not Churned
CUST09033,2023-10-16,Basic,26,34,Australia,26-35,Referral,6,9,1,2026-06-13,Monthly,0,Not Churned
CUST09034,2024-03-14,Premium,105,29,USA,36-45,Organic,2,10,0,2026-07-09,Monthly,0,Not Churned
CUST09035,2025-08-06,Standard,57,12,India,26-35,Social Media,6,20,0,2026-06-19,Annual,0,Not Churned
CUST09036,2026-04-03,Standard,65,4,UK,26-35,Organic,4,14,0,2026-08-11,Monthly,0,Not Churned
CUST09037,2022-01-24,Basic,32,55,Germany,18-25,Referral,3,11,0,2026-07-05,Monthly,0,Not Churned
CUST09038,2023-01-19,Premium,105,43,UK,36-45,Paid Ads,5,19,1,2026-06-02,Annual,0,Not Churned
CUST09039,2023-10-16,Standard,65,34,USA,18-25,Organic,8,12,1,2026-08-16,Monthly,0,Not Churned
CUST09040,2026-02-02,Basic,28,6,India,18-25,Organic,3,12,1,2026-06-04,Annual,0,Not Churned
CUST09041,2022-07-23,Basic,29,49,India,18-25,Referral,4,9,1,2026-07-12,Monthly,1,Pricing
CUST09042,2021-08-27,Basic,24,60,UK,26-35,Organic,3,14,3,2026-08-19,Monthly,0,Not Churned
CUST09043,2022-05-24,Premium,97,51,India,36-45,Referral,3,14,3,2026-07-08,Annual,0,Not Churned
CUST09044,2025-11-04,Basic,37,9,Australia,26-35,Paid Ads,5,12,1,2026-07-27,Annual,0,Not Churned
CUST09045,2026-03-04,Standard,57,5,USA,46-55,Referral,2,11,0,2026-08-26,Monthly,1,Competitor
CUST09046,2022-10-21,Basic,33,46,USA,26-35,Paid Ads,2,12,0,2026-07-24,Monthly,0,Not Churned
CUST09047,2025-04-08,Basic,31,16,Canada,26-35,Paid Ads,1,10,0,2026-08-26,Annual,0,Not Churned
CUST09048,2021-09-26,Standard,61,59,Canada,26-35,Organic,6,12,1,2026-08-27,Annual,0,Not Churned
CUST09049,2021-12-25,Premium,103,56,UK,26-35,Paid Ads,2,13,1,2026-07-21,Annual,0,Not Churned
CUST09050,2026-07-02,Standard,59,1,Germany,18-25,Referral,3,14,0,2026-06-11,Monthly,1,Competitor
CUST09051,2024-12-09,Premium,101,20,Germany,26-35,Referral,1,6,0,2026-08-18,Monthly,1,Competitor
CUST09052,2023-09-16,Standard,62,35,Germany,46-55,Organic,4,8,1,2026-06-19,Annual,0,Not Churned
CUST09053,2025-10-05,Basic,28,10,Australia,36-45,Referral,4,9,2,2026-07-21,Monthly,0,Not Churned
CUST09054,2024-07-12,Basic,24,25,UK,46-55,Organic,4,17,0,2026-06-13,Monthly,1,Pricing
CUST09055,2022-09-21,Standard,54,47,UK,18-25,Organic,1,8,1,2026-07-20,Monthly,0,Not Churned
CUST09056,2022-01-24,Premium,95,55,India,26-35,Paid Ads,2,14,0,2026-06-21,Monthly,0,Not Churned
CUST09057,2024-04-13,Premium,95,28,India,26-35,Organic,4,10,1,2026-08-24,Monthly,0,Not Churned
CUST09058,2023-09-16,Basic,28,35,India,36-45,Referral,3,8,0,2026-07-08,Monthly,0,Not Churned
CUST09059,2023-11-15,Basic,30,33,India,56+,Partner,1,10,1,2026-06-10,Monthly,0,Not Churned
CUST09060,2022-11-20,Basic,30,45,USA,46-55,Organic,4,12,1,2026-07-25,Monthly,0,Not Churned
CUST09061,2025-05-08,Premium,108,15,India,18-25,Referral,2,12,1,2026-06-06,Annual,0,Not Churned
CUST09062,2024-11-09,Premium,97,21,Australia,26-35,Partner,3,10,0,2026-06-06,Monthly,0,Not Churned
CUST09063,2023-02-18,Standard,66,42,Canada,18-25,Organic,1,13,0,2026-08-21,Monthly,0,Not Churned
CUST09064,2023-09-16,Basic,27,35,India,18-25,Paid Ads,4,11,1,2026-06-23,Annual,0,Not Churned
CUST09065,2021-09-26,Standard,67,59,India,18-25,Organic,3,11,0,2026-07-29,Monthly,0,Not Churned
CUST09066,2022-06-23,Standard,67,50,Canada,26-35,Referral,2,7,1,2026-07-20,Monthly,0,Not Churned
CUST09067,2022-05-24,Basic,34,51,Canada,26-35,Referral,4,13,1,2026-08-16,Annual,0,Not Churned
CUST09068,2022-03-25,Standard,68,53,Germany,26-35,Referral,5,21,2,2026-08-28,Annual,1,Payment Issues
CUST09069,2023-07-18,Basic,33,37,Germany,26-35,Paid Ads,0,14,0,2026-06-11,Monthly,0,Not Churned
CUST09070,2025-10-05,Basic,26,10,Germany,36-45,Referral,4,9,0,2026-07-10,Annual,0,Not Churned
CUST09071,2021-12-25,Premium,104,56,USA,18-25,Organic,3,18,0,2026-07-23,Monthly,0,Not Churned
CUST09072,2025-04-08,Standard,55,16,India,26-35,Partner,1,13,1,2026-07-25,Monthly,0,Not Churned
CUST09073,2024-12-09,Standard,56,20,Canada,36-45,Organic,2,8,1,2026-07-02,Annual,0,Not Churned
CUST09074,2022-06-23,Standard,61,50,India,36-45,Organic,3,12,1,2026-08-03,Monthly,0,Not Churned
CUST09075,2025-12-04,Basic,38,8,Canada,26-35,Partner,5,8,0,2026-07-25,Annual,0,Not Churned
CUST09076,2022-11-20,Standard,54,45,USA,46-55,Social Media,5,13,0,2026-06-20,Monthly,0,Not Churned
CUST09077,2024-01-14,Standard,57,31,Canada,26-35,Social Media,3,9,0,2026-07-12,Monthly,0,Not Churned
CUST09078,2025-12-04,Standard,60,8,India,26-35,Organic,5,13,0,2026-07-07,Monthly,1,Competitor
CUST09079,2021-10-26,Standard,58,58,USA,26-35,Social Media,1,11,1,2026-06-02,Annual,1,Competitor
CUST09080,2025-07-07,Basic,25,13,USA,26-35,Referral,4,18,0,2026-08-15,Monthly,0,Not Churned
CUST09081,2024-08-11,Basic,24,24,Germany,36-45,Referral,6,9,0,2026-08-21,Monthly,0,Not Churned
CUST09082,2025-08-06,Standard,59,12,India,26-35,Partner,0,16,1,2026-06-30,Annual,0,Not Churned
CUST09083,2022-11-20,Basic,36,45,Germany,26-35,Organic,4,7,1,2026-08-24,Annual,0,Not Churned
CUST09084,2021-09-26,Standard,66,59,Canada,46-55,Paid Ads,8,10,2,2026-06-17,Monthly,1,Payment Issues
CUST09085,2025-03-09,Basic,28,17,Canada,26-35,Social Media,2,11,1,2026-08-29,Monthly,0,Not Churned
CUST09086,2022-09-21,Basic,26,47,Canada,36-45,Paid Ads,4,9,1,2026-07-19,Monthly,0,Not Churned
CUST09087,2021-08-27,Basic,34,60,UK,26-35,Organic,4,13,1,2026-06-18,Annual,0,Not Churned
CUST09088,2023-03-20,Premium,104,41,India,26-35,Organic,0,9,0,2026-06-19,Monthly,0,Not Churned
CUST09089,2022-04-24,Basic,38,52,India,26-35,Referral,7,9,0,2026-06-06,Annual,0,Not Churned
CUST09090,2023-08-17,Standard,64,36,Australia,36-45,Organic,4,14,0,2026-08-17,Annual,0,Not Churned
CUST09091,2021-12-25,Standard,62,56,Canada,36-45,Organic,2,12,0,2026-07-29,Monthly,0,Not Churned
CUST09092,2025-08-06,Basic,26,12,India,18-25,Paid Ads,4,13,0,2026-08-06,Monthly,0,Not Churned
CUST09093,2021-12-25,Standard,55,56,UK,18-25,Organic,4,19,0,2026-07-01,Monthly,0,Not Churned
CUST09094,2022-02-23,Standard,58,54,USA,46-55,Organic,3,14,0,2026-08-15,Annual,0,Not Churned
CUST09095,2023-08-17,Standard,62,36,India,46-55,Organic,7,13,1,2026-07-14,Monthly,0,Not Churned
CUST09096,2025-07-07,Premium,101,13,USA,36-45,Social Media,2,11,0,2026-08-25,Annual,0,Not Churned
CUST09097,2023-09-16,Basic,29,35,India,26-35,Organic,6,9,2,2026-08-06,Annual,0,Not Churned
CUST09098,2026-03-04,Basic,26,5,India,46-55,Social Media,3,13,0,2026-07-21,Monthly,0,Not Churned
CUST09099,2025-07-07,Premium,99,13,USA,18-25,Social Media,3,9,0,2026-06-02,Monthly,0,Not Churned
CUST09100,2022-10-21,Basic,28,46,USA,36-45,Referral,3,11,2,2026-08-17,Annual,0,Not Churned
CUST09101,2025-12-04,Standard,54,8,India,26-35,Organic,3,7,0,2026-07-28,Monthly,0,Not Churned
CUST09102,2022-01-24,Standard,58,55,USA,36-45,Social Media,6,10,0,2026-06-05,Monthly,0,Not Churned
CUST09103,2025-09-05,Basic,37,11,India,18-25,Paid Ads,1,13,1,2026-06-08,Monthly,0,Not Churned
CUST09104,2025-12-04,Standard,60,8,India,36-45,Organic,3,14,2,2026-08-14,Annual,1,Payment Issues
CUST09105,2024-01-14,Basic,32,31,India,36-45,Paid Ads,2,9,1,2026-07-01,Annual,0,Not Churned
CUST09106,2025-08-06,Basic,35,12,India,46-55,Organic,3,19,0,2026-07-25,Monthly,0,Not Churned
CUST09107,2025-09-05,Basic,38,11,India,36-45,Paid Ads,6,12,0,2026-07-08,Annual,0,Not Churned
CUST09108,2025-03-09,Premium,94,17,Canada,46-55,Paid Ads,1,17,0,2026-06-10,Monthly,0,Not Churned
CUST09109,2024-05-13,Basic,26,27,USA,46-55,Paid Ads,3,14,0,2026-08-09,Annual,0,Not Churned
CUST09110,2025-07-07,Standard,61,13,India,26-35,Referral,4,12,0,2026-07-09,Annual,1,Competitor
CUST09111,2023-08-17,Premium,99,36,India,18-25,Partner,3,11,0,2026-08-09,Monthly,0,Not Churned
CUST09112,2025-07-07,Standard,66,13,India,36-45,Paid Ads,6,16,0,2026-07-29,Monthly,0,Not Churned
CUST09113,2023-03-20,Standard,58,41,Canada,46-55,Paid Ads,4,11,0,2026-08-31,Monthly,1,Competitor
CUST09114,2024-10-10,Standard,66,22,USA,18-25,Referral,1,7,0,2026-08-24,Annual,0,Not Churned
CUST09115,2022-10-21,Basic,33,46,India,36-45,Paid Ads,2,18,0,2026-08-24,Monthly,0,Not Churned
CUST09116,2022-12-20,Standard,55,44,USA,18-25,Paid Ads,3,17,0,2026-06-04,Annual,0,Not Churned
CUST09117,2021-10-26,Standard,56,58,USA,18-25,Social Media,2,13,1,2026-08-25,Monthly,0,Not Churned
CUST09118,2024-08-11,Premium,105,24,India,36-45,Social Media,2,8,1,2026-06-13,Monthly,0,Not Churned
CUST09119,2024-02-13,Premium,95,30,UK,36-45,Referral,5,8,2,2026-07-28,Annual,0,Not Churned
CUST09120,2025-07-07,Premium,94,13,USA,36-45,Organic,3,12,1,2026-06-30,Annual,0,Not Churned
CUST09121,2025-12-04,Premium,100,8,India,46-55,Paid Ads,3,13,2,2026-08-15,Monthly,0,Not Churned
CUST09122,2026-03-04,Standard,67,5,UK,18-25,Paid Ads,1,15,0,2026-06-07,Monthly,1,Competitor
CUST09123,2023-01-19,Standard,56,43,UK,18-25,Paid Ads,2,8,0,2026-06-02,Monthly,0,Not Churned
CUST09124,2021-12-25,Premium,100,56,UK,46-55,Organic,1,11,2,2026-07-26,Annual,0,Not Churned
CUST09125,2022-04-24,Basic,35,52,India,36-45,Paid Ads,4,16,1,2026-06-18,Annual,0,Not Churned
CUST09126,2026-02-02,Premium,100,6,USA,26-35,Paid Ads,4,15,1,2026-08-29,Monthly,0,Not Churned
CUST09127,2026-01-03,Standard,61,7,USA,36-45,Organic,2,15,1,2026-06-15,Monthly,0,Not Churned
CUST09128,2022-02-23,Standard,54,54,UK,46-55,Partner,5,7,0,2026-08-14,Monthly,0,Not Churned
CUST09129,2024-10-10,Standard,58,22,USA,36-45,Social Media,2,12,0,2026-07-02,Monthly,1,Competitor
CUST09130,2021-12-25,Premium,103,56,India,36-45,Social Media,5,11,0,2026-07-06,Monthly,0,Not Churned
CUST09131,2024-02-13,Basic,32,30,UK,26-35,Paid Ads,6,7,0,2026-08-23,Annual,0,Not Churned
CUST09132,2025-05-08,Standard,65,15,UK,26-35,Paid Ads,4,8,0,2026-08-24,Annual,0,Not Churned
CUST09133,2023-07-18,Standard,64,37,USA,46-55,Referral,5,13,0,2026-06-25,Monthly,0,Not Churned
CUST09134,2021-12-25,Basic,30,56,Australia,36-45,Referral,0,9,0,2026-07-13,Monthly,0,Not Churned
CUST09135,2023-03-20,Standard,54,41,Australia,26-35,Referral,2,9,0,2026-08-31,Monthly,1,Competitor
CUST09136,2021-08-27,Standard,61,60,India,36-45,Organic,4,13,0,2026-08-18,Monthly,0,Not Churned
CUST09137,2024-12-09,Standard,56,20,Australia,36-45,Referral,3,11,0,2026-06-03,Annual,1,Competitor
CUST09138,2024-01-14,Basic,36,31,USA,26-35,Partner,2,8,0,2026-07-08,Monthly,1,Pricing
CUST09139,2022-05-24,Standard,57,51,Canada,36-45,Organic,2,8,0,2026-07-24,Monthly,0,Not Churned
CUST09140,2026-03-04,Standard,57,5,Canada,18-25,Paid Ads,1,10,0,2026-08-23,Monthly,1,Competitor
CUST09141,2022-11-20,Standard,68,45,USA,26-35,Paid Ads,1,11,1,2026-06-21,Monthly,1,Competitor
CUST09142,2021-10-26,Basic,33,58,USA,36-45,Referral,5,10,1,2026-08-11,Monthly,0,Not Churned
CUST09143,2021-10-26,Premium,107,58,Australia,18-25,Organic,5,6,1,2026-07-20,Annual,0,Not Churned
CUST09144,2025-08-06,Standard,65,12,India,26-35,Social Media,1,14,0,2026-07-04,Annual,0,Not Churned
CUST09145,2023-07-18,Standard,61,37,India,46-55,Organic,2,12,0,2026-06-22,Monthly,0,Not Churned
CUST09146,2024-02-13,Standard,54,30,USA,36-45,Social Media,1,8,1,2026-08-16,Monthly,0,Not Churned
CUST09147,2023-05-19,Basic,31,39,Australia,26-35,Organic,3,11,0,2026-07-31,Monthly,0,Not Churned
CUST09148,2026-05-03,Standard,62,3,Germany,26-35,Organic,2,13,0,2026-07-13,Annual,0,Not Churned
CUST09149,2025-07-07,Standard,62,13,India,26-35,Social Media,1,10,0,2026-07-28,Annual,0,Not Churned
CUST09150,2025-09-05,Standard,58,11,Australia,36-45,Social Media,4,8,0,2026-06-19,Annual,0,Not Churned
CUST09151,2025-10-05,Standard,57,10,India,26-35,Partner,2,8,1,2026-08-09,Monthly,0,Not Churned
CUST09152,2024-02-13,Standard,57,30,Germany,26-35,Organic,5,13,0,2026-06-09,Monthly,0,Not Churned
CUST09153,2025-11-04,Basic,32,9,USA,26-35,Paid Ads,3,13,1,2026-08-31,Annual,0,Not Churned
CUST09154,2024-02-13,Standard,68,30,India,26-35,Organic,3,13,1,2026-08-01,Annual,0,Not Churned
CUST09155,2024-03-14,Basic,31,29,India,18-25,Organic,3,11,0,2026-06-22,Monthly,0,Not Churned
CUST09156,2023-06-18,Basic,33,38,India,18-25,Organic,4,11,0,2026-07-15,Monthly,0,Not Churned
CUST09157,2022-10-21,Premium,108,46,India,56+,Organic,3,9,1,2026-08-05,Monthly,0,Not Churned
CUST09158,2023-02-18,Standard,63,42,Canada,56+,Social Media,1,9,0,2026-08-30,Annual,0,Not Churned
CUST09159,2021-11-25,Standard,65,57,India,26-35,Organic,5,11,1,2026-08-10,Annual,0,Not Churned
CUST09160,2022-07-23,Standard,60,49,Germany,36-45,Referral,1,13,0,2026-06-19,Monthly,0,Not Churned
CUST09161,2023-10-16,Premium,105,34,UK,36-45,Referral,3,8,0,2026-08-09,Monthly,0,Not Churned
CUST09162,2024-06-12,Standard,56,26,UK,18-25,Organic,3,13,0,2026-07-13,Monthly,0,Not Churned
CUST09163,2026-06-02,Standard,57,2,India,26-35,Partner,5,12,2,2026-06-10,Monthly,0,Not Churned
CUST09164,2021-09-26,Basic,38,59,Australia,26-35,Paid Ads,4,19,1,2026-07-05,Annual,0,Not Churned
CUST09165,2021-12-25,Premium,102,56,UK,36-45,Partner,2,11,0,2026-07-19,Monthly,1,Competitor
CUST09166,2023-08-17,Premium,107,36,Australia,36-45,Partner,6,17,1,2026-08-22,Monthly,0,Not Churned
CUST09167,2026-01-03,Premium,106,7,Germany,46-55,Partner,3,10,0,2026-08-09,Monthly,0,Not Churned
CUST09168,2022-04-24,Basic,31,52,India,36-45,Social Media,1,16,1,2026-06-30,Annual,1,Pricing
CUST09169,2023-08-17,Basic,35,36,India,46-55,Organic,3,15,0,2026-07-08,Monthly,1,Pricing
CUST09170,2023-04-19,Basic,35,40,Canada,46-55,Organic,1,9,0,2026-07-05,Monthly,0,Not Churned
CUST09171,2025-06-07,Basic,24,14,Australia,46-55,Referral,1,13,0,2026-06-15,Monthly,0,Not Churned
CUST09172,2024-05-13,Premium,96,27,USA,26-35,Paid Ads,0,9,0,2026-08-19,Annual,0,Not Churned
CUST09173,2024-06-12,Basic,37,26,USA,26-35,Social Media,4,13,0,2026-06-03,Monthly,0,Not Churned
CUST09174,2024-12-09,Basic,35,20,UK,36-45,Referral,5,14,0,2026-06-04,Annual,0,Not Churned
CUST09175,2023-09-16,Basic,33,35,India,36-45,Organic,4,12,0,2026-08-19,Monthly,1,Pricing
CUST09176,2025-09-05,Basic,25,11,India,26-35,Organic,2,12,0,2026-08-03,Monthly,0,Not Churned
CUST09177,2024-06-12,Basic,25,26,USA,46-55,Organic,3,9,2,2026-08-30,Monthly,1,Payment Issues
CUST09178,2021-11-25,Standard,66,57,India,56+,Referral,1,8,1,2026-07-11,Monthly,0,Not Churned
CUST09179,2023-09-16,Standard,66,35,USA,36-45,Organic,3,4,0,2026-07-09,Annual,0,Not Churned
CUST09180,2026-03-04,Basic,31,5,Germany,26-35,Referral,7,15,1,2026-08-23,Monthly,0,Not Churned
CUST09181,2025-04-08,Standard,59,16,Australia,46-55,Referral,1,7,0,2026-08-04,Annual,0,Not Churned
CUST09182,2025-09-05,Standard,65,11,Germany,18-25,Organic,4,10,2,2026-06-29,Monthly,0,Not Churned
CUST09183,2023-11-15,Basic,35,33,Canada,18-25,Referral,1,13,0,2026-07-27,Monthly,0,Not Churned
CUST09184,2025-11-04,Standard,65,9,USA,46-55,Referral,4,8,1,2026-08-29,Annual,0,Not Churned
CUST09185,2024-10-10,Standard,66,22,Canada,36-45,Paid Ads,2,14,1,2026-06-24,Annual,0,Not Churned
CUST09186,2026-03-04,Standard,59,5,Germany,26-35,Partner,6,15,0,2026-07-27,Annual,0,Not Churned
CUST09187,2024-12-09,Standard,57,20,Germany,46-55,Organic,6,17,1,2026-06-24,Annual,0,Not Churned
CUST09188,2021-12-25,Basic,24,56,UK,26-35,Paid Ads,6,11,0,2026-08-06,Annual,0,Not Churned
CUST09189,2023-01-19,Premium,104,43,India,36-45,Social Media,7,17,2,2026-08-18,Monthly,1,Payment Issues
CUST09190,2023-10-16,Premium,100,34,India,36-45,Paid Ads,4,8,0,2026-06-04,Monthly,0,Not Churned
CUST09191,2024-02-13,Premium,101,30,India,26-35,Paid Ads,5,12,1,2026-06-26,Monthly,0,Not Churned
CUST09192,2025-10-05,Basic,25,10,Germany,26-35,Referral,6,13,0,2026-08-13,Annual,0,Not Churned
CUST09193,2023-07-18,Premium,95,37,USA,46-55,Referral,1,13,0,2026-08-03,Monthly,0,Not Churned
CUST09194,2023-12-15,Premium,94,32,Australia,26-35,Organic,2,17,0,2026-06-09,Monthly,0,Not Churned
CUST09195,2024-08-11,Premium,97,24,USA,26-35,Paid Ads,2,16,0,2026-06-18,Annual,1,Competitor
CUST09196,2025-03-09,Basic,29,17,UK,26-35,Paid Ads,6,4,0,2026-06-17,Annual,1,Low Engagement
CUST09197,2022-12-20,Standard,67,44,India,18-25,Referral,0,6,0,2026-07-27,Monthly,0,Not Churned
CUST09198,2026-05-03,Premium,98,3,India,46-55,Referral,0,20,1,2026-06-20,Monthly,0,Not Churned
CUST09199,2023-05-19,Standard,57,39,USA,18-25,Referral,2,11,3,2026-07-17,Monthly,0,Not Churned
CUST09200,2023-01-19,Standard,67,43,UK,36-45,Referral,0,13,1,2026-07-07,Monthly,0,Not Churned
CUST09201,2023-01-19,Premium,97,43,India,26-35,Organic,1,16,0,2026-08-22,Monthly,1,Competitor
CUST09202,2024-06-12,Standard,63,26,Canada,46-55,Organic,5,15,1,2026-06-26,Monthly,1,Competitor
CUST09203,2025-08-06,Standard,68,12,USA,36-45,Paid Ads,3,15,1,2026-06-29,Annual,0,Not Churned
CUST09204,2023-07-18,Standard,60,37,Canada,26-35,Organic,0,16,0,2026-06-11,Annual,0,Not Churned
CUST09205,2023-02-18,Premium,100,42,India,56+,Referral,2,9,0,2026-06-28,Annual,0,Not Churned
CUST09206,2021-11-25,Basic,25,57,UK,18-25,Referral,3,11,0,2026-07-31,Monthly,0,Not Churned
CUST09207,2025-08-06,Standard,66,12,India,36-45,Organic,2,10,0,2026-08-18,Annual,0,Not Churned
CUST09208,2022-10-21,Standard,60,46,Canada,56+,Social Media,5,17,0,2026-08-28,Annual,0,Not Churned
CUST09209,2023-11-15,Standard,55,33,USA,36-45,Paid Ads,2,24,0,2026-06-25,Annual,0,Not Churned
CUST09210,2024-05-13,Standard,57,27,UK,36-45,Organic,1,13,1,2026-07-07,Annual,0,Not Churned
CUST09211,2025-06-07,Premium,108,14,Germany,18-25,Organic,4,13,0,2026-08-31,Annual,1,Competitor
CUST09212,2026-01-03,Premium,94,7,India,18-25,Paid Ads,3,14,1,2026-06-14,Monthly,0,Not Churned
CUST09213,2023-02-18,Basic,28,42,India,18-25,Paid Ads,3,7,0,2026-08-28,Annual,0,Not Churned
CUST09214,2022-12-20,Standard,54,44,Canada,56+,Social Media,4,5,0,2026-08-17,Annual,0,Not Churned
CUST09215,2023-06-18,Basic,27,38,UK,56+,Paid Ads,0,13,0,2026-06-06,Monthly,0,Not Churned
CUST09216,2022-08-22,Basic,36,48,India,26-35,Partner,1,14,0,2026-07-08,Monthly,1,Pricing
CUST09217,2023-02-18,Standard,62,42,USA,26-35,Organic,2,16,0,2026-07-23,Monthly,0,Not Churned
CUST09218,2022-04-24,Premium,106,52,India,18-25,Referral,4,11,1,2026-07-06,Annual,0,Not Churned
CUST09219,2021-09-26,Premium,105,59,India,26-35,Social Media,2,15,2,2026-08-25,Annual,0,Not Churned
CUST09220,2022-12-20,Basic,31,44,USA,26-35,Organic,2,16,1,2026-06-25,Monthly,0,Not Churned
CUST09221,2024-05-13,Basic,29,27,Australia,36-45,Organic,6,8,0,2026-06-24,Monthly,0,Not Churned
CUST09222,2025-10-05,Standard,68,10,USA,46-55,Paid Ads,1,18,0,2026-08-22,Monthly,0,Not Churned
CUST09223,2023-02-18,Standard,61,42,USA,36-45,Partner,6,9,1,2026-07-12,Annual,0,Not Churned
CUST09224,2022-02-23,Basic,28,54,Australia,36-45,Referral,2,12,1,2026-06-17,Monthly,0,Not Churned
CUST09225,2021-10-26,Premium,100,58,India,36-45,Referral,1,9,1,2026-07-29,Monthly,0,Not Churned
CUST09226,2023-01-19,Premium,101,43,UK,36-45,Referral,4,17,0,2026-07-07,Annual,0,Not Churned
CUST09227,2023-03-20,Standard,60,41,Australia,26-35,Organic,1,5,0,2026-07-08,Monthly,0,Not Churned
CUST09228,2025-11-04,Premium,107,9,India,26-35,Paid Ads,3,14,1,2026-08-07,Monthly,0,Not Churned
CUST09229,2022-12-20,Basic,27,44,USA,26-35,Organic,2,10,0,2026-08-13,Monthly,0,Not Churned
CUST09230,2023-10-16,Standard,58,34,Germany,36-45,Paid Ads,0,14,1,2026-08-28,Monthly,0,Not Churned
CUST09231,2022-10-21,Standard,66,46,Germany,56+,Social Media,0,8,0,2026-06-05,Annual,0,Not Churned
CUST09232,2023-03-20,Basic,37,41,India,36-45,Referral,2,13,0,2026-07-31,Monthly,0,Not Churned
CUST09233,2024-03-14,Premium,103,29,India,46-55,Partner,3,10,1,2026-07-31,Monthly,0,Not Churned
CUST09234,2025-02-07,Standard,59,18,India,18-25,Organic,1,12,1,2026-06-13,Monthly,0,Not Churned
CUST09235,2022-02-23,Standard,67,54,USA,36-45,Paid Ads,5,14,0,2026-08-10,Monthly,0,Not Churned
CUST09236,2024-03-14,Basic,37,29,USA,46-55,Social Media,4,14,0,2026-06-14,Monthly,1,Pricing
CUST09237,2022-01-24,Basic,35,55,UK,36-45,Organic,2,10,0,2026-06-09,Monthly,0,Not Churned
CUST09238,2024-02-13,Basic,34,30,Australia,46-55,Organic,4,15,0,2026-07-05,Monthly,0,Not Churned
CUST09239,2021-11-25,Standard,59,57,India,36-45,Paid Ads,3,11,0,2026-07-16,Monthly,0,Not Churned
CUST09240,2021-09-26,Standard,66,59,Australia,26-35,Paid Ads,3,12,0,2026-08-04,Monthly,0,Not Churned
CUST09241,2025-07-07,Basic,32,13,India,26-35,Partner,3,6,2,2026-06-19,Annual,0,Not Churned
CUST09242,2024-10-10,Standard,63,22,India,36-45,Paid Ads,7,12,0,2026-06-13,Monthly,0,Not Churned
CUST09243,2025-04-08,Standard,67,16,USA,46-55,Social Media,1,13,0,2026-07-16,Monthly,0,Not Churned
CUST09244,2022-11-20,Standard,67,45,India,18-25,Social Media,3,19,0,2026-07-08,Monthly,0,Not Churned
CUST09245,2023-12-15,Standard,55,32,USA,36-45,Organic,4,14,1,2026-06-12,Monthly,0,Not Churned
CUST09246,2023-04-19,Premium,99,40,Australia,36-45,Referral,1,9,1,2026-08-15,Monthly,1,Competitor
CUST09247,2024-06-12,Standard,66,26,India,18-25,Organic,2,13,2,2026-07-21,Monthly,1,Payment Issues
CUST09248,2024-01-14,Standard,56,31,UK,18-25,Organic,4,10,0,2026-07-21,Monthly,0,Not Churned
CUST09249,2022-12-20,Basic,37,44,India,26-35,Social Media,1,7,0,2026-08-12,Monthly,0,Not Churned
CUST09250,2025-01-08,Basic,25,19,India,26-35,Organic,4,10,2,2026-07-23,Monthly,0,Not Churned
CUST09251,2023-02-18,Basic,29,42,USA,26-35,Paid Ads,2,9,1,2026-08-04,Monthly,0,Not Churned
CUST09252,2022-02-23,Standard,57,54,Australia,26-35,Paid Ads,1,10,0,2026-06-19,Monthly,0,Not Churned
CUST09253,2023-10-16,Basic,28,34,USA,18-25,Organic,2,11,0,2026-08-05,Monthly,0,Not Churned
CUST09254,2022-09-21,Basic,28,47,UK,36-45,Paid Ads,5,10,0,2026-08-30,Annual,0,Not Churned
CUST09255,2022-07-23,Standard,56,49,Australia,36-45,Paid Ads,2,9,0,2026-07-08,Monthly,0,Not Churned
CUST09256,2021-08-27,Basic,35,60,Canada,36-45,Paid Ads,1,16,2,2026-08-28,Annual,1,Payment Issues
CUST09257,2026-02-02,Basic,27,6,India,36-45,Partner,2,10,0,2026-07-21,Annual,0,Not Churned
CUST09258,2021-08-27,Basic,26,60,Canada,56+,Paid Ads,3,10,0,2026-07-25,Monthly,0,Not Churned
CUST09259,2023-09-16,Standard,60,35,USA,46-55,Organic,2,15,1,2026-06-27,Annual,0,Not Churned
CUST09260,2025-09-05,Basic,38,11,Canada,56+,Organic,5,12,0,2026-06-15,Annual,0,Not Churned
CUST09261,2021-08-27,Standard,54,60,USA,26-35,Referral,5,10,0,2026-07-25,Monthly,1,Competitor
CUST09262,2023-07-18,Standard,68,37,India,46-55,Referral,3,11,0,2026-07-20,Monthly,1,Competitor
CUST09263,2024-10-10,Standard,59,22,USA,36-45,Partner,3,9,1,2026-07-12,Monthly,0,Not Churned
CUST09264,2025-07-07,Standard,57,13,USA,26-35,Referral,3,10,1,2026-06-02,Monthly,1,Competitor
CUST09265,2025-04-08,Premium,94,16,USA,18-25,Organic,3,20,0,2026-08-18,Monthly,1,Competitor
CUST09266,2024-06-12,Basic,24,26,Australia,36-45,Organic,2,20,0,2026-07-14,Annual,0,Not Churned
CUST09267,2024-10-10,Basic,28,22,Australia,18-25,Paid Ads,4,5,0,2026-08-31,Monthly,1,Pricing
CUST09268,2021-08-27,Basic,37,60,USA,26-35,Referral,5,16,0,2026-08-09,Annual,0,Not Churned
CUST09269,2023-02-18,Basic,28,42,USA,36-45,Organic,2,8,1,2026-07-25,Monthly,0,Not Churned
CUST09270,2025-07-07,Basic,33,13,USA,36-45,Referral,5,21,3,2026-08-18,Annual,0,Not Churned
CUST09271,2024-09-10,Basic,30,23,USA,46-55,Social Media,7,16,1,2026-08-23,Monthly,1,Poor Support Experience
CUST09272,2023-12-15,Standard,66,32,Germany,36-45,Referral,2,8,0,2026-08-10,Monthly,0,Not Churned
CUST09273,2024-09-10,Standard,65,23,UK,36-45,Referral,1,13,0,2026-07-29,Annual,0,Not Churned
CUST09274,2023-01-19,Basic,27,43,India,26-35,Social Media,2,11,1,2026-07-21,Monthly,0,Not Churned
CUST09275,2023-12-15,Standard,67,32,USA,36-45,Organic,0,9,0,2026-07-09,Monthly,1,Competitor
CUST09276,2022-08-22,Basic,32,48,UK,26-35,Organic,3,13,0,2026-07-18,Annual,0,Not Churned
CUST09277,2023-06-18,Basic,27,38,UK,46-55,Organic,1,12,0,2026-08-18,Monthly,0,Not Churned
CUST09278,2024-04-13,Standard,60,28,USA,26-35,Organic,4,14,0,2026-08-19,Monthly,0,Not Churned
CUST09279,2023-11-15,Basic,28,33,India,26-35,Partner,3,10,0,2026-07-12,Monthly,0,Not Churned
CUST09280,2023-04-19,Basic,38,40,India,26-35,Organic,3,14,0,2026-06-12,Monthly,0,Not Churned
CUST09281,2024-06-12,Standard,58,26,India,46-55,Referral,5,12,0,2026-06-03,Monthly,0,Not Churned
CUST09282,2024-02-13,Premium,99,30,USA,56+,Referral,2,15,0,2026-08-14,Monthly,0,Not Churned
CUST09283,2022-04-24,Standard,61,52,India,26-35,Referral,4,4,0,2026-06-12,Annual,1,Low Engagement
CUST09284,2025-03-09,Basic,38,17,Canada,26-35,Referral,1,5,0,2026-07-14,Monthly,1,Pricing
CUST09285,2023-02-18,Premium,98,42,India,36-45,Paid Ads,4,11,0,2026-08-29,Monthly,1,Competitor
CUST09286,2024-03-14,Standard,68,29,Australia,46-55,Paid Ads,2,10,0,2026-06-07,Annual,1,Competitor
CUST09287,2026-06-02,Standard,56,2,India,26-35,Partner,1,11,3,2026-06-29,Annual,1,Payment Issues
CUST09288,2022-05-24,Premium,99,51,India,18-25,Organic,5,13,0,2026-08-16,Monthly,0,Not Churned
CUST09289,2023-06-18,Standard,67,38,USA,26-35,Organic,2,18,0,2026-08-04,Monthly,0,Not Churned
CUST09290,2023-10-16,Basic,35,34,India,36-45,Paid Ads,3,12,1,2026-06-16,Annual,0,Not Churned
CUST09291,2022-06-23,Standard,67,50,Germany,26-35,Paid Ads,1,7,2,2026-06-25,Annual,0,Not Churned
CUST09292,2022-10-21,Standard,55,46,India,26-35,Paid Ads,4,13,0,2026-06-07,Annual,0,Not Churned
CUST09293,2023-06-18,Standard,65,38,USA,18-25,Partner,2,14,0,2026-06-26,Monthly,0,Not Churned
CUST09294,2025-08-06,Standard,65,12,Germany,36-45,Social Media,4,12,1,2026-07-08,Monthly,0,Not Churned
CUST09295,2022-04-24,Premium,101,52,USA,56+,Social Media,7,7,0,2026-08-16,Monthly,0,Not Churned
CUST09296,2024-11-09,Premium,101,21,India,46-55,Paid Ads,1,14,0,2026-07-01,Annual,0,Not Churned
CUST09297,2024-05-13,Premium,108,27,India,36-45,Organic,3,6,0,2026-07-01,Annual,1,Competitor
CUST09298,2023-04-19,Premium,96,40,USA,46-55,Social Media,3,11,1,2026-06-23,Monthly,0,Not Churned
CUST09299,2026-05-03,Premium,105,3,India,26-35,Social Media,5,10,1,2026-07-14,Monthly,0,Not Churned
CUST09300,2023-07-18,Basic,31,37,USA,36-45,Paid Ads,1,13,0,2026-07-16,Annual,0,Not Churned
CUST09301,2022-07-23,Basic,32,49,Australia,18-25,Social Media,3,17,1,2026-08-10,Annual,0,Not Churned
CUST09302,2024-06-12,Standard,58,26,Australia,36-45,Partner,2,10,0,2026-08-08,Monthly,0,Not Churned
CUST09303,2022-04-24,Premium,98,52,India,56+,Paid Ads,3,11,3,2026-08-23,Annual,1,Payment Issues
CUST09304,2026-03-04,Standard,59,5,India,46-55,Organic,4,13,0,2026-06-17,Monthly,0,Not Churned
CUST09305,2022-10-21,Standard,60,46,India,36-45,Paid Ads,6,10,0,2026-07-08,Annual,1,Competitor
CUST09306,2024-12-09,Basic,26,20,USA,36-45,Partner,4,8,1,2026-08-18,Monthly,1,Pricing
CUST09307,2021-08-27,Basic,28,60,USA,46-55,Organic,3,11,0,2026-07-22,Monthly,0,Not Churned
CUST09308,2022-10-21,Standard,54,46,Australia,26-35,Referral,2,10,0,2026-06-05,Annual,0,Not Churned
CUST09309,2023-03-20,Basic,34,41,UK,36-45,Referral,7,9,1,2026-07-22,Monthly,0,Not Churned
CUST09310,2025-12-04,Basic,33,8,India,26-35,Organic,6,14,3,2026-08-16,Monthly,0,Not Churned
CUST09311,2023-01-19,Basic,28,43,UK,46-55,Referral,3,14,1,2026-07-08,Monthly,0,Not Churned
CUST09312,2024-04-13,Basic,27,28,India,18-25,Paid Ads,1,21,1,2026-06-03,Monthly,0,Not Churned
CUST09313,2024-03-14,Standard,54,29,India,26-35,Social Media,4,7,0,2026-08-10,Annual,0,Not Churned
CUST09314,2022-06-23,Basic,30,50,India,36-45,Referral,2,10,1,2026-07-14,Monthly,0,Not Churned
CUST09315,2023-03-20,Standard,68,41,India,26-35,Social Media,4,16,0,2026-06-16,Monthly,0,Not Churned
CUST09316,2026-06-02,Basic,24,2,UK,26-35,Organic,3,11,1,2026-08-06,Annual,0,Not Churned
CUST09317,2022-02-23,Premium,106,54,USA,36-45,Organic,7,13,0,2026-06-15,Monthly,1,Poor Support Experience
CUST09318,2026-06-02,Basic,31,2,India,46-55,Social Media,5,10,1,2026-07-29,Monthly,0,Not Churned
CUST09319,2023-06-18,Standard,67,38,Germany,26-35,Paid Ads,1,23,2,2026-07-23,Monthly,0,Not Churned
CUST09320,2023-06-18,Standard,63,38,USA,46-55,Organic,3,12,0,2026-07-16,Annual,0,Not Churned
CUST09321,2023-01-19,Basic,35,43,India,46-55,Organic,2,6,0,2026-08-06,Monthly,0,Not Churned
CUST09322,2024-09-10,Premium,95,23,India,36-45,Paid Ads,2,11,2,2026-07-30,Annual,0,Not Churned
CUST09323,2025-10-05,Standard,63,10,USA,36-45,Organic,3,9,0,2026-06-11,Monthly,0,Not Churned
CUST09324,2022-11-20,Standard,66,45,Germany,18-25,Referral,4,13,0,2026-06-13,Monthly,1,Competitor
CUST09325,2022-03-25,Basic,35,53,USA,26-35,Referral,3,8,0,2026-08-13,Monthly,0,Not Churned
CUST09326,2024-04-13,Premium,98,28,Germany,26-35,Paid Ads,3,7,2,2026-08-17,Monthly,0,Not Churned
CUST09327,2025-01-08,Standard,66,19,USA,26-35,Partner,2,11,0,2026-08-12,Annual,0,Not Churned
CUST09328,2024-04-13,Basic,29,28,USA,26-35,Organic,3,8,0,2026-06-09,Annual,0,Not Churned
CUST09329,2024-01-14,Basic,32,31,USA,26-35,Paid Ads,4,8,1,2026-08-27,Annual,0,Not Churned
CUST09330,2026-06-02,Premium,108,2,UK,36-45,Organic,1,14,0,2026-07-18,Monthly,0,Not Churned
CUST09331,2024-03-14,Standard,67,29,USA,36-45,Social Media,0,10,1,2026-06-12,Monthly,0,Not Churned
CUST09332,2022-04-24,Standard,60,52,Australia,46-55,Partner,4,10,2,2026-06-29,Monthly,1,Payment Issues
CUST09333,2025-06-07,Standard,59,14,India,18-25,Paid Ads,1,14,0,2026-06-10,Monthly,0,Not Churned
CUST09334,2024-04-13,Standard,58,28,USA,18-25,Paid Ads,0,18,1,2026-06-07,Annual,1,Competitor
CUST09335,2026-07-02,Basic,29,1,USA,36-45,Organic,5,11,2,2026-06-04,Annual,0,Not Churned
CUST09336,2021-09-26,Basic,38,59,UK,18-25,Social Media,4,13,1,2026-08-08,Annual,0,Not Churned
CUST09337,2022-12-20,Standard,67,44,India,36-45,Referral,1,8,1,2026-07-28,Monthly,1,Competitor
CUST09338,2022-06-23,Premium,104,50,USA,36-45,Social Media,1,11,0,2026-08-01,Annual,0,Not Churned
CUST09339,2021-12-25,Basic,27,56,USA,26-35,Organic,3,9,1,2026-08-18,Monthly,0,Not Churned
CUST09340,2025-04-08,Standard,54,16,UK,26-35,Paid Ads,1,9,2,2026-07-24,Monthly,0,Not Churned
CUST09341,2023-07-18,Standard,68,37,Canada,26-35,Referral,3,13,1,2026-07-13,Monthly,0,Not Churned
CUST09342,2024-11-09,Standard,65,21,Canada,26-35,Social Media,8,13,1,2026-07-17,Annual,1,Poor Support Experience
CUST09343,2022-05-24,Premium,102,51,India,18-25,Paid Ads,2,10,2,2026-08-24,Monthly,0,Not Churned
CUST09344,2025-06-07,Standard,64,14,Germany,18-25,Paid Ads,3,11,1,2026-08-29,Monthly,0,Not Churned
CUST09345,2023-01-19,Basic,28,43,Australia,36-45,Partner,0,5,2,2026-07-21,Monthly,0,Not Churned
CUST09346,2025-03-09,Premium,101,17,India,26-35,Organic,6,7,1,2026-08-23,Annual,0,Not Churned
CUST09347,2022-02-23,Standard,60,54,India,36-45,Paid Ads,2,5,1,2026-06-30,Annual,0,Not Churned
CUST09348,2025-05-08,Premium,101,15,India,26-35,Paid Ads,4,12,0,2026-06-29,Monthly,0,Not Churned
CUST09349,2022-08-22,Standard,54,48,USA,18-25,Organic,5,9,0,2026-08-21,Annual,0,Not Churned
CUST09350,2024-01-14,Premium,102,31,Australia,26-35,Paid Ads,1,12,2,2026-08-25,Monthly,1,Payment Issues
CUST09351,2022-10-21,Basic,24,46,Canada,26-35,Referral,4,13,0,2026-08-12,Monthly,0,Not Churned
CUST09352,2021-08-27,Basic,26,60,Australia,18-25,Paid Ads,4,12,0,2026-06-10,Monthly,0,Not Churned
CUST09353,2022-07-23,Premium,101,49,India,18-25,Paid Ads,1,12,0,2026-07-16,Monthly,1,Competitor
CUST09354,2023-08-17,Basic,35,36,USA,26-35,Social Media,1,13,1,2026-08-20,Monthly,0,Not Churned
CUST09355,2025-06-07,Basic,34,14,India,26-35,Partner,4,8,0,2026-06-08,Annual,0,Not Churned
CUST09356,2023-08-17,Standard,54,36,India,46-55,Social Media,3,11,1,2026-07-14,Annual,0,Not Churned
CUST09357,2024-05-13,Premium,107,27,UK,46-55,Social Media,4,19,0,2026-06-17,Monthly,1,Competitor
CUST09358,2026-05-03,Basic,24,3,India,26-35,Partner,2,12,1,2026-07-27,Monthly,0,Not Churned
CUST09359,2023-08-17,Premium,99,36,UK,18-25,Social Media,5,15,0,2026-06-15,Monthly,0,Not Churned
CUST09360,2022-02-23,Standard,58,54,UK,36-45,Partner,0,13,0,2026-08-11,Monthly,0,Not Churned
CUST09361,2026-02-02,Standard,64,6,Canada,46-55,Referral,0,8,0,2026-08-13,Monthly,1,Competitor
CUST09362,2024-05-13,Premium,99,27,India,56+,Referral,0,10,1,2026-07-09,Annual,0,Not Churned
CUST09363,2024-10-10,Standard,56,22,Canada,18-25,Referral,3,19,1,2026-07-17,Monthly,1,Competitor
CUST09364,2024-10-10,Basic,33,22,Germany,26-35,Partner,3,12,0,2026-08-05,Monthly,0,Not Churned
CUST09365,2023-08-17,Basic,35,36,Australia,36-45,Referral,2,12,0,2026-08-11,Monthly,0,Not Churned
CUST09366,2023-12-15,Standard,63,32,Canada,46-55,Social Media,5,13,1,2026-07-09,Annual,1,Competitor
CUST09367,2024-05-13,Standard,59,27,UK,18-25,Organic,4,13,0,2026-06-11,Monthly,0,Not Churned
CUST09368,2026-01-03,Premium,95,7,USA,36-45,Partner,1,8,1,2026-08-18,Monthly,0,Not Churned
CUST09369,2023-05-19,Standard,61,39,Canada,26-35,Paid Ads,1,11,0,2026-06-21,Monthly,0,Not Churned
CUST09370,2022-06-23,Standard,68,50,Canada,18-25,Organic,5,8,0,2026-07-05,Monthly,0,Not Churned
CUST09371,2025-08-06,Standard,65,12,UK,26-35,Social Media,1,13,1,2026-08-27,Annual,1,Competitor
CUST09372,2025-04-08,Basic,29,16,Canada,26-35,Paid Ads,1,17,0,2026-08-25,Monthly,0,Not Churned
CUST09373,2023-06-18,Basic,36,38,USA,36-45,Organic,4,8,1,2026-08-10,Annual,0,Not Churned
CUST09374,2026-03-04,Premium,106,5,India,36-45,Organic,1,16,0,2026-07-21,Monthly,1,Competitor
CUST09375,2023-02-18,Basic,27,42,USA,46-55,Organic,5,11,0,2026-06-25,Monthly,0,Not Churned
CUST09376,2022-07-23,Basic,27,49,India,26-35,Organic,2,11,0,2026-08-04,Annual,0,Not Churned
CUST09377,2023-09-16,Standard,67,35,USA,18-25,Referral,5,17,1,2026-08-19,Annual,0,Not Churned
CUST09378,2025-11-04,Standard,64,9,India,26-35,Social Media,1,6,2,2026-07-22,Monthly,0,Not Churned
CUST09379,2024-03-14,Premium,100,29,USA,26-35,Paid Ads,3,14,0,2026-06-17,Monthly,0,Not Churned
CUST09380,2024-05-13,Basic,37,27,Canada,36-45,Referral,6,14,0,2026-07-30,Monthly,1,Pricing
CUST09381,2021-11-25,Basic,26,57,USA,26-35,Social Media,4,17,0,2026-06-12,Annual,0,Not Churned
CUST09382,2023-12-15,Basic,34,32,India,36-45,Paid Ads,2,15,0,2026-08-29,Annual,0,Not Churned
CUST09383,2025-10-05,Standard,56,10,USA,36-45,Referral,4,11,2,2026-06-02,Monthly,1,Payment Issues
CUST09384,2024-07-12,Basic,29,25,India,26-35,Paid Ads,4,23,0,2026-08-26,Monthly,1,Pricing
CUST09385,2021-09-26,Standard,62,59,USA,36-45,Referral,3,9,1,2026-06-29,Monthly,0,Not Churned
CUST09386,2023-02-18,Premium,94,42,USA,26-35,Organic,2,13,1,2026-06-17,Annual,0,Not Churned
CUST09387,2022-03-25,Premium,98,53,Germany,46-55,Partner,4,11,0,2026-06-12,Monthly,0,Not Churned
CUST09388,2023-06-18,Basic,24,38,India,36-45,Organic,2,15,0,2026-07-09,Monthly,0,Not Churned
CUST09389,2024-07-12,Standard,54,25,UK,18-25,Paid Ads,5,8,0,2026-07-11,Annual,0,Not Churned
CUST09390,2026-04-03,Standard,56,4,Australia,26-35,Organic,3,16,1,2026-07-23,Monthly,0,Not Churned
CUST09391,2023-01-19,Premium,96,43,Germany,36-45,Referral,2,12,1,2026-06-30,Monthly,1,Competitor
CUST09392,2022-04-24,Premium,97,52,India,18-25,Paid Ads,5,11,2,2026-06-29,Monthly,0,Not Churned
CUST09393,2021-08-27,Basic,26,60,USA,36-45,Paid Ads,5,5,0,2026-06-10,Monthly,0,Not Churned
CUST09394,2023-03-20,Standard,59,41,India,26-35,Organic,7,13,0,2026-08-28,Monthly,0,Not Churned
CUST09395,2022-12-20,Basic,35,44,USA,36-45,Organic,1,16,0,2026-07-25,Monthly,0,Not Churned
CUST09396,2024-09-10,Basic,38,23,India,46-55,Social Media,7,17,1,2026-06-11,Monthly,0,Not Churned
CUST09397,2022-02-23,Basic,27,54,Australia,36-45,Organic,1,17,2,2026-07-25,Monthly,1,Payment Issues
CUST09398,2025-10-05,Standard,61,10,India,26-35,Social Media,2,17,0,2026-08-25,Monthly,0,Not Churned
CUST09399,2026-02-02,Standard,54,6,USA,18-25,Paid Ads,5,8,0,2026-08-08,Monthly,0,Not Churned
CUST09400,2025-07-07,Basic,31,13,USA,18-25,Organic,3,11,0,2026-07-27,Monthly,0,Not Churned
CUST09401,2024-01-14,Standard,64,31,Germany,36-45,Organic,5,13,1,2026-07-18,Monthly,0,Not Churned
CUST09402,2026-03-04,Basic,24,5,UK,26-35,Social Media,4,12,2,2026-08-08,Monthly,1,Payment Issues
CUST09403,2021-08-27,Standard,64,60,India,26-35,Referral,2,9,0,2026-07-09,Annual,0,Not Churned
CUST09404,2021-09-26,Basic,24,59,India,46-55,Organic,2,9,1,2026-06-10,Monthly,0,Not Churned
CUST09405,2026-04-03,Basic,30,4,India,26-35,Referral,3,15,0,2026-07-27,Annual,0,Not Churned
CUST09406,2026-05-03,Standard,54,3,Canada,36-45,Social Media,3,6,2,2026-08-13,Monthly,0,Not Churned
CUST09407,2024-02-13,Basic,32,30,UK,36-45,Paid Ads,2,13,2,2026-08-09,Annual,0,Not Churned
CUST09408,2024-09-10,Standard,67,23,UK,36-45,Referral,1,10,1,2026-06-14,Annual,0,Not Churned
CUST09409,2023-07-18,Basic,38,37,India,26-35,Organic,3,10,1,2026-08-11,Monthly,0,Not Churned
CUST09410,2025-02-07,Standard,61,18,Canada,26-35,Organic,3,9,0,2026-06-11,Monthly,0,Not Churned
CUST09411,2023-09-16,Basic,36,35,UK,46-55,Paid Ads,2,9,0,2026-08-10,Monthly,0,Not Churned
CUST09412,2026-03-04,Standard,68,5,Germany,26-35,Social Media,3,11,0,2026-07-16,Annual,0,Not Churned
CUST09413,2023-03-20,Standard,54,41,USA,36-45,Paid Ads,5,9,1,2026-06-05,Monthly,1,Competitor
CUST09414,2024-04-13,Basic,25,28,India,36-45,Paid Ads,2,10,2,2026-06-18,Monthly,0,Not Churned
CUST09415,2023-06-18,Standard,55,38,USA,18-25,Paid Ads,0,9,1,2026-08-21,Annual,0,Not Churned
CUST09416,2022-09-21,Basic,25,47,India,36-45,Paid Ads,2,12,0,2026-07-10,Monthly,1,Pricing
CUST09417,2021-09-26,Standard,59,59,Canada,36-45,Paid Ads,3,11,1,2026-06-23,Annual,0,Not Churned
CUST09418,2025-02-07,Basic,27,18,UK,36-45,Referral,1,13,1,2026-08-10,Monthly,0,Not Churned
CUST09419,2025-12-04,Standard,61,8,India,36-45,Organic,1,13,2,2026-08-30,Monthly,0,Not Churned
CUST09420,2025-08-06,Standard,54,12,India,46-55,Social Media,3,13,1,2026-07-30,Monthly,0,Not Churned
CUST09421,2024-02-13,Premium,108,30,India,26-35,Organic,7,16,0,2026-06-06,Monthly,0,Not Churned
CUST09422,2024-10-10,Standard,63,22,Australia,46-55,Referral,6,12,0,2026-08-06,Monthly,0,Not Churned
CUST09423,2026-02-02,Standard,67,6,India,26-35,Paid Ads,5,8,1,2026-07-06,Monthly,0,Not Churned
CUST09424,2024-02-13,Standard,57,30,India,36-45,Social Media,3,17,0,2026-08-26,Annual,0,Not Churned
CUST09425,2025-12-04,Premium,103,8,India,18-25,Social Media,2,10,0,2026-06-24,Monthly,1,Competitor
CUST09426,2022-01-24,Standard,64,55,USA,18-25,Organic,4,15,1,2026-07-05,Annual,0,Not Churned
CUST09427,2022-09-21,Basic,28,47,UK,18-25,Referral,4,7,0,2026-06-12,Monthly,0,Not Churned
CUST09428,2022-08-22,Premium,102,48,Australia,26-35,Organic,2,9,0,2026-08-14,Monthly,0,Not Churned
CUST09429,2024-03-14,Standard,58,29,India,18-25,Organic,1,16,0,2026-07-16,Monthly,1,Competitor
CUST09430,2024-01-14,Premium,106,31,UK,36-45,Partner,4,11,0,2026-07-08,Annual,0,Not Churned
CUST09431,2026-03-04,Premium,104,5,USA,26-35,Organic,3,20,1,2026-06-24,Monthly,1,Competitor
CUST09432,2025-09-05,Basic,26,11,Germany,36-45,Organic,5,7,0,2026-07-09,Annual,0,Not Churned
CUST09433,2021-11-25,Standard,64,57,India,18-25,Organic,8,6,3,2026-07-31,Monthly,1,Payment Issues
CUST09434,2025-03-09,Basic,27,17,India,26-35,Paid Ads,2,14,3,2026-06-20,Monthly,0,Not Churned
CUST09435,2025-07-07,Basic,33,13,USA,26-35,Partner,4,13,0,2026-08-21,Annual,0,Not Churned
CUST09436,2024-12-09,Basic,30,20,India,26-35,Organic,4,4,1,2026-06-11,Monthly,1,Low Engagement
CUST09437,2024-01-14,Standard,54,31,India,18-25,Paid Ads,6,11,0,2026-07-27,Monthly,0,Not Churned
CUST09438,2024-06-12,Basic,34,26,UK,56+,Paid Ads,3,10,0,2026-07-13,Monthly,0,Not Churned
CUST09439,2024-04-13,Basic,29,28,Canada,26-35,Paid Ads,5,9,2,2026-08-31,Annual,1,Payment Issues
CUST09440,2021-09-26,Standard,61,59,USA,36-45,Referral,6,15,1,2026-06-21,Annual,0,Not Churned
CUST09441,2024-07-12,Basic,24,25,UK,26-35,Referral,1,9,0,2026-06-03,Annual,0,Not Churned
CUST09442,2022-08-22,Basic,31,48,USA,46-55,Paid Ads,1,19,1,2026-08-16,Monthly,0,Not Churned
CUST09443,2025-02-07,Basic,30,18,UK,26-35,Social Media,1,13,0,2026-08-30,Monthly,0,Not Churned
CUST09444,2022-11-20,Basic,24,45,USA,46-55,Organic,2,4,1,2026-07-31,Monthly,0,Not Churned
CUST09445,2023-12-15,Standard,62,32,UK,26-35,Organic,3,7,0,2026-07-01,Monthly,0,Not Churned
CUST09446,2024-03-14,Basic,34,29,India,18-25,Partner,3,14,2,2026-07-16,Monthly,0,Not Churned
CUST09447,2026-05-03,Premium,96,3,India,36-45,Referral,4,10,0,2026-06-28,Monthly,0,Not Churned
CUST09448,2023-09-16,Standard,55,35,USA,36-45,Social Media,2,19,0,2026-06-25,Monthly,0,Not Churned
CUST09449,2023-06-18,Basic,30,38,USA,18-25,Referral,2,13,1,2026-08-03,Annual,0,Not Churned
CUST09450,2025-05-08,Basic,34,15,Canada,26-35,Paid Ads,2,12,1,2026-07-09,Monthly,0,Not Churned
CUST09451,2022-05-24,Standard,56,51,USA,36-45,Referral,4,8,0,2026-07-13,Annual,0,Not Churned
CUST09452,2026-05-03,Standard,54,3,India,18-25,Organic,9,15,0,2026-08-28,Monthly,1,Poor Support Experience
CUST09453,2024-11-09,Basic,33,21,India,26-35,Social Media,1,10,1,2026-06-24,Monthly,1,Pricing
CUST09454,2026-05-03,Basic,36,3,India,36-45,Paid Ads,7,15,1,2026-06-13,Annual,0,Not Churned
CUST09455,2022-03-25,Premium,96,53,Canada,36-45,Partner,1,7,0,2026-08-13,Monthly,0,Not Churned
CUST09456,2023-09-16,Basic,29,35,USA,18-25,Referral,4,16,0,2026-07-21,Annual,0,Not Churned
CUST09457,2022-06-23,Basic,26,50,UK,36-45,Organic,7,14,0,2026-08-20,Monthly,1,Poor Support Experience
CUST09458,2025-12-04,Premium,98,8,USA,18-25,Paid Ads,3,11,0,2026-06-16,Annual,0,Not Churned
CUST09459,2022-08-22,Standard,62,48,Australia,26-35,Organic,8,9,0,2026-07-15,Monthly,1,Poor Support Experience
CUST09460,2026-05-03,Basic,30,3,Germany,26-35,Referral,1,14,0,2026-07-04,Monthly,0,Not Churned
CUST09461,2022-02-23,Standard,55,54,UK,46-55,Paid Ads,4,17,1,2026-07-03,Annual,0,Not Churned
CUST09462,2025-09-05,Basic,24,11,Australia,18-25,Paid Ads,4,13,0,2026-07-10,Monthly,0,Not Churned
CUST09463,2022-08-22,Standard,60,48,USA,26-35,Partner,3,10,0,2026-07-10,Monthly,0,Not Churned
CUST09464,2026-06-02,Standard,57,2,Germany,36-45,Partner,2,10,1,2026-06-08,Monthly,1,Competitor
CUST09465,2023-11-15,Premium,104,33,Australia,26-35,Partner,2,13,0,2026-08-12,Annual,0,Not Churned
CUST09466,2025-12-04,Premium,100,8,Germany,36-45,Organic,3,21,0,2026-07-26,Monthly,0,Not Churned
CUST09467,2025-08-06,Premium,99,12,UK,56+,Referral,3,15,0,2026-06-09,Monthly,0,Not Churned
CUST09468,2025-01-08,Premium,100,19,Canada,56+,Partner,2,11,0,2026-06-10,Annual,0,Not Churned
CUST09469,2025-02-07,Standard,57,18,USA,26-35,Referral,3,9,0,2026-06-13,Annual,0,Not Churned
CUST09470,2022-06-23,Basic,26,50,India,36-45,Organic,4,8,0,2026-08-28,Monthly,0,Not Churned
CUST09471,2024-11-09,Standard,65,21,USA,46-55,Social Media,0,13,0,2026-08-21,Annual,0,Not Churned
CUST09472,2024-10-10,Standard,58,22,Australia,18-25,Social Media,2,17,1,2026-06-16,Monthly,0,Not Churned
CUST09473,2023-01-19,Premium,96,43,India,26-35,Referral,8,16,0,2026-08-10,Annual,0,Not Churned
CUST09474,2024-02-13,Basic,37,30,USA,26-35,Organic,1,16,0,2026-06-10,Monthly,0,Not Churned
CUST09475,2025-02-07,Premium,96,18,USA,26-35,Organic,6,16,0,2026-08-21,Monthly,0,Not Churned
CUST09476,2026-02-02,Premium,97,6,USA,56+,Referral,6,7,0,2026-07-06,Annual,0,Not Churned
CUST09477,2026-07-02,Premium,101,1,Australia,36-45,Paid Ads,3,14,0,2026-07-11,Monthly,0,Not Churned
CUST09478,2025-11-04,Premium,95,9,Australia,26-35,Referral,2,8,0,2026-06-20,Monthly,0,Not Churned
CUST09479,2022-04-24,Basic,27,52,USA,46-55,Organic,5,9,1,2026-07-28,Annual,0,Not Churned
CUST09480,2025-04-08,Basic,34,16,India,26-35,Organic,2,20,2,2026-08-02,Monthly,1,Payment Issues
CUST09481,2024-03-14,Basic,26,29,USA,46-55,Paid Ads,5,12,0,2026-06-08,Monthly,0,Not Churned
CUST09482,2024-03-14,Basic,30,29,USA,26-35,Organic,3,9,1,2026-08-31,Annual,0,Not Churned
CUST09483,2026-03-04,Standard,55,5,USA,26-35,Referral,2,13,0,2026-08-28,Monthly,0,Not Churned
CUST09484,2025-01-08,Premium,94,19,India,26-35,Paid Ads,4,11,0,2026-08-05,Annual,0,Not Churned
CUST09485,2024-10-10,Premium,103,22,USA,36-45,Referral,2,11,0,2026-07-16,Monthly,0,Not Churned
CUST09486,2022-07-23,Standard,54,49,India,26-35,Social Media,1,15,1,2026-08-15,Monthly,0,Not Churned
CUST09487,2022-01-24,Basic,29,55,UK,18-25,Organic,7,12,1,2026-07-09,Monthly,0,Not Churned
CUST09488,2025-12-04,Basic,26,8,India,56+,Partner,4,8,1,2026-07-20,Monthly,0,Not Churned
CUST09489,2022-05-24,Basic,30,51,USA,46-55,Social Media,2,11,0,2026-07-16,Monthly,0,Not Churned
CUST09490,2025-02-07,Basic,31,18,India,36-45,Referral,4,8,0,2026-08-19,Monthly,1,Pricing
CUST09491,2022-12-20,Standard,58,44,Germany,46-55,Partner,4,9,0,2026-07-23,Annual,0,Not Churned
CUST09492,2022-08-22,Basic,28,48,USA,46-55,Organic,4,6,1,2026-08-05,Annual,0,Not Churned
CUST09493,2025-06-07,Basic,35,14,India,36-45,Paid Ads,5,4,1,2026-07-21,Monthly,1,Low Engagement
CUST09494,2026-04-03,Basic,25,4,USA,36-45,Organic,6,8,0,2026-07-31,Monthly,0,Not Churned
CUST09495,2023-04-19,Standard,61,40,Australia,46-55,Paid Ads,4,13,0,2026-07-20,Monthly,0,Not Churned
CUST09496,2024-05-13,Standard,63,27,Canada,36-45,Paid Ads,1,8,2,2026-08-22,Monthly,0,Not Churned
CUST09497,2024-08-11,Standard,66,24,UK,18-25,Referral,1,14,0,2026-07-26,Annual,0,Not Churned
CUST09498,2024-02-13,Standard,54,30,India,26-35,Organic,2,13,1,2026-08-25,Monthly,0,Not Churned
CUST09499,2025-08-06,Premium,103,12,UK,26-35,Organic,0,12,0,2026-08-21,Annual,0,Not Churned
CUST09500,2023-01-19,Basic,32,43,Canada,46-55,Paid Ads,1,15,1,2026-07-06,Monthly,0,Not Churned
CUST09501,2025-07-07,Standard,54,13,USA,36-45,Organic,4,9,0,2026-06-14,Monthly,0,Not Churned
CUST09502,2023-04-19,Standard,54,40,Australia,46-55,Social Media,6,12,1,2026-08-31,Monthly,0,Not Churned
CUST09503,2022-06-23,Standard,54,50,India,36-45,Referral,0,14,2,2026-08-15,Monthly,0,Not Churned
CUST09504,2022-11-20,Premium,100,45,India,26-35,Paid Ads,3,17,1,2026-06-27,Monthly,0,Not Churned
CUST09505,2026-04-03,Basic,27,4,Australia,36-45,Organic,0,9,0,2026-08-03,Annual,0,Not Churned
CUST09506,2024-06-12,Standard,65,26,UK,26-35,Organic,4,13,0,2026-07-01,Monthly,0,Not Churned
CUST09507,2026-07-02,Basic,30,1,India,26-35,Referral,4,15,1,2026-07-05,Monthly,0,Not Churned
CUST09508,2024-05-13,Standard,58,27,USA,46-55,Partner,1,13,0,2026-07-15,Monthly,0,Not Churned
CUST09509,2024-09-10,Basic,35,23,Australia,36-45,Paid Ads,2,11,1,2026-06-30,Monthly,0,Not Churned
CUST09510,2023-02-18,Basic,37,42,India,46-55,Social Media,3,16,1,2026-08-31,Monthly,0,Not Churned
CUST09511,2023-06-18,Standard,60,38,India,26-35,Social Media,7,14,1,2026-07-03,Monthly,1,Poor Support Experience
CUST09512,2025-09-05,Standard,63,11,India,36-45,Organic,3,8,0,2026-07-24,Annual,1,Competitor
CUST09513,2023-05-19,Basic,37,39,Australia,26-35,Partner,2,12,0,2026-07-22,Monthly,0,Not Churned
CUST09514,2023-02-18,Standard,60,42,Australia,36-45,Paid Ads,4,13,1,2026-06-24,Monthly,0,Not Churned
CUST09515,2022-12-20,Standard,57,44,USA,26-35,Partner,1,9,0,2026-07-20,Monthly,1,Competitor
CUST09516,2024-11-09,Basic,25,21,USA,36-45,Paid Ads,4,11,0,2026-07-16,Monthly,0,Not Churned
CUST09517,2024-10-10,Standard,61,22,India,18-25,Organic,1,4,0,2026-08-15,Annual,0,Not Churned
CUST09518,2024-04-13,Standard,55,28,India,26-35,Partner,3,9,2,2026-08-15,Annual,0,Not Churned
CUST09519,2023-06-18,Standard,62,38,Canada,36-45,Organic,1,14,1,2026-08-02,Annual,0,Not Churned
CUST09520,2026-02-02,Basic,28,6,India,36-45,Social Media,3,9,0,2026-08-21,Monthly,1,Pricing
CUST09521,2024-07-12,Basic,32,25,USA,36-45,Organic,8,13,3,2026-07-09,Monthly,0,Not Churned
CUST09522,2026-04-03,Standard,68,4,UK,36-45,Referral,4,19,0,2026-08-12,Monthly,0,Not Churned
CUST09523,2023-10-16,Premium,102,34,India,46-55,Paid Ads,5,10,0,2026-06-17,Monthly,0,Not Churned
CUST09524,2021-11-25,Standard,67,57,USA,46-55,Partner,2,10,0,2026-07-23,Monthly,1,Competitor
CUST09525,2024-06-12,Basic,31,26,USA,26-35,Organic,5,12,1,2026-08-26,Annual,1,Pricing
CUST09526,2023-05-19,Standard,61,39,Canada,26-35,Paid Ads,4,16,2,2026-08-29,Monthly,0,Not Churned
CUST09527,2022-03-25,Premium,97,53,India,36-45,Referral,2,11,0,2026-08-26,Monthly,0,Not Churned
CUST09528,2022-02-23,Basic,37,54,India,18-25,Partner,1,15,1,2026-07-22,Annual,0,Not Churned
CUST09529,2024-05-13,Premium,97,27,USA,26-35,Paid Ads,4,15,0,2026-07-14,Annual,0,Not Churned
CUST09530,2023-05-19,Premium,107,39,Germany,26-35,Paid Ads,3,6,0,2026-08-10,Monthly,1,Competitor
CUST09531,2024-11-09,Basic,25,21,India,26-35,Paid Ads,7,9,0,2026-08-30,Monthly,0,Not Churned
CUST09532,2024-11-09,Premium,97,21,Germany,36-45,Organic,1,7,0,2026-08-11,Annual,0,Not Churned
CUST09533,2022-02-23,Basic,27,54,UK,26-35,Social Media,5,11,0,2026-08-23,Monthly,0,Not Churned
CUST09534,2021-12-25,Premium,99,56,Australia,26-35,Organic,7,10,1,2026-07-01,Annual,0,Not Churned
CUST09535,2024-03-14,Standard,56,29,India,46-55,Referral,2,13,0,2026-08-15,Monthly,0,Not Churned
CUST09536,2023-10-16,Standard,55,34,India,46-55,Paid Ads,0,10,1,2026-07-11,Monthly,1,Competitor
CUST09537,2024-05-13,Standard,68,27,India,46-55,Organic,6,15,4,2026-08-29,Monthly,0,Not Churned
CUST09538,2023-02-18,Standard,61,42,USA,26-35,Paid Ads,5,16,2,2026-07-28,Monthly,1,Payment Issues
CUST09539,2021-11-25,Basic,25,57,Germany,18-25,Social Media,4,15,0,2026-07-03,Annual,0,Not Churned
CUST09540,2022-10-21,Standard,61,46,India,18-25,Paid Ads,6,10,0,2026-08-13,Annual,0,Not Churned
CUST09541,2024-06-12,Basic,30,26,USA,26-35,Organic,2,8,1,2026-06-09,Annual,0,Not Churned
CUST09542,2026-03-04,Basic,26,5,India,26-35,Organic,3,10,0,2026-06-24,Monthly,0,Not Churned
CUST09543,2024-12-09,Basic,29,20,UK,46-55,Social Media,5,9,0,2026-08-08,Annual,0,Not Churned
CUST09544,2025-12-04,Standard,59,8,India,56+,Paid Ads,4,18,1,2026-06-19,Annual,0,Not Churned
CUST09545,2022-04-24,Basic,33,52,India,46-55,Partner,1,13,0,2026-08-01,Annual,0,Not Churned
CUST09546,2025-02-07,Basic,37,18,India,36-45,Referral,3,12,0,2026-07-17,Monthly,0,Not Churned
CUST09547,2022-03-25,Basic,28,53,Canada,36-45,Paid Ads,2,10,0,2026-07-15,Monthly,0,Not Churned
CUST09548,2026-03-04,Basic,36,5,India,36-45,Referral,6,17,0,2026-06-07,Monthly,0,Not Churned
CUST09549,2026-04-03,Standard,61,4,India,46-55,Paid Ads,1,12,0,2026-08-09,Monthly,0,Not Churned
CUST09550,2022-05-24,Premium,108,51,India,36-45,Partner,4,16,0,2026-08-09,Monthly,0,Not Churned
CUST09551,2023-01-19,Basic,34,43,Germany,26-35,Paid Ads,4,16,0,2026-08-23,Annual,0,Not Churned
CUST09552,2026-03-04,Premium,105,5,USA,26-35,Organic,1,7,0,2026-08-07,Annual,1,Competitor
CUST09553,2025-04-08,Standard,58,16,UK,36-45,Referral,2,19,0,2026-08-03,Monthly,1,Competitor
CUST09554,2025-11-04,Standard,60,9,UK,26-35,Referral,3,8,0,2026-07-16,Monthly,0,Not Churned
CUST09555,2024-07-12,Standard,59,25,India,46-55,Social Media,2,17,1,2026-06-04,Monthly,0,Not Churned
CUST09556,2021-11-25,Premium,104,57,USA,36-45,Partner,4,2,1,2026-08-18,Annual,0,Not Churned
CUST09557,2023-06-18,Basic,38,38,India,36-45,Paid Ads,5,11,2,2026-06-25,Annual,1,Payment Issues
CUST09558,2025-12-04,Standard,60,8,USA,18-25,Paid Ads,2,9,0,2026-07-21,Monthly,0,Not Churned
CUST09559,2026-07-02,Standard,66,1,USA,26-35,Paid Ads,2,7,1,2026-08-27,Annual,0,Not Churned
CUST09560,2024-01-14,Standard,62,31,USA,26-35,Partner,4,12,2,2026-06-15,Monthly,1,Payment Issues
CUST09561,2023-11-15,Premium,96,33,India,36-45,Partner,3,12,0,2026-08-31,Monthly,1,Competitor
CUST09562,2022-01-24,Basic,33,55,India,26-35,Partner,3,17,1,2026-08-02,Monthly,0,Not Churned
CUST09563,2021-08-27,Standard,60,60,Canada,56+,Organic,3,14,0,2026-08-05,Monthly,0,Not Churned
CUST09564,2026-03-04,Standard,66,5,Canada,36-45,Paid Ads,3,7,0,2026-07-09,Annual,0,Not Churned
CUST09565,2025-02-07,Basic,33,18,India,36-45,Organic,2,11,1,2026-08-11,Annual,0,Not Churned
CUST09566,2023-08-17,Basic,26,36,India,46-55,Paid Ads,3,11,0,2026-08-05,Monthly,0,Not Churned
CUST09567,2022-08-22,Standard,66,48,Australia,56+,Organic,4,14,0,2026-07-24,Annual,0,Not Churned
CUST09568,2024-12-09,Premium,95,20,Canada,26-35,Organic,3,16,0,2026-08-21,Monthly,0,Not Churned
CUST09569,2022-02-23,Standard,65,54,Germany,46-55,Paid Ads,5,14,1,2026-07-03,Monthly,0,Not Churned
CUST09570,2024-08-11,Premium,100,24,India,26-35,Paid Ads,4,15,0,2026-07-11,Monthly,0,Not Churned
CUST09571,2025-01-08,Standard,57,19,USA,26-35,Organic,6,14,0,2026-07-21,Annual,0,Not Churned
CUST09572,2024-04-13,Basic,24,28,India,18-25,Organic,7,15,0,2026-07-18,Annual,1,Poor Support Experience
CUST09573,2021-08-27,Basic,29,60,UK,36-45,Referral,2,11,0,2026-06-28,Monthly,0,Not Churned
CUST09574,2024-02-13,Basic,34,30,India,26-35,Organic,5,14,1,2026-07-26,Monthly,0,Not Churned
CUST09575,2023-05-19,Basic,29,39,India,36-45,Referral,2,10,1,2026-07-25,Annual,0,Not Churned
CUST09576,2025-05-08,Basic,29,15,India,36-45,Paid Ads,3,11,1,2026-08-05,Monthly,0,Not Churned
CUST09577,2022-06-23,Standard,55,50,UK,36-45,Social Media,5,15,0,2026-06-25,Annual,0,Not Churned
CUST09578,2025-11-04,Standard,54,9,USA,26-35,Organic,4,8,1,2026-06-27,Monthly,0,Not Churned
CUST09579,2021-08-27,Basic,26,60,UK,46-55,Organic,3,9,0,2026-06-27,Monthly,0,Not Churned
CUST09580,2023-05-19,Basic,35,39,Australia,36-45,Referral,1,9,1,2026-06-16,Monthly,0,Not Churned
CUST09581,2024-01-14,Basic,37,31,Canada,26-35,Partner,5,14,1,2026-07-18,Monthly,0,Not Churned
CUST09582,2026-07-02,Standard,55,1,USA,56+,Organic,1,6,0,2026-08-02,Monthly,0,Not Churned
CUST09583,2025-07-07,Basic,29,13,Germany,26-35,Organic,2,14,3,2026-07-03,Monthly,1,Payment Issues
CUST09584,2023-08-17,Basic,36,36,USA,36-45,Partner,6,12,0,2026-07-30,Annual,1,Pricing
CUST09585,2026-06-02,Premium,105,2,India,36-45,Organic,6,12,0,2026-08-11,Monthly,0,Not Churned
CUST09586,2023-02-18,Premium,99,42,Germany,18-25,Organic,2,10,1,2026-07-11,Monthly,0,Not Churned
CUST09587,2023-07-18,Basic,36,37,India,26-35,Partner,3,10,1,2026-08-27,Annual,0,Not Churned
CUST09588,2021-11-25,Standard,58,57,USA,46-55,Social Media,3,15,0,2026-06-08,Annual,0,Not Churned
CUST09589,2023-09-16,Basic,33,35,India,26-35,Paid Ads,2,12,0,2026-08-18,Monthly,0,Not Churned
CUST09590,2023-07-18,Standard,63,37,USA,26-35,Partner,3,8,1,2026-08-30,Annual,0,Not Churned
CUST09591,2025-09-05,Standard,58,11,USA,36-45,Referral,5,7,1,2026-06-04,Monthly,0,Not Churned
CUST09592,2021-10-26,Basic,32,58,India,36-45,Organic,1,18,0,2026-07-08,Monthly,0,Not Churned
CUST09593,2025-02-07,Standard,67,18,USA,36-45,Referral,3,12,1,2026-06-22,Monthly,1,Competitor
CUST09594,2024-12-09,Basic,28,20,Canada,46-55,Paid Ads,0,18,0,2026-08-13,Monthly,0,Not Churned
CUST09595,2026-06-02,Basic,36,2,India,26-35,Referral,4,18,0,2026-07-02,Monthly,0,Not Churned
CUST09596,2024-08-11,Basic,33,24,USA,36-45,Partner,4,19,1,2026-08-21,Annual,0,Not Churned
CUST09597,2022-01-24,Standard,59,55,India,36-45,Organic,4,12,0,2026-08-29,Annual,0,Not Churned
CUST09598,2025-04-08,Basic,34,16,Australia,26-35,Referral,2,16,0,2026-08-14,Annual,0,Not Churned
CUST09599,2024-09-10,Basic,27,23,Canada,56+,Paid Ads,2,15,0,2026-07-17,Monthly,1,Pricing
CUST09600,2022-01-24,Basic,33,55,Australia,46-55,Organic,2,10,0,2026-06-09,Annual,0,Not Churned
CUST09601,2021-11-25,Basic,37,57,India,26-35,Referral,0,14,0,2026-07-14,Monthly,0,Not Churned
CUST09602,2022-06-23,Standard,67,50,India,36-45,Referral,3,8,0,2026-08-27,Monthly,0,Not Churned
CUST09603,2023-06-18,Basic,38,38,India,36-45,Social Media,2,17,1,2026-06-27,Annual,0,Not Churned
CUST09604,2022-09-21,Basic,24,47,India,26-35,Social Media,5,10,1,2026-08-03,Monthly,0,Not Churned
CUST09605,2022-12-20,Standard,57,44,USA,46-55,Referral,3,16,2,2026-08-05,Monthly,0,Not Churned
CUST09606,2024-03-14,Standard,55,29,Germany,36-45,Paid Ads,2,8,0,2026-06-19,Annual,0,Not Churned
CUST09607,2024-02-13,Premium,103,30,USA,36-45,Paid Ads,2,15,2,2026-07-10,Annual,1,Payment Issues
CUST09608,2026-04-03,Standard,56,4,Germany,26-35,Paid Ads,6,10,2,2026-06-20,Monthly,1,Payment Issues
CUST09609,2024-03-14,Basic,30,29,India,26-35,Organic,1,13,1,2026-06-30,Annual,0,Not Churned
CUST09610,2022-12-20,Standard,60,44,Germany,26-35,Referral,1,15,1,2026-08-14,Monthly,0,Not Churned
CUST09611,2021-10-26,Standard,54,58,India,36-45,Referral,2,12,0,2026-07-24,Annual,0,Not Churned
CUST09612,2023-01-19,Basic,31,43,Australia,36-45,Referral,1,15,0,2026-07-06,Monthly,0,Not Churned
CUST09613,2022-02-23,Premium,100,54,India,18-25,Partner,2,10,0,2026-06-26,Annual,0,Not Churned
CUST09614,2023-03-20,Basic,24,41,Germany,26-35,Organic,0,7,1,2026-08-18,Annual,0,Not Churned
CUST09615,2024-05-13,Premium,101,27,India,26-35,Paid Ads,1,13,1,2026-08-21,Monthly,0,Not Churned
CUST09616,2023-11-15,Premium,107,33,India,36-45,Referral,4,10,0,2026-07-08,Annual,0,Not Churned
CUST09617,2025-02-07,Standard,67,18,USA,36-45,Referral,1,19,1,2026-08-12,Annual,0,Not Churned
CUST09618,2026-02-02,Premium,95,6,USA,26-35,Organic,3,15,1,2026-07-14,Monthly,0,Not Churned
CUST09619,2023-12-15,Standard,61,32,UK,18-25,Paid Ads,2,9,1,2026-07-23,Annual,0,Not Churned
CUST09620,2024-01-14,Basic,26,31,Germany,26-35,Organic,2,12,1,2026-08-07,Annual,0,Not Churned
CUST09621,2025-08-06,Standard,63,12,UK,26-35,Social Media,5,17,1,2026-07-31,Monthly,0,Not Churned
CUST09622,2021-08-27,Basic,30,60,Canada,36-45,Social Media,3,11,2,2026-07-03,Monthly,1,Payment Issues
CUST09623,2024-09-10,Basic,36,23,India,26-35,Organic,2,14,0,2026-06-05,Monthly,0,Not Churned
CUST09624,2024-03-14,Standard,59,29,UK,26-35,Organic,5,10,0,2026-06-15,Monthly,0,Not Churned
CUST09625,2026-05-03,Basic,28,3,USA,36-45,Organic,3,10,1,2026-06-23,Monthly,0,Not Churned
CUST09626,2023-11-15,Basic,38,33,Australia,56+,Organic,3,8,0,2026-06-03,Monthly,1,Pricing
CUST09627,2023-05-19,Standard,64,39,USA,56+,Organic,1,5,0,2026-06-06,Annual,0,Not Churned
CUST09628,2024-04-13,Premium,103,28,UK,56+,Organic,3,14,0,2026-07-13,Annual,0,Not Churned
CUST09629,2025-02-07,Basic,37,18,India,36-45,Paid Ads,3,13,0,2026-07-25,Annual,0,Not Churned
CUST09630,2022-12-20,Basic,34,44,India,36-45,Paid Ads,3,19,0,2026-06-02,Annual,1,Pricing
CUST09631,2024-10-10,Basic,25,22,USA,36-45,Referral,0,19,0,2026-08-11,Monthly,0,Not Churned
CUST09632,2024-12-09,Standard,55,20,India,46-55,Paid Ads,0,7,0,2026-06-28,Annual,0,Not Churned
CUST09633,2025-04-08,Basic,36,16,India,56+,Social Media,5,16,2,2026-08-31,Monthly,1,Payment Issues
CUST09634,2021-10-26,Standard,65,58,India,26-35,Partner,4,10,0,2026-08-28,Monthly,0,Not Churned
CUST09635,2022-04-24,Basic,38,52,Australia,26-35,Paid Ads,5,13,0,2026-06-19,Monthly,0,Not Churned
CUST09636,2021-11-25,Basic,24,57,India,26-35,Organic,5,10,0,2026-07-21,Monthly,0,Not Churned
CUST09637,2026-01-03,Premium,107,7,Australia,36-45,Organic,2,9,0,2026-06-18,Monthly,0,Not Churned
CUST09638,2022-07-23,Basic,32,49,India,36-45,Organic,2,9,0,2026-08-28,Monthly,0,Not Churned
CUST09639,2026-04-03,Standard,64,4,India,46-55,Paid Ads,6,13,0,2026-08-06,Annual,1,Competitor
CUST09640,2023-02-18,Basic,31,42,USA,26-35,Referral,3,7,0,2026-06-21,Monthly,0,Not Churned
CUST09641,2023-06-18,Standard,61,38,USA,26-35,Paid Ads,1,7,0,2026-07-01,Monthly,0,Not Churned
CUST09642,2023-10-16,Standard,54,34,USA,56+,Organic,2,11,2,2026-07-16,Annual,1,Payment Issues
CUST09643,2023-08-17,Basic,28,36,USA,26-35,Social Media,8,12,1,2026-06-30,Monthly,1,Poor Support Experience
CUST09644,2025-02-07,Basic,35,18,India,26-35,Organic,5,9,0,2026-07-14,Annual,0,Not Churned
CUST09645,2023-11-15,Basic,29,33,UK,36-45,Organic,2,9,2,2026-08-26,Monthly,0,Not Churned
CUST09646,2026-07-02,Standard,68,1,USA,26-35,Referral,2,6,0,2026-08-09,Monthly,0,Not Churned
CUST09647,2022-08-22,Standard,55,48,India,26-35,Organic,3,10,0,2026-08-28,Monthly,0,Not Churned
CUST09648,2024-07-12,Standard,63,25,Australia,26-35,Referral,4,9,0,2026-07-02,Monthly,0,Not Churned
CUST09649,2022-11-20,Standard,68,45,Canada,26-35,Partner,7,11,0,2026-08-06,Monthly,0,Not Churned
CUST09650,2025-06-07,Basic,28,14,USA,36-45,Social Media,3,6,1,2026-06-03,Monthly,0,Not Churned
CUST09651,2025-09-05,Basic,29,11,Australia,26-35,Organic,2,16,0,2026-08-05,Annual,0,Not Churned
CUST09652,2021-11-25,Basic,32,57,Germany,26-35,Paid Ads,3,8,2,2026-06-21,Monthly,0,Not Churned
CUST09653,2022-04-24,Basic,38,52,USA,26-35,Paid Ads,2,6,0,2026-08-10,Monthly,1,Pricing
CUST09654,2025-12-04,Basic,33,8,India,36-45,Partner,3,11,1,2026-07-25,Annual,0,Not Churned
CUST09655,2021-08-27,Standard,54,60,Australia,26-35,Partner,2,14,1,2026-08-24,Monthly,0,Not Churned
CUST09656,2023-02-18,Standard,66,42,India,26-35,Organic,4,8,0,2026-06-30,Monthly,0,Not Churned
CUST09657,2025-04-08,Premium,103,16,India,26-35,Partner,4,14,0,2026-08-09,Monthly,0,Not Churned
CUST09658,2021-09-26,Basic,26,59,India,26-35,Organic,2,13,0,2026-08-20,Monthly,0,Not Churned
CUST09659,2023-05-19,Standard,65,39,Canada,26-35,Paid Ads,3,10,0,2026-08-13,Annual,0,Not Churned
CUST09660,2023-07-18,Premium,102,37,Germany,36-45,Paid Ads,4,12,0,2026-08-12,Annual,0,Not Churned
CUST09661,2024-01-14,Standard,68,31,UK,56+,Organic,4,9,0,2026-07-30,Monthly,0,Not Churned
CUST09662,2023-02-18,Basic,37,42,Germany,46-55,Social Media,2,14,1,2026-08-22,Annual,0,Not Churned
CUST09663,2025-02-07,Basic,24,18,India,36-45,Paid Ads,2,12,1,2026-06-18,Monthly,0,Not Churned
CUST09664,2021-11-25,Basic,24,57,India,18-25,Social Media,2,8,1,2026-06-22,Monthly,0,Not Churned
CUST09665,2026-01-03,Basic,24,7,UK,36-45,Partner,6,8,0,2026-08-12,Annual,0,Not Churned
CUST09666,2026-04-03,Standard,60,4,Germany,18-25,Social Media,0,15,1,2026-08-26,Monthly,0,Not Churned
CUST09667,2023-12-15,Basic,36,32,USA,36-45,Paid Ads,6,5,2,2026-08-11,Annual,1,Payment Issues
CUST09668,2024-01-14,Basic,28,31,India,26-35,Referral,2,12,0,2026-07-13,Monthly,0,Not Churned
CUST09669,2025-10-05,Standard,59,10,India,46-55,Paid Ads,5,16,0,2026-07-29,Monthly,0,Not Churned
CUST09670,2024-02-13,Standard,66,30,India,46-55,Social Media,0,12,0,2026-08-04,Annual,0,Not Churned
CUST09671,2022-06-23,Standard,68,50,India,26-35,Organic,2,18,1,2026-07-10,Annual,1,Competitor
CUST09672,2022-06-23,Standard,67,50,India,26-35,Referral,1,13,0,2026-08-20,Annual,0,Not Churned
CUST09673,2023-09-16,Basic,31,35,Australia,36-45,Social Media,5,21,1,2026-07-05,Annual,0,Not Churned
CUST09674,2022-11-20,Basic,37,45,USA,26-35,Social Media,4,9,0,2026-06-07,Monthly,1,Pricing
CUST09675,2024-01-14,Basic,36,31,UK,46-55,Partner,1,8,0,2026-07-09,Annual,0,Not Churned
CUST09676,2024-01-14,Standard,55,31,India,26-35,Organic,3,10,1,2026-06-28,Annual,0,Not Churned
CUST09677,2022-10-21,Premium,106,46,India,26-35,Paid Ads,4,16,1,2026-07-12,Monthly,0,Not Churned
CUST09678,2022-02-23,Basic,25,54,USA,36-45,Paid Ads,2,16,0,2026-08-18,Annual,0,Not Churned
CUST09679,2022-10-21,Standard,56,46,Australia,26-35,Paid Ads,6,11,2,2026-07-26,Annual,1,Payment Issues
CUST09680,2023-11-15,Basic,36,33,USA,18-25,Paid Ads,5,8,0,2026-08-04,Monthly,0,Not Churned
CUST09681,2026-03-04,Standard,56,5,Australia,36-45,Organic,3,13,0,2026-06-23,Monthly,0,Not Churned
CUST09682,2025-10-05,Basic,36,10,Canada,36-45,Social Media,3,11,0,2026-08-25,Annual,0,Not Churned
CUST09683,2022-10-21,Basic,26,46,India,36-45,Partner,2,12,2,2026-08-01,Monthly,1,Payment Issues
CUST09684,2022-05-24,Premium,97,51,India,36-45,Organic,0,8,1,2026-08-28,Monthly,1,Competitor
CUST09685,2024-09-10,Standard,56,23,UK,18-25,Organic,2,11,0,2026-06-03,Annual,0,Not Churned
CUST09686,2026-01-03,Standard,55,7,USA,26-35,Organic,2,6,0,2026-08-05,Monthly,0,Not Churned
CUST09687,2021-10-26,Basic,32,58,India,26-35,Paid Ads,4,13,0,2026-07-24,Monthly,0,Not Churned
CUST09688,2022-09-21,Basic,29,47,USA,56+,Social Media,1,8,0,2026-08-08,Monthly,0,Not Churned
CUST09689,2024-04-13,Basic,26,28,USA,18-25,Organic,3,13,1,2026-07-29,Monthly,0,Not Churned
CUST09690,2024-11-09,Premium,102,21,Australia,26-35,Referral,1,9,0,2026-06-07,Annual,0,Not Churned
CUST09691,2024-01-14,Premium,108,31,India,46-55,Organic,1,17,0,2026-08-31,Monthly,0,Not Churned
CUST09692,2023-03-20,Standard,57,41,India,56+,Partner,5,11,1,2026-06-06,Monthly,1,Competitor
CUST09693,2024-05-13,Basic,27,27,USA,46-55,Social Media,2,15,1,2026-06-02,Monthly,0,Not Churned
CUST09694,2024-03-14,Premium,101,29,UK,18-25,Partner,3,9,0,2026-07-07,Annual,0,Not Churned
CUST09695,2025-10-05,Standard,60,10,UK,36-45,Organic,3,9,2,2026-06-15,Annual,1,Payment Issues
CUST09696,2025-12-04,Standard,68,8,Germany,26-35,Paid Ads,1,12,0,2026-07-23,Annual,0,Not Churned
CUST09697,2025-11-04,Basic,30,9,Canada,46-55,Organic,2,19,0,2026-06-18,Monthly,0,Not Churned
CUST09698,2025-09-05,Standard,63,11,USA,18-25,Referral,3,13,1,2026-07-03,Annual,0,Not Churned
CUST09699,2024-10-10,Standard,60,22,India,26-35,Organic,5,11,1,2026-07-02,Monthly,0,Not Churned
CUST09700,2023-04-19,Premium,103,40,USA,26-35,Social Media,5,23,0,2026-08-08,Monthly,0,Not Churned
CUST09701,2024-06-12,Standard,64,26,UK,26-35,Referral,3,15,0,2026-08-08,Monthly,1,Competitor
CUST09702,2022-06-23,Basic,28,50,Australia,36-45,Referral,3,11,0,2026-07-06,Monthly,0,Not Churned
CUST09703,2023-07-18,Standard,68,37,Germany,46-55,Social Media,1,12,3,2026-07-12,Monthly,1,Payment Issues
CUST09704,2023-04-19,Premium,100,40,UK,36-45,Paid Ads,2,14,3,2026-06-13,Monthly,1,Payment Issues
CUST09705,2026-06-02,Basic,27,2,USA,26-35,Organic,2,15,1,2026-06-21,Monthly,0,Not Churned
CUST09706,2022-06-23,Basic,31,50,India,46-55,Referral,5,13,0,2026-08-25,Annual,0,Not Churned
CUST09707,2025-01-08,Basic,32,19,India,18-25,Partner,1,11,0,2026-06-19,Monthly,0,Not Churned
CUST09708,2022-06-23,Standard,66,50,India,26-35,Referral,5,14,1,2026-06-29,Annual,0,Not Churned
CUST09709,2022-04-24,Basic,35,52,India,26-35,Referral,4,11,1,2026-07-08,Monthly,0,Not Churned
CUST09710,2025-04-08,Standard,56,16,USA,18-25,Partner,2,13,1,2026-08-14,Monthly,0,Not Churned
CUST09711,2026-04-03,Basic,30,4,India,18-25,Paid Ads,2,9,0,2026-07-15,Monthly,0,Not Churned
CUST09712,2022-07-23,Premium,105,49,UK,26-35,Partner,3,12,1,2026-06-24,Monthly,0,Not Churned
CUST09713,2023-06-18,Basic,33,38,USA,46-55,Organic,2,16,0,2026-08-24,Annual,0,Not Churned
CUST09714,2022-12-20,Basic,32,44,USA,46-55,Paid Ads,7,7,0,2026-06-21,Annual,0,Not Churned
CUST09715,2026-01-03,Standard,54,7,USA,26-35,Organic,3,13,2,2026-08-23,Monthly,1,Payment Issues
CUST09716,2022-01-24,Standard,55,55,India,18-25,Paid Ads,3,15,1,2026-08-21,Monthly,1,Competitor
CUST09717,2025-06-07,Basic,30,14,Germany,26-35,Organic,4,12,0,2026-08-24,Monthly,0,Not Churned
CUST09718,2025-08-06,Basic,38,12,India,26-35,Organic,3,10,0,2026-08-02,Monthly,0,Not Churned
CUST09719,2024-11-09,Basic,36,21,Germany,26-35,Organic,7,16,0,2026-07-19,Annual,0,Not Churned
CUST09720,2022-04-24,Standard,55,52,India,18-25,Paid Ads,3,10,1,2026-08-05,Monthly,0,Not Churned
CUST09721,2023-10-16,Standard,60,34,USA,36-45,Organic,1,16,1,2026-08-30,Monthly,0,Not Churned
CUST09722,2024-11-09,Standard,54,21,India,36-45,Social Media,3,14,1,2026-06-17,Monthly,0,Not Churned
CUST09723,2023-08-17,Standard,68,36,India,26-35,Organic,1,10,0,2026-08-08,Monthly,0,Not Churned
CUST09724,2023-04-19,Standard,56,40,USA,36-45,Paid Ads,1,18,0,2026-08-01,Annual,0,Not Churned
CUST09725,2023-02-18,Basic,38,42,Canada,36-45,Organic,3,9,0,2026-07-10,Monthly,0,Not Churned
CUST09726,2022-07-23,Premium,98,49,India,26-35,Organic,6,13,0,2026-06-19,Monthly,0,Not Churned
CUST09727,2026-01-03,Premium,107,7,USA,18-25,Social Media,3,11,0,2026-07-04,Annual,0,Not Churned
CUST09728,2024-11-09,Basic,35,21,India,46-55,Social Media,1,11,2,2026-08-14,Monthly,0,Not Churned
CUST09729,2025-10-05,Basic,37,10,USA,36-45,Social Media,3,3,1,2026-06-22,Monthly,0,Not Churned
CUST09730,2024-11-09,Basic,34,21,Australia,26-35,Paid Ads,7,22,1,2026-06-07,Monthly,0,Not Churned
CUST09731,2022-07-23,Basic,29,49,Australia,36-45,Organic,2,14,0,2026-08-15,Annual,0,Not Churned
CUST09732,2025-04-08,Standard,68,16,USA,26-35,Organic,1,20,2,2026-06-20,Annual,1,Payment Issues
CUST09733,2024-07-12,Standard,66,25,India,36-45,Referral,1,15,1,2026-06-10,Annual,1,Competitor
CUST09734,2025-07-07,Standard,62,13,India,26-35,Social Media,5,15,2,2026-07-12,Annual,1,Payment Issues
CUST09735,2022-01-24,Standard,62,55,Germany,26-35,Partner,3,16,1,2026-07-18,Monthly,0,Not Churned
CUST09736,2022-06-23,Standard,56,50,India,36-45,Organic,4,12,1,2026-07-02,Monthly,1,Competitor
CUST09737,2024-05-13,Standard,67,27,Canada,36-45,Paid Ads,5,7,0,2026-08-31,Annual,0,Not Churned
CUST09738,2023-07-18,Basic,31,37,USA,18-25,Organic,1,9,0,2026-08-02,Monthly,0,Not Churned
CUST09739,2025-12-04,Basic,36,8,Germany,18-25,Social Media,5,14,0,2026-08-04,Monthly,0,Not Churned
CUST09740,2024-02-13,Standard,57,30,USA,26-35,Organic,2,20,0,2026-08-02,Annual,0,Not Churned
CUST09741,2024-01-14,Basic,30,31,USA,26-35,Paid Ads,1,13,0,2026-06-02,Monthly,0,Not Churned
CUST09742,2021-09-26,Basic,29,59,UK,26-35,Partner,2,17,1,2026-07-27,Monthly,0,Not Churned
CUST09743,2026-01-03,Premium,101,7,Germany,36-45,Social Media,3,4,0,2026-08-09,Annual,1,Low Engagement
CUST09744,2024-02-13,Standard,59,30,Germany,26-35,Organic,1,12,2,2026-07-15,Annual,0,Not Churned
CUST09745,2025-02-07,Basic,27,18,UK,36-45,Organic,3,6,1,2026-06-15,Monthly,1,Pricing
CUST09746,2024-09-10,Standard,55,23,Canada,36-45,Social Media,3,17,0,2026-07-15,Monthly,1,Competitor
CUST09747,2023-06-18,Standard,60,38,USA,18-25,Referral,3,16,0,2026-07-11,Monthly,0,Not Churned
CUST09748,2021-08-27,Basic,34,60,Canada,36-45,Referral,2,13,0,2026-07-29,Monthly,1,Pricing
CUST09749,2022-11-20,Basic,38,45,Australia,56+,Organic,0,12,0,2026-07-31,Monthly,0,Not Churned
CUST09750,2021-12-25,Premium,106,56,USA,26-35,Social Media,3,12,1,2026-06-17,Annual,0,Not Churned
CUST09751,2023-03-20,Basic,34,41,UK,46-55,Social Media,3,17,0,2026-06-29,Monthly,0,Not Churned
CUST09752,2024-02-13,Basic,27,30,USA,36-45,Social Media,7,12,0,2026-06-15,Annual,0,Not Churned
CUST09753,2022-01-24,Standard,66,55,USA,36-45,Paid Ads,3,9,0,2026-07-26,Annual,0,Not Churned
CUST09754,2024-02-13,Standard,62,30,Australia,18-25,Organic,5,5,0,2026-06-10,Annual,0,Not Churned
CUST09755,2025-12-04,Basic,32,8,USA,36-45,Organic,3,9,1,2026-06-14,Monthly,0,Not Churned
CUST09756,2025-08-06,Basic,30,12,India,26-35,Partner,3,22,0,2026-07-08,Monthly,0,Not Churned
CUST09757,2025-10-05,Basic,28,10,USA,36-45,Organic,2,9,1,2026-06-06,Annual,0,Not Churned
CUST09758,2026-01-03,Premium,96,7,India,46-55,Organic,4,17,0,2026-08-27,Annual,1,Competitor
CUST09759,2023-05-19,Basic,26,39,USA,36-45,Organic,4,11,0,2026-08-28,Monthly,1,Pricing
CUST09760,2025-03-09,Standard,62,17,Australia,26-35,Social Media,4,13,1,2026-07-17,Annual,1,Competitor
CUST09761,2023-12-15,Premium,102,32,UK,18-25,Social Media,8,14,0,2026-08-02,Monthly,0,Not Churned
CUST09762,2026-03-04,Basic,35,5,Australia,26-35,Social Media,2,13,0,2026-08-22,Annual,0,Not Churned
CUST09763,2023-02-18,Premium,106,42,India,46-55,Referral,1,18,1,2026-07-05,Monthly,0,Not Churned
CUST09764,2024-11-09,Premium,104,21,Australia,18-25,Partner,3,13,0,2026-08-23,Annual,1,Competitor
CUST09765,2024-01-14,Premium,97,31,UK,26-35,Organic,1,10,1,2026-08-25,Annual,0,Not Churned
CUST09766,2022-04-24,Basic,34,52,India,26-35,Social Media,2,14,0,2026-06-02,Annual,0,Not Churned
CUST09767,2025-05-08,Standard,54,15,UK,46-55,Paid Ads,1,9,0,2026-07-02,Annual,0,Not Churned
CUST09768,2025-07-07,Standard,66,13,Germany,26-35,Paid Ads,2,11,1,2026-07-05,Monthly,0,Not Churned
CUST09769,2022-10-21,Premium,103,46,India,56+,Organic,4,14,1,2026-08-11,Monthly,1,Competitor
CUST09770,2022-07-23,Basic,28,49,USA,36-45,Organic,2,13,0,2026-06-30,Monthly,0,Not Churned
CUST09771,2026-01-03,Standard,67,7,Australia,46-55,Paid Ads,7,15,0,2026-08-16,Monthly,0,Not Churned
CUST09772,2024-08-11,Basic,31,24,India,18-25,Organic,2,15,0,2026-08-14,Monthly,0,Not Churned
CUST09773,2022-03-25,Basic,33,53,UK,26-35,Paid Ads,1,11,2,2026-07-13,Monthly,0,Not Churned
CUST09774,2026-04-03,Standard,68,4,USA,18-25,Organic,6,9,1,2026-08-18,Annual,0,Not Churned
CUST09775,2021-08-27,Standard,68,60,India,26-35,Organic,2,10,0,2026-07-01,Annual,1,Competitor
CUST09776,2023-03-20,Standard,57,41,UK,36-45,Social Media,3,9,0,2026-08-10,Monthly,0,Not Churned
CUST09777,2025-01-08,Standard,63,19,India,26-35,Partner,2,11,2,2026-08-20,Annual,0,Not Churned
CUST09778,2022-10-21,Premium,103,46,Canada,18-25,Partner,3,15,1,2026-07-15,Monthly,0,Not Churned
CUST09779,2023-09-16,Basic,27,35,India,36-45,Referral,3,7,0,2026-06-08,Monthly,0,Not Churned
CUST09780,2024-03-14,Standard,66,29,India,26-35,Social Media,2,8,0,2026-07-06,Annual,0,Not Churned
CUST09781,2023-08-17,Basic,35,36,USA,26-35,Social Media,6,9,0,2026-06-07,Monthly,0,Not Churned
CUST09782,2022-01-24,Basic,37,55,USA,18-25,Referral,2,8,1,2026-07-03,Monthly,0,Not Churned
CUST09783,2023-10-16,Standard,62,34,India,36-45,Paid Ads,3,10,0,2026-08-13,Monthly,1,Competitor
CUST09784,2025-12-04,Premium,108,8,Australia,36-45,Organic,5,17,0,2026-08-07,Monthly,0,Not Churned
CUST09785,2026-06-02,Standard,62,2,Germany,36-45,Organic,4,11,0,2026-06-26,Monthly,1,Competitor
CUST09786,2026-04-03,Standard,60,4,Australia,26-35,Social Media,4,11,0,2026-08-03,Monthly,0,Not Churned
CUST09787,2026-06-02,Basic,33,2,USA,26-35,Referral,2,7,2,2026-07-17,Monthly,1,Payment Issues
CUST09788,2024-02-13,Basic,31,30,Australia,46-55,Paid Ads,2,7,1,2026-06-27,Annual,0,Not Churned
CUST09789,2021-11-25,Standard,65,57,Germany,36-45,Organic,4,12,1,2026-06-03,Monthly,1,Competitor
CUST09790,2024-03-14,Basic,35,29,USA,36-45,Organic,4,11,0,2026-07-28,Monthly,0,Not Churned
CUST09791,2026-04-03,Basic,27,4,India,36-45,Referral,1,12,0,2026-08-04,Monthly,0,Not Churned
CUST09792,2024-11-09,Standard,61,21,India,18-25,Paid Ads,3,12,0,2026-06-29,Monthly,0,Not Churned
CUST09793,2025-11-04,Basic,37,9,USA,46-55,Paid Ads,5,13,0,2026-06-15,Monthly,0,Not Churned
CUST09794,2026-06-02,Basic,29,2,Germany,36-45,Paid Ads,2,7,1,2026-06-07,Monthly,0,Not Churned
CUST09795,2024-12-09,Standard,66,20,USA,36-45,Referral,5,10,1,2026-08-09,Annual,0,Not Churned
CUST09796,2022-02-23,Standard,56,54,UK,46-55,Partner,2,11,1,2026-07-16,Monthly,1,Competitor
CUST09797,2022-07-23,Premium,100,49,India,26-35,Partner,3,8,1,2026-07-31,Monthly,1,Competitor
CUST09798,2023-11-15,Standard,56,33,India,36-45,Organic,2,11,0,2026-06-24,Annual,0,Not Churned
CUST09799,2022-01-24,Standard,64,55,USA,56+,Paid Ads,3,13,0,2026-06-10,Monthly,0,Not Churned
CUST09800,2026-02-02,Premium,100,6,Germany,26-35,Paid Ads,2,10,1,2026-07-18,Annual,0,Not Churned
CUST09801,2024-03-14,Standard,58,29,USA,18-25,Paid Ads,6,9,0,2026-08-21,Monthly,0,Not Churned
CUST09802,2025-04-08,Basic,27,16,Australia,36-45,Referral,7,11,1,2026-07-04,Annual,0,Not Churned
CUST09803,2023-08-17,Basic,26,36,India,18-25,Organic,4,6,0,2026-06-19,Annual,1,Pricing
CUST09804,2026-03-04,Standard,61,5,UK,46-55,Social Media,1,10,1,2026-07-06,Monthly,0,Not Churned
CUST09805,2023-07-18,Standard,57,37,UK,18-25,Paid Ads,2,11,0,2026-07-21,Monthly,0,Not Churned
CUST09806,2025-11-04,Standard,61,9,Australia,36-45,Partner,2,16,1,2026-07-01,Monthly,0,Not Churned
CUST09807,2023-12-15,Standard,63,32,India,26-35,Organic,2,14,0,2026-08-10,Annual,0,Not Churned
CUST09808,2023-07-18,Standard,56,37,India,26-35,Organic,5,10,2,2026-08-15,Monthly,0,Not Churned
CUST09809,2023-10-16,Premium,103,34,India,46-55,Referral,2,13,1,2026-08-21,Annual,0,Not Churned
CUST09810,2023-05-19,Standard,66,39,Germany,36-45,Referral,1,11,0,2026-08-29,Annual,0,Not Churned
CUST09811,2022-09-21,Basic,32,47,India,26-35,Referral,2,8,1,2026-07-05,Monthly,0,Not Churned
CUST09812,2021-10-26,Premium,99,58,India,26-35,Partner,3,13,0,2026-06-24,Annual,0,Not Churned
CUST09813,2021-11-25,Basic,38,57,USA,36-45,Paid Ads,2,11,0,2026-06-17,Monthly,0,Not Churned
CUST09814,2022-01-24,Standard,58,55,USA,46-55,Paid Ads,4,11,1,2026-06-09,Monthly,0,Not Churned
CUST09815,2023-04-19,Premium,98,40,Australia,36-45,Partner,2,13,1,2026-06-28,Monthly,0,Not Churned
CUST09816,2024-03-14,Standard,66,29,Germany,36-45,Paid Ads,1,13,1,2026-07-17,Monthly,0,Not Churned
CUST09817,2024-01-14,Standard,56,31,USA,26-35,Paid Ads,3,12,1,2026-08-26,Monthly,0,Not Churned
CUST09818,2021-10-26,Standard,55,58,Germany,46-55,Referral,4,11,2,2026-06-19,Monthly,0,Not Churned
CUST09819,2026-05-03,Basic,29,3,Canada,36-45,Referral,4,12,1,2026-08-19,Annual,0,Not Churned
CUST09820,2023-01-19,Basic,34,43,India,36-45,Paid Ads,3,14,1,2026-08-22,Annual,0,Not Churned
CUST09821,2024-07-12,Standard,54,25,Germany,36-45,Organic,3,10,0,2026-08-15,Annual,0,Not Churned
CUST09822,2022-01-24,Standard,68,55,UK,36-45,Paid Ads,4,15,0,2026-08-22,Annual,0,Not Churned
CUST09823,2023-02-18,Standard,68,42,USA,46-55,Organic,1,12,0,2026-06-21,Annual,0,Not Churned
CUST09824,2023-08-17,Basic,37,36,UK,36-45,Partner,6,9,0,2026-08-17,Monthly,0,Not Churned
CUST09825,2022-12-20,Standard,60,44,USA,46-55,Organic,4,9,0,2026-08-06,Monthly,0,Not Churned
CUST09826,2021-10-26,Standard,68,58,India,36-45,Organic,5,13,1,2026-06-27,Monthly,0,Not Churned
CUST09827,2025-07-07,Standard,58,13,UK,36-45,Referral,3,18,2,2026-08-11,Monthly,0,Not Churned
CUST09828,2023-05-19,Standard,57,39,Australia,46-55,Referral,1,12,0,2026-06-21,Annual,0,Not Churned
CUST09829,2025-01-08,Standard,62,19,Canada,26-35,Referral,3,10,0,2026-08-15,Annual,0,Not Churned
CUST09830,2021-09-26,Standard,63,59,India,26-35,Paid Ads,6,13,0,2026-06-05,Annual,0,Not Churned
CUST09831,2025-04-08,Standard,54,16,Germany,36-45,Social Media,1,13,1,2026-08-11,Monthly,0,Not Churned
CUST09832,2023-02-18,Premium,104,42,India,46-55,Paid Ads,4,9,2,2026-06-28,Monthly,1,Payment Issues
CUST09833,2024-02-13,Basic,38,30,India,18-25,Paid Ads,1,18,1,2026-06-05,Annual,1,Pricing
CUST09834,2023-05-19,Premium,97,39,India,26-35,Social Media,2,12,0,2026-07-03,Monthly,0,Not Churned
CUST09835,2023-09-16,Basic,26,35,India,26-35,Organic,2,13,1,2026-08-29,Monthly,0,Not Churned
CUST09836,2026-06-02,Basic,29,2,USA,26-35,Social Media,1,14,0,2026-07-09,Annual,0,Not Churned
CUST09837,2026-07-02,Premium,98,1,UK,26-35,Paid Ads,4,10,0,2026-07-30,Monthly,0,Not Churned
CUST09838,2021-09-26,Basic,30,59,Australia,36-45,Partner,6,14,0,2026-08-04,Annual,0,Not Churned
CUST09839,2022-02-23,Standard,66,54,Germany,46-55,Organic,1,9,0,2026-06-15,Annual,0,Not Churned
CUST09840,2022-08-22,Premium,94,48,Canada,36-45,Partner,7,10,0,2026-07-21,Monthly,1,Poor Support Experience
CUST09841,2022-11-20,Premium,106,45,USA,26-35,Referral,4,16,1,2026-08-03,Monthly,0,Not Churned
CUST09842,2026-05-03,Premium,98,3,Canada,46-55,Referral,2,7,0,2026-07-01,Annual,0,Not Churned
CUST09843,2024-06-12,Basic,37,26,Australia,36-45,Paid Ads,8,14,0,2026-07-07,Annual,0,Not Churned
CUST09844,2024-04-13,Standard,55,28,USA,26-35,Partner,4,7,1,2026-08-29,Monthly,0,Not Churned
CUST09845,2024-05-13,Basic,25,27,Canada,26-35,Paid Ads,3,10,2,2026-08-08,Monthly,0,Not Churned
CUST09846,2025-06-07,Standard,64,14,USA,36-45,Paid Ads,3,13,1,2026-08-06,Monthly,0,Not Churned
CUST09847,2022-06-23,Premium,108,50,USA,36-45,Social Media,3,15,0,2026-08-08,Annual,0,Not Churned
CUST09848,2023-01-19,Basic,34,43,USA,36-45,Organic,1,19,0,2026-06-16,Monthly,0,Not Churned
CUST09849,2022-05-24,Standard,55,51,UK,18-25,Organic,4,16,1,2026-08-18,Monthly,1,Competitor
CUST09850,2024-08-11,Standard,62,24,Canada,46-55,Social Media,3,15,1,2026-06-18,Monthly,0,Not Churned
CUST09851,2023-09-16,Standard,63,35,USA,26-35,Organic,1,9,0,2026-06-25,Monthly,0,Not Churned
CUST09852,2022-04-24,Premium,96,52,USA,36-45,Social Media,4,9,0,2026-07-10,Annual,1,Competitor
CUST09853,2023-10-16,Basic,27,34,Australia,36-45,Referral,3,6,0,2026-06-26,Annual,1,Pricing
CUST09854,2024-08-11,Standard,68,24,Germany,26-35,Paid Ads,3,11,0,2026-07-04,Monthly,1,Competitor
CUST09855,2026-02-02,Premium,98,6,India,26-35,Organic,2,14,0,2026-08-20,Monthly,0,Not Churned
CUST09856,2021-11-25,Standard,67,57,India,18-25,Social Media,4,11,0,2026-08-31,Monthly,0,Not Churned
CUST09857,2024-01-14,Basic,27,31,UK,26-35,Social Media,3,13,0,2026-06-15,Monthly,0,Not Churned
CUST09858,2021-12-25,Standard,57,56,USA,26-35,Paid Ads,5,4,1,2026-06-07,Annual,0,Not Churned
CUST09859,2024-03-14,Basic,28,29,India,36-45,Paid Ads,4,15,0,2026-08-08,Monthly,1,Pricing
CUST09860,2023-08-17,Basic,33,36,India,36-45,Organic,3,24,1,2026-06-16,Monthly,0,Not Churned
CUST09861,2024-03-14,Premium,108,29,Canada,36-45,Social Media,5,8,0,2026-08-27,Monthly,0,Not Churned
CUST09862,2025-07-07,Standard,62,13,Canada,36-45,Referral,6,12,0,2026-07-28,Monthly,1,Competitor
CUST09863,2025-12-04,Premium,105,8,USA,46-55,Organic,4,11,1,2026-06-04,Monthly,0,Not Churned
CUST09864,2025-05-08,Premium,102,15,USA,46-55,Social Media,0,21,2,2026-07-18,Annual,0,Not Churned
CUST09865,2023-11-15,Standard,67,33,USA,26-35,Social Media,1,10,0,2026-06-08,Monthly,0,Not Churned
CUST09866,2021-09-26,Basic,37,59,India,36-45,Organic,3,12,1,2026-07-26,Monthly,0,Not Churned
CUST09867,2024-07-12,Standard,59,25,USA,18-25,Social Media,3,9,0,2026-07-11,Annual,0,Not Churned
CUST09868,2025-04-08,Basic,34,16,India,18-25,Social Media,2,11,0,2026-08-03,Annual,0,Not Churned
CUST09869,2024-11-09,Premium,105,21,USA,36-45,Partner,1,9,0,2026-08-11,Monthly,0,Not Churned
CUST09870,2022-04-24,Basic,37,52,India,26-35,Organic,3,11,2,2026-08-05,Monthly,0,Not Churned
CUST09871,2023-07-18,Basic,26,37,UK,36-45,Paid Ads,1,12,0,2026-08-11,Monthly,0,Not Churned
CUST09872,2022-11-20,Standard,59,45,UK,26-35,Partner,4,15,1,2026-07-05,Monthly,0,Not Churned
CUST09873,2025-03-09,Basic,33,17,USA,18-25,Organic,3,15,0,2026-08-10,Annual,0,Not Churned
CUST09874,2023-10-16,Basic,27,34,India,46-55,Paid Ads,3,11,0,2026-06-14,Monthly,1,Pricing
CUST09875,2025-07-07,Standard,56,13,India,18-25,Paid Ads,2,15,0,2026-06-11,Monthly,0,Not Churned
CUST09876,2023-10-16,Basic,29,34,UK,26-35,Referral,4,12,0,2026-07-29,Annual,0,Not Churned
CUST09877,2023-01-19,Basic,38,43,India,26-35,Paid Ads,2,6,0,2026-08-30,Annual,0,Not Churned
CUST09878,2025-05-08,Basic,34,15,India,56+,Partner,4,12,0,2026-08-30,Monthly,0,Not Churned
CUST09879,2023-03-20,Standard,59,41,UK,26-35,Organic,2,13,2,2026-08-02,Monthly,0,Not Churned
CUST09880,2024-10-10,Standard,55,22,Canada,36-45,Referral,2,8,0,2026-06-12,Monthly,0,Not Churned
CUST09881,2022-05-24,Standard,62,51,India,36-45,Paid Ads,4,8,0,2026-07-11,Annual,0,Not Churned
CUST09882,2026-04-03,Standard,61,4,USA,36-45,Organic,3,14,0,2026-08-19,Monthly,0,Not Churned
CUST09883,2022-07-23,Basic,29,49,Germany,46-55,Organic,2,13,1,2026-08-17,Monthly,0,Not Churned
CUST09884,2022-09-21,Premium,94,47,Germany,26-35,Partner,2,7,0,2026-08-29,Monthly,0,Not Churned
CUST09885,2023-05-19,Basic,35,39,India,56+,Referral,4,12,0,2026-07-30,Monthly,0,Not Churned
CUST09886,2024-09-10,Standard,55,23,Canada,36-45,Referral,1,18,0,2026-06-18,Monthly,0,Not Churned
CUST09887,2025-07-07,Premium,108,13,USA,26-35,Social Media,2,17,0,2026-08-21,Annual,0,Not Churned
CUST09888,2025-12-04,Premium,97,8,Germany,26-35,Organic,2,14,1,2026-07-08,Annual,0,Not Churned
CUST09889,2026-07-02,Basic,30,1,USA,46-55,Referral,2,9,1,2026-06-03,Annual,1,Pricing
CUST09890,2023-03-20,Basic,32,41,Canada,36-45,Organic,3,10,0,2026-08-11,Monthly,0,Not Churned
CUST09891,2022-06-23,Standard,63,50,Canada,36-45,Referral,6,11,0,2026-07-24,Monthly,0,Not Churned
CUST09892,2025-03-09,Basic,28,17,USA,36-45,Organic,2,17,0,2026-06-15,Monthly,0,Not Churned
CUST09893,2025-03-09,Premium,103,17,Canada,36-45,Social Media,5,11,1,2026-06-29,Monthly,0,Not Churned
CUST09894,2025-12-04,Standard,55,8,India,26-35,Referral,3,16,1,2026-07-24,Monthly,0,Not Churned
CUST09895,2026-05-03,Standard,68,3,India,26-35,Paid Ads,0,12,1,2026-06-16,Annual,0,Not Churned
CUST09896,2024-03-14,Basic,36,29,USA,36-45,Paid Ads,3,12,0,2026-07-14,Annual,0,Not Churned
CUST09897,2022-02-23,Standard,64,54,Germany,18-25,Organic,2,15,1,2026-07-08,Annual,0,Not Churned
CUST09898,2024-10-10,Standard,64,22,USA,26-35,Partner,4,14,0,2026-06-15,Monthly,0,Not Churned
CUST09899,2023-01-19,Premium,104,43,UK,36-45,Organic,3,15,0,2026-07-13,Monthly,0,Not Churned
CUST09900,2026-06-02,Basic,24,2,UK,26-35,Paid Ads,3,10,0,2026-07-16,Annual,0,Not Churned
CUST09901,2026-06-02,Basic,33,2,India,18-25,Organic,2,17,0,2026-07-21,Annual,0,Not Churned
CUST09902,2022-08-22,Basic,37,48,USA,46-55,Partner,0,15,0,2026-08-29,Monthly,0,Not Churned
CUST09903,2025-03-09,Basic,36,17,UK,36-45,Referral,0,13,1,2026-06-13,Monthly,0,Not Churned
CUST09904,2025-11-04,Standard,67,9,Germany,26-35,Organic,2,13,1,2026-06-15,Monthly,0,Not Churned
CUST09905,2023-11-15,Premium,94,33,India,46-55,Referral,1,11,0,2026-07-17,Annual,0,Not Churned
CUST09906,2024-03-14,Basic,28,29,USA,36-45,Partner,4,12,0,2026-07-22,Monthly,0,Not Churned
CUST09907,2024-03-14,Premium,107,29,India,26-35,Referral,1,15,0,2026-06-03,Monthly,0,Not Churned
CUST09908,2022-02-23,Basic,30,54,India,26-35,Paid Ads,2,16,0,2026-07-26,Monthly,0,Not Churned
CUST09909,2022-12-20,Basic,32,44,USA,26-35,Organic,2,16,1,2026-07-01,Annual,0,Not Churned
CUST09910,2021-11-25,Basic,32,57,USA,46-55,Organic,5,14,1,2026-08-04,Monthly,0,Not Churned
CUST09911,2026-02-02,Basic,31,6,India,36-45,Organic,2,18,0,2026-08-25,Monthly,0,Not Churned
CUST09912,2023-01-19,Premium,94,43,India,36-45,Referral,1,11,1,2026-07-21,Annual,0,Not Churned
CUST09913,2026-02-02,Basic,28,6,Canada,46-55,Social Media,3,7,0,2026-06-19,Monthly,1,Pricing
CUST09914,2022-04-24,Standard,59,52,Germany,18-25,Social Media,2,13,0,2026-06-08,Monthly,1,Competitor
CUST09915,2023-07-18,Standard,59,37,India,18-25,Social Media,4,12,2,2026-07-11,Annual,0,Not Churned
CUST09916,2022-11-20,Premium,97,45,UK,26-35,Organic,6,8,0,2026-08-19,Annual,0,Not Churned
CUST09917,2026-07-02,Basic,24,1,India,18-25,Social Media,3,12,0,2026-06-07,Monthly,0,Not Churned
CUST09918,2025-04-08,Basic,26,16,Germany,36-45,Referral,3,11,0,2026-08-11,Annual,0,Not Churned
CUST09919,2022-05-24,Basic,33,51,UK,36-45,Paid Ads,3,9,1,2026-07-18,Monthly,1,Pricing
CUST09920,2025-09-05,Standard,68,11,Canada,26-35,Referral,6,14,0,2026-06-03,Annual,0,Not Churned
CUST09921,2024-10-10,Basic,38,22,India,18-25,Organic,5,15,0,2026-06-17,Annual,0,Not Churned
CUST09922,2023-10-16,Premium,97,34,USA,18-25,Organic,4,16,0,2026-08-30,Monthly,1,Competitor
CUST09923,2026-07-02,Standard,57,1,USA,56+,Paid Ads,1,7,1,2026-07-12,Annual,1,Competitor
CUST09924,2025-07-07,Standard,66,13,India,36-45,Organic,3,11,1,2026-06-12,Annual,0,Not Churned
CUST09925,2022-07-23,Standard,57,49,India,36-45,Paid Ads,2,17,0,2026-08-20,Annual,0,Not Churned
CUST09926,2022-10-21,Basic,37,46,USA,26-35,Paid Ads,4,11,0,2026-08-14,Monthly,0,Not Churned
CUST09927,2022-07-23,Standard,58,49,UK,26-35,Partner,5,13,0,2026-08-26,Monthly,0,Not Churned
CUST09928,2021-10-26,Premium,106,58,India,18-25,Partner,2,12,1,2026-06-15,Monthly,0,Not Churned
CUST09929,2023-02-18,Premium,108,42,USA,56+,Partner,1,13,0,2026-06-10,Monthly,0,Not Churned
CUST09930,2024-04-13,Premium,108,28,India,36-45,Social Media,4,19,1,2026-07-19,Monthly,1,Competitor
CUST09931,2022-07-23,Premium,104,49,India,36-45,Partner,2,10,1,2026-08-25,Monthly,0,Not Churned
CUST09932,2025-07-07,Basic,32,13,UK,36-45,Referral,4,14,1,2026-08-01,Annual,0,Not Churned
CUST09933,2023-06-18,Basic,27,38,India,36-45,Partner,4,15,1,2026-08-26,Monthly,0,Not Churned
CUST09934,2024-02-13,Basic,32,30,USA,26-35,Referral,3,13,1,2026-07-09,Monthly,0,Not Churned
CUST09935,2021-10-26,Basic,32,58,USA,26-35,Social Media,3,12,0,2026-06-04,Monthly,0,Not Churned
CUST09936,2023-08-17,Basic,24,36,UK,36-45,Organic,3,12,1,2026-07-21,Monthly,0,Not Churned
CUST09937,2026-04-03,Standard,58,4,USA,18-25,Referral,4,12,0,2026-06-08,Annual,0,Not Churned
CUST09938,2025-06-07,Standard,62,14,Germany,18-25,Partner,2,13,0,2026-08-16,Monthly,0,Not Churned
CUST09939,2023-08-17,Premium,97,36,USA,36-45,Paid Ads,2,10,0,2026-08-27,Monthly,0,Not Churned
CUST09940,2021-12-25,Standard,58,56,Canada,46-55,Organic,5,4,0,2026-08-13,Annual,0,Not Churned
CUST09941,2024-09-10,Premium,97,23,India,46-55,Paid Ads,5,11,0,2026-06-02,Monthly,1,Competitor
CUST09942,2026-03-04,Basic,36,5,USA,18-25,Referral,4,13,0,2026-07-12,Monthly,0,Not Churned
CUST09943,2022-10-21,Basic,25,46,USA,18-25,Social Media,4,14,2,2026-07-28,Monthly,0,Not Churned
CUST09944,2025-05-08,Standard,63,15,India,36-45,Paid Ads,5,9,0,2026-08-25,Monthly,0,Not Churned
CUST09945,2024-09-10,Basic,25,23,USA,46-55,Organic,5,15,0,2026-06-25,Annual,0,Not Churned
CUST09946,2025-12-04,Basic,25,8,India,56+,Partner,4,11,0,2026-08-04,Monthly,0,Not Churned
CUST09947,2021-10-26,Basic,36,58,India,46-55,Social Media,4,12,0,2026-07-07,Monthly,0,Not Churned
CUST09948,2021-12-25,Basic,24,56,India,36-45,Organic,3,9,0,2026-07-02,Monthly,0,Not Churned
CUST09949,2025-09-05,Standard,56,11,UK,26-35,Social Media,3,9,1,2026-06-13,Monthly,1,Competitor
CUST09950,2026-01-03,Standard,68,7,Canada,18-25,Paid Ads,2,14,0,2026-06-29,Monthly,0,Not Churned
CUST09951,2024-09-10,Standard,67,23,India,18-25,Paid Ads,2,13,0,2026-07-12,Monthly,0,Not Churned
CUST09952,2022-11-20,Standard,64,45,USA,36-45,Social Media,1,14,1,2026-08-05,Monthly,1,Competitor
CUST09953,2022-10-21,Basic,33,46,India,18-25,Social Media,6,10,0,2026-06-15,Annual,0,Not Churned
CUST09954,2023-03-20,Basic,24,41,India,36-45,Paid Ads,5,8,0,2026-07-10,Annual,0,Not Churned
CUST09955,2024-05-13,Basic,27,27,Canada,36-45,Organic,3,17,0,2026-06-11,Monthly,0,Not Churned
CUST09956,2024-01-14,Basic,24,31,UK,18-25,Organic,0,16,1,2026-07-04,Annual,0,Not Churned
CUST09957,2022-09-21,Standard,57,47,India,46-55,Partner,3,15,1,2026-06-11,Annual,0,Not Churned
CUST09958,2022-03-25,Standard,56,53,India,36-45,Social Media,1,13,0,2026-06-07,Annual,0,Not Churned
CUST09959,2023-04-19,Standard,62,40,Canada,46-55,Paid Ads,0,9,0,2026-07-23,Monthly,0,Not Churned
CUST09960,2026-06-02,Basic,24,2,India,46-55,Paid Ads,6,10,2,2026-06-25,Annual,0,Not Churned
CUST09961,2022-12-20,Standard,67,44,India,26-35,Paid Ads,3,11,1,2026-08-12,Annual,0,Not Churned
CUST09962,2022-08-22,Standard,61,48,UK,26-35,Social Media,1,9,1,2026-06-13,Annual,0,Not Churned
CUST09963,2024-01-14,Standard,64,31,USA,18-25,Paid Ads,3,13,0,2026-07-03,Annual,0,Not Churned
CUST09964,2025-12-04,Standard,62,8,USA,36-45,Paid Ads,2,12,1,2026-06-21,Monthly,0,Not Churned
CUST09965,2026-07-02,Standard,65,1,Australia,36-45,Referral,2,12,1,2026-08-20,Monthly,0,Not Churned
CUST09966,2024-07-12,Standard,60,25,India,46-55,Organic,2,16,1,2026-08-12,Annual,0,Not Churned
CUST09967,2025-03-09,Standard,54,17,Canada,26-35,Organic,2,17,1,2026-07-21,Monthly,0,Not Churned
CUST09968,2024-02-13,Basic,27,30,India,36-45,Paid Ads,4,13,0,2026-08-17,Monthly,0,Not Churned
CUST09969,2024-08-11,Standard,63,24,UK,56+,Referral,5,15,0,2026-07-12,Monthly,1,Competitor
CUST09970,2024-01-14,Basic,24,31,Australia,36-45,Social Media,2,12,0,2026-08-15,Monthly,0,Not Churned
CUST09971,2022-05-24,Basic,27,51,USA,18-25,Paid Ads,1,9,0,2026-06-13,Monthly,0,Not Churned
CUST09972,2022-04-24,Premium,108,52,Canada,36-45,Organic,5,14,1,2026-06-21,Annual,0,Not Churned
CUST09973,2021-09-26,Premium,96,59,Australia,26-35,Paid Ads,4,7,1,2026-06-17,Annual,0,Not Churned
CUST09974,2025-07-07,Basic,25,13,India,18-25,Organic,3,9,0,2026-06-08,Monthly,0,Not Churned
CUST09975,2021-10-26,Standard,54,58,UK,26-35,Organic,1,15,0,2026-06-30,Monthly,0,Not Churned
CUST09976,2022-01-24,Basic,29,55,Australia,26-35,Referral,5,9,1,2026-08-02,Monthly,0,Not Churned
CUST09977,2025-05-08,Standard,65,15,USA,36-45,Partner,2,14,0,2026-08-08,Monthly,0,Not Churned
CUST09978,2024-06-12,Premium,100,26,India,26-35,Social Media,6,13,0,2026-07-13,Annual,0,Not Churned
CUST09979,2023-12-15,Premium,99,32,India,36-45,Social Media,7,12,0,2026-06-29,Monthly,0,Not Churned
CUST09980,2022-11-20,Standard,62,45,India,18-25,Referral,6,14,0,2026-07-27,Monthly,0,Not Churned
CUST09981,2023-09-16,Basic,35,35,India,18-25,Social Media,2,10,2,2026-07-22,Monthly,1,Payment Issues
CUST09982,2025-04-08,Standard,62,16,USA,18-25,Social Media,3,14,1,2026-07-19,Annual,0,Not Churned
CUST09983,2025-11-04,Basic,25,9,India,26-35,Referral,2,6,0,2026-07-12,Monthly,0,Not Churned
CUST09984,2025-01-08,Premium,108,19,India,26-35,Paid Ads,1,7,2,2026-06-17,Monthly,0,Not Churned
CUST09985,2023-04-19,Premium,108,40,USA,36-45,Organic,3,12,0,2026-07-10,Annual,0,Not Churned
CUST09986,2023-04-19,Standard,55,40,USA,56+,Paid Ads,5,11,2,2026-06-03,Monthly,1,Payment Issues
CUST09987,2022-10-21,Basic,32,46,USA,26-35,Partner,3,11,0,2026-08-28,Monthly,0,Not Churned
CUST09988,2022-05-24,Basic,24,51,UK,18-25,Referral,4,7,1,2026-06-10,Annual,0,Not Churned
CUST09989,2022-11-20,Basic,28,45,India,26-35,Organic,6,9,1,2026-07-20,Annual,0,Not Churned
CUST09990,2026-05-03,Premium,94,3,India,46-55,Referral,4,13,2,2026-08-05,Annual,0,Not Churned
CUST09991,2024-06-12,Standard,60,26,India,36-45,Paid Ads,4,7,1,2026-06-27,Annual,0,Not Churned
CUST09992,2023-07-18,Basic,32,37,USA,36-45,Partner,5,15,0,2026-08-27,Monthly,0,Not Churned
CUST09993,2025-12-04,Standard,59,8,India,18-25,Organic,3,12,2,2026-06-14,Annual,0,Not Churned
CUST09994,2026-02-02,Premium,107,6,Canada,18-25,Referral,2,17,0,2026-07-06,Monthly,0,Not Churned
CUST09995,2026-03-04,Basic,25,5,India,18-25,Referral,2,7,0,2026-07-26,Monthly,0,Not Churned
CUST09996,2024-11-09,Premium,99,21,Germany,46-55,Partner,2,11,0,2026-07-28,Monthly,0,Not Churned
CUST09997,2024-05-13,Premium,102,27,USA,26-35,Referral,3,10,0,2026-08-16,Annual,0,Not Churned
CUST09998,2022-12-20,Premium,96,44,USA,36-45,Social Media,3,17,1,2026-08-23,Monthly,0,Not Churned
CUST09999,2023-06-18,Basic,32,38,Canada,36-45,Organic,2,12,0,2026-08-10,Monthly,1,Pricing
CUST10000,2025-12-04,Basic,31,8,UK,36-45,Organic,4,15,1,2026-06-02,Monthly,0,Not Churned
